engine_model_id,manufacturer,model_name,engine_family,engine_type
1,A.C.E.,HIDR MARK III,,FAA_TYPE_1
2,A.C.E.,UPRI MARK III,,FAA_TYPE_1
3,AEROCONVER,AEROVEE,,FAA_TYPE_1
4,AEROCONVER,AEROVEE 2.1,,FAA_TYPE_1
5,AEROCONVER,AEROVEE 2.1 T,,FAA_TYPE_1
6,AEROMAX,100 IFB,,FAA_TYPE_1
7,AEROMOMENT,AM13 SERIES,,FAA_TYPE_8
8,AEROMOMENT,AM15 SERIES,,FAA_TYPE_8
9,AEROMOTORS,M-14PFXDK,,FAA_TYPE_1
10,AEROMOTORS,M14P-XEDK,,FAA_TYPE_1
11,AEROMOTORS,M14PF,,FAA_TYPE_1
12,AERONCA,E-113,,FAA_TYPE_1
13,AERONCA,E-113A,,FAA_TYPE_1
14,AERONCA,E-113B,,FAA_TYPE_1
15,AERONCA,E-113C,,FAA_TYPE_1
16,AERONCA,E-113CB,,FAA_TYPE_1
17,AERONCA,E-113CD,,FAA_TYPE_1
18,AERONCA,E-113CDB,,FAA_TYPE_1
19,AERONCA,E107A,,FAA_TYPE_1
20,AERONCA,E113 SERIES,,FAA_TYPE_1
21,AEROSPORT,CC-340,,FAA_TYPE_1
22,AEROSPORT,CC363I,,FAA_TYPE_1
23,AEROSPORT,ECIIO375M1SD,,FAA_TYPE_1
24,AEROSPORT,IO-360 SERIES,,FAA_TYPE_1
25,AEROSPORT,IO-360MI,,FAA_TYPE_1
26,AEROSPORT,IO-375 SERIES,,FAA_TYPE_1
27,AEROSPORT,IO-375-B1B,,FAA_TYPE_1
28,AEROSPORT,IO-375-M1,,FAA_TYPE_1
29,AEROSPORT,IO-375-M2S,,FAA_TYPE_1
30,AEROSPORT,IO-375M1S,,FAA_TYPE_1
31,AEROSPORT,IO-390,,FAA_TYPE_1
32,AEROSPORT,IO-400-M1S,,FAA_TYPE_1
33,AEROSPORT,IO-540-D4A5,,FAA_TYPE_1
34,AEROSPORT,IO-540-EXP,,FAA_TYPE_1
35,AEROSPORT,IO382 SERIES,,FAA_TYPE_8
36,AEROSPORT,O-320-D1A,,FAA_TYPE_1
37,AEROSPORT,O-360,,FAA_TYPE_1
38,AEROSPORT,O-360 A2A,,FAA_TYPE_1
39,AEROSPORT,O-360-A1A,,FAA_TYPE_1
40,AEROSPORT,O-375-A1A,,FAA_TYPE_1
41,AEROSPORT,O-375-A2A,,FAA_TYPE_1
42,AEROSPORT,O/IO-320 SER,,FAA_TYPE_1
43,AEROSPORT,O/IO-340 SERI,,FAA_TYPE_1
44,AEROSPORT,OX340,,FAA_TYPE_1
45,AEROSTAR,M-14P,,FAA_TYPE_1
46,AEROTEC,O-320,,FAA_TYPE_1
47,AEROTECNIK,MIKRON III,,FAA_TYPE_1
48,AEROVEE,2.0,,FAA_TYPE_8
49,AEROVEE,2.1,,FAA_TYPE_8
50,AEROVEE,2.1 TURBO,,FAA_TYPE_8
51,AEROVEE,2002,,FAA_TYPE_1
52,AEROVEE,2180,,FAA_TYPE_8
53,AIRESEARCH,331 SER 605HP,,FAA_TYPE_2
54,AIRESEARCH,331SER 1008HP,,FAA_TYPE_2
55,AIRESEARCH,331SER 705HP,,FAA_TYPE_2
56,AIRESEARCH,331SER 755HP,,FAA_TYPE_5
57,AIRESEARCH,331SER 904HP,,FAA_TYPE_2
58,AIRESEARCH,ATF3-6A-4C,,FAA_TYPE_4
59,AIRESEARCH,GTC-85-135,,FAA_TYPE_2
60,AIRESEARCH,TFE-732-2-1C,,FAA_TYPE_4
61,AIRESEARCH,TFE731 SER,,FAA_TYPE_4
62,AIRESEARCH,TFE731-3R-1H,,FAA_TYPE_5
63,AIRESEARCH,TPE-331-10UG,,FAA_TYPE_2
64,AIRESEARCH,TPE-331-5254K,,FAA_TYPE_2
65,AIRESEARCH,TPE331 SERIES,,FAA_TYPE_2
66,AIRESEARCH,TPE331-1,,FAA_TYPE_2
67,AIRESEARCH,TPE331-10,,FAA_TYPE_2
68,AIRESEARCH,TPE331-10A,,FAA_TYPE_2
69,AIRESEARCH,TPE331-10AV,,FAA_TYPE_2
70,AIRESEARCH,TPE331-10B,,FAA_TYPE_2
71,AIRESEARCH,TPE331-10G,,FAA_TYPE_2
72,AIRESEARCH,TPE331-10GP,,FAA_TYPE_2
73,AIRESEARCH,TPE331-10GR,,FAA_TYPE_2
74,AIRESEARCH,TPE331-10GT,,FAA_TYPE_2
75,AIRESEARCH,TPE331-10J,,FAA_TYPE_2
76,AIRESEARCH,TPE331-10N,,FAA_TYPE_2
77,AIRESEARCH,TPE331-10P,,FAA_TYPE_2
78,AIRESEARCH,TPE331-10R,,FAA_TYPE_2
79,AIRESEARCH,TPE331-10T,,FAA_TYPE_2
80,AIRESEARCH,TPE331-10U,,FAA_TYPE_2
81,AIRESEARCH,TPE331-10UA,,FAA_TYPE_2
82,AIRESEARCH,TPE331-10UF,,FAA_TYPE_2
83,AIRESEARCH,TPE331-10UGR,,FAA_TYPE_2
84,AIRESEARCH,TPE331-10UJ,,FAA_TYPE_2
85,AIRESEARCH,TPE331-10UK,,FAA_TYPE_2
86,AIRESEARCH,TPE331-10UR,,FAA_TYPE_2
87,AIRESEARCH,TPE331-11U,,FAA_TYPE_2
88,AIRESEARCH,TPE331-11UA,,FAA_TYPE_2
89,AIRESEARCH,TPE331-12,,FAA_TYPE_2
90,AIRESEARCH,TPE331-12B,,FAA_TYPE_2
91,AIRESEARCH,TPE331-12JR,,FAA_TYPE_2
92,AIRESEARCH,TPE331-12UA,,FAA_TYPE_2
93,AIRESEARCH,TPE331-12UAR,,FAA_TYPE_2
94,AIRESEARCH,TPE331-12UER,,FAA_TYPE_2
95,AIRESEARCH,TPE331-12UHR,,FAA_TYPE_2
96,AIRESEARCH,TPE331-1U,,FAA_TYPE_2
97,AIRESEARCH,TPE331-2,,FAA_TYPE_2
98,AIRESEARCH,TPE331-25A,,FAA_TYPE_2
99,AIRESEARCH,TPE331-25AA,,FAA_TYPE_2
100,AIRESEARCH,TPE331-25AB,,FAA_TYPE_2
101,AIRESEARCH,TPE331-25B,,FAA_TYPE_2
102,AIRESEARCH,TPE331-25C,,FAA_TYPE_2
103,AIRESEARCH,TPE331-25D,,FAA_TYPE_2
104,AIRESEARCH,TPE331-25DA,,FAA_TYPE_2
105,AIRESEARCH,TPE331-25DB,,FAA_TYPE_2
106,AIRESEARCH,TPE331-25E,,FAA_TYPE_2
107,AIRESEARCH,TPE331-25F,,FAA_TYPE_2
108,AIRESEARCH,TPE331-25FA,,FAA_TYPE_2
109,AIRESEARCH,TPE331-29A,,FAA_TYPE_2
110,AIRESEARCH,TPE331-2U,,FAA_TYPE_2
111,AIRESEARCH,TPE331-2UA,,FAA_TYPE_2
112,AIRESEARCH,TPE331-3,,FAA_TYPE_2
113,AIRESEARCH,TPE331-3U,,FAA_TYPE_2
114,AIRESEARCH,TPE331-3UW,,FAA_TYPE_2
115,AIRESEARCH,TPE331-3W,,FAA_TYPE_2
116,AIRESEARCH,TPE331-43,,FAA_TYPE_2
117,AIRESEARCH,TPE331-43-A,,FAA_TYPE_2
118,AIRESEARCH,TPE331-43-B,,FAA_TYPE_2
119,AIRESEARCH,TPE331-45,,FAA_TYPE_2
120,AIRESEARCH,TPE331-47,,FAA_TYPE_2
121,AIRESEARCH,TPE331-47-A,,FAA_TYPE_2
122,AIRESEARCH,TPE331-47-B,,FAA_TYPE_2
123,AIRESEARCH,TPE331-5,,FAA_TYPE_2
124,AIRESEARCH,TPE331-5&6SER,,FAA_TYPE_2
125,AIRESEARCH,TPE331-5-252M,,FAA_TYPE_2
126,AIRESEARCH,TPE331-51,,FAA_TYPE_2
127,AIRESEARCH,TPE331-55,,FAA_TYPE_2
128,AIRESEARCH,TPE331-55-A,,FAA_TYPE_2
129,AIRESEARCH,TPE331-55-B,,FAA_TYPE_2
130,AIRESEARCH,TPE331-57,,FAA_TYPE_2
131,AIRESEARCH,TPE331-57-B,,FAA_TYPE_2
132,AIRESEARCH,TPE331-5A,,FAA_TYPE_2
133,AIRESEARCH,TPE331-5AB,,FAA_TYPE_2
134,AIRESEARCH,TPE331-5B,,FAA_TYPE_2
135,AIRESEARCH,TPE331-5U,,FAA_TYPE_2
136,AIRESEARCH,TPE331-6,,FAA_TYPE_2
137,AIRESEARCH,TPE331-6-251M,,FAA_TYPE_2
138,AIRESEARCH,TPE331-61,,FAA_TYPE_2
139,AIRESEARCH,TPE331-61-A,,FAA_TYPE_2
140,AIRESEARCH,TPE331-6A,,FAA_TYPE_2
141,AIRESEARCH,TPE331-6U,,FAA_TYPE_2
142,AIRESEARCH,TPE331-8,,FAA_TYPE_2
143,AIRESEARCH,TPE331-8 SER,,FAA_TYPE_2
144,AIRESEARCH,TPE331-8A,,FAA_TYPE_2
145,AIRESEARCH,TPE331-9,,FAA_TYPE_2
146,AIRESEARCH,TPE331-9U,,FAA_TYPE_2
147,AIRESEARCH,TSE331 SERIES,,FAA_TYPE_3
148,AIRESEARCH,TSE331-3U,,FAA_TYPE_3
149,AIRESEARCH,TSE36-1,,FAA_TYPE_3
150,ALISPORT,A302EFI,,FAA_TYPE_1
151,ALLIANCE,HESS WARRIOR,,FAA_TYPE_1
152,ALLIANCE,TPE331-1UA,,FAA_TYPE_2
153,ALLIANCE,TPE331-2,,FAA_TYPE_2
154,ALLIED SIG,TPE331-47,,FAA_TYPE_2
155,ALLIEDSIGN,AL5512,,FAA_TYPE_3
156,ALLIEDSIGN,ALF502L,,FAA_TYPE_5
157,ALLIEDSIGN,ALF502L-2,,FAA_TYPE_5
158,ALLIEDSIGN,ALF502L-2A,,FAA_TYPE_5
159,ALLIEDSIGN,ALF502L-2C,,FAA_TYPE_5
160,ALLIEDSIGN,ALF502L-3,,FAA_TYPE_5
161,ALLIEDSIGN,ALF502R-3,,FAA_TYPE_5
162,ALLIEDSIGN,ALF502R-3A,,FAA_TYPE_5
163,ALLIEDSIGN,ALF502R-4,,FAA_TYPE_5
164,ALLIEDSIGN,ALF502R-5,,FAA_TYPE_5
165,ALLIEDSIGN,ALF502R-6,,FAA_TYPE_5
166,ALLIEDSIGN,ALF507-1F,,FAA_TYPE_5
167,ALLIEDSIGN,ALF507-1H,,FAA_TYPE_5
168,ALLIEDSIGN,ATF3-6,,FAA_TYPE_5
169,ALLIEDSIGN,ATF3-6A,,FAA_TYPE_5
170,ALLIEDSIGN,CFE-738 SER,,FAA_TYPE_5
171,ALLIEDSIGN,LF507-1F,,FAA_TYPE_4
172,ALLIEDSIGN,LTC1B-1,,FAA_TYPE_3
173,ALLIEDSIGN,LTP101-600,,FAA_TYPE_2
174,ALLIEDSIGN,LTP101-600A,,FAA_TYPE_2
175,ALLIEDSIGN,LTP101-600A1A,,FAA_TYPE_2
176,ALLIEDSIGN,LTP101-700A1A,,FAA_TYPE_2
177,ALLIEDSIGN,LTS101-750B-1,,FAA_TYPE_3
178,ALLIEDSIGN,T5307A,,FAA_TYPE_2
179,ALLIEDSIGN,T5309A,,FAA_TYPE_3
180,ALLIEDSIGN,T5309B,,FAA_TYPE_3
181,ALLIEDSIGN,T5309C,,FAA_TYPE_3
182,ALLIEDSIGN,T5311A,,FAA_TYPE_3
183,ALLIEDSIGN,T5311B,,FAA_TYPE_3
184,ALLIEDSIGN,T5313B,,FAA_TYPE_3
185,ALLIEDSIGN,T5317A,,FAA_TYPE_3
186,ALLIEDSIGN,T5317A-1,,FAA_TYPE_3
187,ALLIEDSIGN,T5317B,,FAA_TYPE_3
188,ALLIEDSIGN,T5508D,,FAA_TYPE_3
189,ALLIEDSIGN,TFE 731-2B,,FAA_TYPE_4
190,ALLIEDSIGN,TFE731 SERIES,,FAA_TYPE_5
191,ALLIEDSIGN,TFE731-2,,FAA_TYPE_5
192,ALLIEDSIGN,TFE731-20,,FAA_TYPE_5
193,ALLIEDSIGN,TFE731-20AR,,FAA_TYPE_5
194,ALLIEDSIGN,TFE731-20BR,,FAA_TYPE_5
195,ALLIEDSIGN,TFE731-20R,,FAA_TYPE_5
196,ALLIEDSIGN,TFE731-2A,,FAA_TYPE_5
197,ALLIEDSIGN,TFE731-2BR,,FAA_TYPE_5
198,ALLIEDSIGN,TFE731-2C,,FAA_TYPE_5
199,ALLIEDSIGN,TFE731-3,,FAA_TYPE_5
200,ALLIEDSIGN,TFE731-3A,,FAA_TYPE_5
201,ALLIEDSIGN,TFE731-3AR,,FAA_TYPE_5
202,ALLIEDSIGN,TFE731-3B,,FAA_TYPE_5
203,ALLIEDSIGN,TFE731-3BR,,FAA_TYPE_5
204,ALLIEDSIGN,TFE731-3C,,FAA_TYPE_5
205,ALLIEDSIGN,TFE731-3CR,,FAA_TYPE_5
206,ALLIEDSIGN,TFE731-3D,,FAA_TYPE_5
207,ALLIEDSIGN,TFE731-3DR,,FAA_TYPE_5
208,ALLIEDSIGN,TFE731-3R,,FAA_TYPE_5
209,ALLIEDSIGN,TFE731-4,,FAA_TYPE_5
210,ALLIEDSIGN,TFE731-40,,FAA_TYPE_5
211,ALLIEDSIGN,TFE731-40-1C,,FAA_TYPE_5
212,ALLIEDSIGN,TFE731-40AR,,FAA_TYPE_5
213,ALLIEDSIGN,TFE731-40R,,FAA_TYPE_5
214,ALLIEDSIGN,TFE731-4R,,FAA_TYPE_5
215,ALLIEDSIGN,TFE731-5,,FAA_TYPE_5
216,ALLIEDSIGN,TFE731-5A,,FAA_TYPE_5
217,ALLIEDSIGN,TFE731-5AR,,FAA_TYPE_5
218,ALLIEDSIGN,TFE731-5B,,FAA_TYPE_5
219,ALLIEDSIGN,TFE731-5BR,,FAA_TYPE_5
220,ALLIEDSIGN,TFE731-5BR-C1,,FAA_TYPE_5
221,ALLIEDSIGN,TFE731-5R,,FAA_TYPE_5
222,ALLIEDSIGN,TFE731-60,,FAA_TYPE_5
223,ALLIEDSIGN,TPE 331 SER,,FAA_TYPE_5
224,ALLIEDSIGN,TPE-331-10UG,,FAA_TYPE_2
225,ALLIEDSIGN,TPE331-1,,FAA_TYPE_2
226,ALLIEDSIGN,TPE331-10,,FAA_TYPE_2
227,ALLIEDSIGN,TPE331-10A,,FAA_TYPE_2
228,ALLIEDSIGN,TPE331-10AV,,FAA_TYPE_2
229,ALLIEDSIGN,TPE331-10B,,FAA_TYPE_2
230,ALLIEDSIGN,TPE331-10G,,FAA_TYPE_2
231,ALLIEDSIGN,TPE331-10GP,,FAA_TYPE_2
232,ALLIEDSIGN,TPE331-10GR,,FAA_TYPE_2
233,ALLIEDSIGN,TPE331-10GT,,FAA_TYPE_2
234,ALLIEDSIGN,TPE331-10J,,FAA_TYPE_2
235,ALLIEDSIGN,TPE331-10N,,FAA_TYPE_2
236,ALLIEDSIGN,TPE331-10P,,FAA_TYPE_2
237,ALLIEDSIGN,TPE331-10R,,FAA_TYPE_2
238,ALLIEDSIGN,TPE331-10T,,FAA_TYPE_2
239,ALLIEDSIGN,TPE331-10U,,FAA_TYPE_2
240,ALLIEDSIGN,TPE331-10UA,,FAA_TYPE_2
241,ALLIEDSIGN,TPE331-10UF,,FAA_TYPE_2
242,ALLIEDSIGN,TPE331-10UGR,,FAA_TYPE_2
243,ALLIEDSIGN,TPE331-10UJ,,FAA_TYPE_2
244,ALLIEDSIGN,TPE331-10UK,,FAA_TYPE_2
245,ALLIEDSIGN,TPE331-10UR,,FAA_TYPE_2
246,ALLIEDSIGN,TPE331-11U,,FAA_TYPE_2
247,ALLIEDSIGN,TPE331-11UA,,FAA_TYPE_2
248,ALLIEDSIGN,TPE331-12,,FAA_TYPE_2
249,ALLIEDSIGN,TPE331-12B,,FAA_TYPE_2
250,ALLIEDSIGN,TPE331-12JR,,FAA_TYPE_2
251,ALLIEDSIGN,TPE331-12UA,,FAA_TYPE_2
252,ALLIEDSIGN,TPE331-12UAR,,FAA_TYPE_2
253,ALLIEDSIGN,TPE331-12UER,,FAA_TYPE_2
254,ALLIEDSIGN,TPE331-12UHR,,FAA_TYPE_2
255,ALLIEDSIGN,TPE331-14A,,FAA_TYPE_2
256,ALLIEDSIGN,TPE331-14B,,FAA_TYPE_2
257,ALLIEDSIGN,TPE331-14F,,FAA_TYPE_2
258,ALLIEDSIGN,TPE331-14GR,,FAA_TYPE_2
259,ALLIEDSIGN,TPE331-14HR,,FAA_TYPE_2
260,ALLIEDSIGN,TPE331-15AW,,FAA_TYPE_2
261,ALLIEDSIGN,TPE331-1U,,FAA_TYPE_2
262,ALLIEDSIGN,TPE331-1UA,,FAA_TYPE_2
263,ALLIEDSIGN,TPE331-2,,FAA_TYPE_2
264,ALLIEDSIGN,TPE331-25A,,FAA_TYPE_2
265,ALLIEDSIGN,TPE331-25AA,,FAA_TYPE_2
266,ALLIEDSIGN,TPE331-25AB,,FAA_TYPE_2
267,ALLIEDSIGN,TPE331-25B,,FAA_TYPE_2
268,ALLIEDSIGN,TPE331-25C,,FAA_TYPE_2
269,ALLIEDSIGN,TPE331-25D,,FAA_TYPE_2
270,ALLIEDSIGN,TPE331-25DA,,FAA_TYPE_2
271,ALLIEDSIGN,TPE331-25DB,,FAA_TYPE_2
272,ALLIEDSIGN,TPE331-25E,,FAA_TYPE_2
273,ALLIEDSIGN,TPE331-25FA,,FAA_TYPE_2
274,ALLIEDSIGN,TPE331-29A,,FAA_TYPE_2
275,ALLIEDSIGN,TPE331-2U,,FAA_TYPE_2
276,ALLIEDSIGN,TPE331-2UA,,FAA_TYPE_2
277,ALLIEDSIGN,TPE331-3,,FAA_TYPE_2
278,ALLIEDSIGN,TPE331-3U,,FAA_TYPE_2
279,ALLIEDSIGN,TPE331-3UW,,FAA_TYPE_2
280,ALLIEDSIGN,TPE331-3W,,FAA_TYPE_2
281,ALLIEDSIGN,TPE331-43,,FAA_TYPE_2
282,ALLIEDSIGN,TPE331-43-A,,FAA_TYPE_2
283,ALLIEDSIGN,TPE331-43-B,,FAA_TYPE_2
284,ALLIEDSIGN,TPE331-45,,FAA_TYPE_2
285,ALLIEDSIGN,TPE331-47-A,,FAA_TYPE_2
286,ALLIEDSIGN,TPE331-47-B,,FAA_TYPE_2
287,ALLIEDSIGN,TPE331-5,,FAA_TYPE_2
288,ALLIEDSIGN,TPE331-51,,FAA_TYPE_2
289,ALLIEDSIGN,TPE331-55,,FAA_TYPE_2
290,ALLIEDSIGN,TPE331-55-A,,FAA_TYPE_2
291,ALLIEDSIGN,TPE331-55-B,,FAA_TYPE_2
292,ALLIEDSIGN,TPE331-57,,FAA_TYPE_2
293,ALLIEDSIGN,TPE331-57-B,,FAA_TYPE_2
294,ALLIEDSIGN,TPE331-5AB,,FAA_TYPE_2
295,ALLIEDSIGN,TPE331-5B,,FAA_TYPE_2
296,ALLIEDSIGN,TPE331-5U,,FAA_TYPE_2
297,ALLIEDSIGN,TPE331-6,,FAA_TYPE_2
298,ALLIEDSIGN,TPE331-61,,FAA_TYPE_2
299,ALLIEDSIGN,TPE331-61-A,,FAA_TYPE_2
300,ALLIEDSIGN,TPE331-6A,,FAA_TYPE_2
301,ALLIEDSIGN,TPE331-6U,,FAA_TYPE_2
302,ALLIEDSIGN,TPE331-8,,FAA_TYPE_2
303,ALLIEDSIGN,TPE331-8A,,FAA_TYPE_2
304,ALLIEDSIGN,TPE331-9,,FAA_TYPE_2
305,ALLIEDSIGN,TPE331-9U,,FAA_TYPE_2
306,ALLIEDSIGN,TSE331-3U,,FAA_TYPE_3
307,ALLISON,225-C10,,FAA_TYPE_3
308,ALLISON,225-C10A,,FAA_TYPE_3
309,ALLISON,250 SER,,FAA_TYPE_1
310,ALLISON,250 SER 250HP,,FAA_TYPE_2_3
311,ALLISON,250 SER 317HP,,FAA_TYPE_3
312,ALLISON,250 SER 400HP,,FAA_TYPE_2_3
313,ALLISON,250 SERIES,,FAA_TYPE_2
314,ALLISON,250-B15A,,FAA_TYPE_2
315,ALLISON,250-B15E,,FAA_TYPE_2
316,ALLISON,250-B15G,,FAA_TYPE_2
317,ALLISON,250-B17,,FAA_TYPE_2
318,ALLISON,250-B17 SER,,FAA_TYPE_2_3
319,ALLISON,250-B17B,,FAA_TYPE_2
320,ALLISON,250-B17C,,FAA_TYPE_2
321,ALLISON,250-B17D,,FAA_TYPE_2
322,ALLISON,250-B17E,,FAA_TYPE_2
323,ALLISON,250-B17F,,FAA_TYPE_2
324,ALLISON,250-B17F/1,,FAA_TYPE_2
325,ALLISON,250-B17F/2,,FAA_TYPE_2
326,ALLISON,250-C10,,FAA_TYPE_3
327,ALLISON,250-C10B,,FAA_TYPE_3
328,ALLISON,250-C10D,,FAA_TYPE_3
329,ALLISON,250-C18,,FAA_TYPE_3
330,ALLISON,250-C18A,,FAA_TYPE_3
331,ALLISON,250-C18B,,FAA_TYPE_3
332,ALLISON,250-C18C,,FAA_TYPE_3
333,ALLISON,250-C19,,FAA_TYPE_3
334,ALLISON,250-C20,,FAA_TYPE_3
335,ALLISON,250-C20 SER,,FAA_TYPE_2
336,ALLISON,250-C20B,,FAA_TYPE_3
337,ALLISON,250-C20C,,FAA_TYPE_3
338,ALLISON,250-C20F,,FAA_TYPE_3
339,ALLISON,250-C20J,,FAA_TYPE_3
340,ALLISON,250-C20R,,FAA_TYPE_3
341,ALLISON,250-C20R/1,,FAA_TYPE_3
342,ALLISON,250-C20R/2,,FAA_TYPE_3
343,ALLISON,250-C20R/4,,FAA_TYPE_3
344,ALLISON,250-C20S,,FAA_TYPE_3
345,ALLISON,250-C20W,,FAA_TYPE_3
346,ALLISON,250-C28,,FAA_TYPE_3
347,ALLISON,250-C28 SER,,FAA_TYPE_2_3
348,ALLISON,250-C28B,,FAA_TYPE_3
349,ALLISON,250-C28C,,FAA_TYPE_3
350,ALLISON,250-C30,,FAA_TYPE_3
351,ALLISON,250-C30 SER,,FAA_TYPE_3
352,ALLISON,250-C30G,,FAA_TYPE_3
353,ALLISON,250-C30G/2,,FAA_TYPE_3
354,ALLISON,250-C30M,,FAA_TYPE_3
355,ALLISON,250-C30P,,FAA_TYPE_3
356,ALLISON,250-C30R,,FAA_TYPE_3
357,ALLISON,250-C30R/1,,FAA_TYPE_3
358,ALLISON,250-C30R/3,,FAA_TYPE_3
359,ALLISON,250-C30R/3M,,FAA_TYPE_3
360,ALLISON,250-C30S,,FAA_TYPE_3
361,ALLISON,250-C30U,,FAA_TYPE_3
362,ALLISON,250-C40B,,FAA_TYPE_3
363,ALLISON,250-C47,,FAA_TYPE_3
364,ALLISON,250-C47B,,FAA_TYPE_3
365,ALLISON,250-C47M,,FAA_TYPE_3
366,ALLISON,501 SER,,FAA_TYPE_2
367,ALLISON,501-D13,,FAA_TYPE_2
368,ALLISON,501-D13 SER,,FAA_TYPE_2
369,ALLISON,501-D13A,,FAA_TYPE_2
370,ALLISON,501-D13D,,FAA_TYPE_2
371,ALLISON,501-D13E,,FAA_TYPE_2
372,ALLISON,501-D13H,,FAA_TYPE_2
373,ALLISON,501-D22,,FAA_TYPE_2
374,ALLISON,501-D22A,,FAA_TYPE_2
375,ALLISON,501-D22C,,FAA_TYPE_2
376,ALLISON,501-D22G,,FAA_TYPE_2
377,ALLISON,502-D22G,,FAA_TYPE_2
378,ALLISON,A225-C10A,,FAA_TYPE_3
379,ALLISON,AE 1107C,,FAA_TYPE_3
380,ALLISON,AE 2100A,,FAA_TYPE_2
381,ALLISON,AE 2100C,,FAA_TYPE_2
382,ALLISON,AE 2100D2,,FAA_TYPE_2
383,ALLISON,AE 2100D3,,FAA_TYPE_2
384,ALLISON,AE 2100J,,FAA_TYPE_2
385,ALLISON,AE 3007A,,FAA_TYPE_5
386,ALLISON,AE 3007A1,,FAA_TYPE_5
387,ALLISON,AE 3007A1/1,,FAA_TYPE_5
388,ALLISON,AE 3007A1/2,,FAA_TYPE_5
389,ALLISON,AE 3007A1/3,,FAA_TYPE_5
390,ALLISON,AE 3007A1E,,FAA_TYPE_5
391,ALLISON,AE 3007A1P,,FAA_TYPE_5
392,ALLISON,AE 3007A3,,FAA_TYPE_5
393,ALLISON,AE 3007C,,FAA_TYPE_5
394,ALLISON,AE 3007C1,,FAA_TYPE_5
395,ALLISON,AE2100SER,,FAA_TYPE_2
396,ALLISON,AE3007C SER,,FAA_TYPE_5
397,ALLISON,J33-A SERIES,,FAA_TYPE_4
398,ALLISON,J35-A SERIES,,FAA_TYPE_4
399,ALLISON,T-56-A-10W,,FAA_TYPE_2
400,ALLISON,T-56-A-7 SER,,FAA_TYPE_2
401,ALLISON,T-56A-9,,FAA_TYPE_2
402,ALLISON,T56-10 SER,,FAA_TYPE_2
403,ALLISON,T56-A-14,,FAA_TYPE_2
404,ALLISON,T56-A-15 SER,,FAA_TYPE_2
405,ALLISON,T56-A-16,,FAA_TYPE_2
406,ALLISON,T56A11 SER,,FAA_TYPE_2
407,ALLISON,T63 SERIES,,FAA_TYPE_3
408,ALLISON,T63-A-5,,FAA_TYPE_3
409,ALLISON,T63-A-5A,,FAA_TYPE_3
410,ALLISON,T63-A-700,,FAA_TYPE_3
411,ALLISON,T63-A-720,,FAA_TYPE_3
412,ALLISON,T703-AD-700,,FAA_TYPE_3
413,ALLISON,T703-AD-700B,,FAA_TYPE_3
414,ALLISON,V1710 SER,,FAA_TYPE_1
415,ALLISON,V1710 SERIES,,FAA_TYPE_3
416,ALVIS,502/5A,,FAA_TYPE_1
417,ALVIS,502/6A,,FAA_TYPE_1
418,ALVIS,502/7A,,FAA_TYPE_1
419,ALVIS,502/8,,FAA_TYPE_1
420,ALVIS,503/5A,,FAA_TYPE_1
421,ALVIS,503/6A,,FAA_TYPE_1
422,ALVIS,503/7A,,FAA_TYPE_1
423,ALVIS,503/8,,FAA_TYPE_1
424,ALVIS,504/5A,,FAA_TYPE_1
425,ALVIS,504/6A,,FAA_TYPE_1
426,ALVIS,504/7A,,FAA_TYPE_1
427,ALVIS,504/8,,FAA_TYPE_1
428,ALVIS,514/5,,FAA_TYPE_1
429,ALVIS,514/5A,,FAA_TYPE_1
430,ALVIS,514/6,,FAA_TYPE_1
431,ALVIS,514/6A,,FAA_TYPE_1
432,ALVIS,514/7,,FAA_TYPE_1
433,ALVIS,514/7A,,FAA_TYPE_1
434,ALVIS,514/8,,FAA_TYPE_1
435,ALVIS,514/8A,,FAA_TYPE_1
436,ALVIS,514/SER,,FAA_TYPE_1
437,ALVIS,531/8,,FAA_TYPE_1
438,ALVIS,531/8B,,FAA_TYPE_1
439,AMA/EXPR,UNKNOWN ENG,,
440,AMERICAN,S5-125,,FAA_TYPE_1
441,AMES,TRS 18-046,,FAA_TYPE_4
442,ANZANI,W-3,,FAA_TYPE_1
443,ANZANI,Y,,FAA_TYPE_1
444,ARDEM,4 C02,,FAA_TYPE_1
445,ARGUS,AS10-P,,FAA_TYPE_1
446,ARGUS,AS10C-3,,FAA_TYPE_1
447,ARGUS,AS10R,,FAA_TYPE_1
448,ARGUS,AS410-A2,,FAA_TYPE_1
449,ARMST SIDD,GENET MARK 11,,FAA_TYPE_1
450,ARROW,V8F,,FAA_TYPE_1
451,ASZ,621R,,FAA_TYPE_1
452,AUDI,TDI,,FAA_TYPE_8
453,AUSTRO,AE330,,FAA_TYPE_8
454,AUSTRO,E4 SERIES,,FAA_TYPE_1
455,AUSTRO,E4(11OR),,FAA_TYPE_11
456,AUSTRO,E4-A,,FAA_TYPE_1
457,AUSTRO,E4-C,,FAA_TYPE_1
458,AUSTRO,E4P(SERIES),,FAA_TYPE_8
459,AUSTRO,IAE 50R-AA,,FAA_TYPE_11
460,AVIA,M-137A,,FAA_TYPE_1
461,AVIA,M337AK,,FAA_TYPE_1
462,AVIA,M462-RF,,FAA_TYPE_1
463,AVRO,ALF 507-1F,,FAA_TYPE_4
464,BARRETT,320 SERIES,,FAA_TYPE_1
465,BARRETT,540 SERIES,,FAA_TYPE_1
466,BARRETT,IO-360-X,,FAA_TYPE_1
467,BARRETT,IO-390-X,,FAA_TYPE_1
468,BARRETT,IO-540-X,,FAA_TYPE_1
469,BETA TECH,GENERATION 6,,FAA_TYPE_10
470,BETA TECH,H500A,,FAA_TYPE_10
471,BMS,EXPERIMENTAL,,FAA_TYPE_1
472,BMW,801D,,FAA_TYPE_1
473,BMW,R1200 SERIES,,FAA_TYPE_1
474,BMW ROLLS,BR 700 SERIES,,FAA_TYPE_5
475,BMW ROLLS,BR700-710A110,,FAA_TYPE_5
476,BMW ROLLS,BR700-710A220,,FAA_TYPE_5
477,BMW ROLLS,BR700-710C411,,FAA_TYPE_5
478,BMW ROLLS,BR700-715A130,,FAA_TYPE_5
479,BMW ROLLS,BR700-715B130,,FAA_TYPE_5
480,BMW ROLLS,BR700-715C130,,FAA_TYPE_5
481,BOMBARDIER,ROTAX (ALL),,FAA_TYPE_1
482,BOMBARDIER,ROTAX 912 F2,,FAA_TYPE_1
483,BOMBARDIER,ROTAX 912 F3,,FAA_TYPE_1
484,BOMBARDIER,ROTAX 912 F4,,FAA_TYPE_1
485,BOMBARDIER,ROTAX 912 S2,,FAA_TYPE_1
486,BOMBARDIER,ROTAX 912 S3,,FAA_TYPE_1
487,BOMBARDIER,ROTAX 912 S4,,FAA_TYPE_1
488,BOMBARDIER,ROTAX 914 F2,,FAA_TYPE_1
489,BOMBARDIER,ROTAX 914 F3,,FAA_TYPE_1
490,BOMBARDIER,ROTAX 914 F4,,FAA_TYPE_1
491,BREDA,SPA 6A,,FAA_TYPE_1
492,BRIST AERO,CNTURUSMK18,,FAA_TYPE_1
493,BRIST AERO,HERCULES,,FAA_TYPE_1
494,BRIST AERO,ORPHEUS 637,,FAA_TYPE_4
495,BRIST SID,GIPSY,,FAA_TYPE_1
496,BRIST SID,MARK 521,,FAA_TYPE_4
497,BRISTOL AE,PROTEUS 756,,FAA_TYPE_2
498,BRISTOL AE,PROTEUS 766,,FAA_TYPE_2
499,BRISTOL SI,AVON 522,,FAA_TYPE_4
500,BRISTOL SI,AVON 524B,,FAA_TYPE_4
501,BRISTOL SI,AVON 525B,,FAA_TYPE_4
502,BRISTOL SI,AVON 526,,FAA_TYPE_4
503,BRISTOL SI,AVON 527,,FAA_TYPE_4
504,BRISTOL SI,AVON 531,,FAA_TYPE_4
505,BRISTOL SI,AVON 532R-B,,FAA_TYPE_4
506,BRISTOL SI,AVON 533R,,FAA_TYPE_4
507,BRISTOL SI,AVON 533R-11A,,FAA_TYPE_4
508,BRISTOL SI,CENTAURUS 18,,FAA_TYPE_1
509,BRISTOL SI,H.1000 MK.510,,FAA_TYPE_3
510,BRISTOL SI,H.1000 MK.511,,FAA_TYPE_3
511,BRISTOL SI,H.1200 MK.610,,FAA_TYPE_3
512,BRISTOL SI,H.1200 MKS640,,FAA_TYPE_3
513,BRISTOL SI,H.1200 MKS641,,FAA_TYPE_3
514,BRISTOL SI,H.1200MKS640A,,FAA_TYPE_3
515,BRISTOL SI,H.1200MKS641A,,FAA_TYPE_3
516,BRP-ROTAX,914 F2,,FAA_TYPE_8
517,BRP-ROTAX,914 F3,,FAA_TYPE_8
518,BRP-ROTAX,914 F4,,FAA_TYPE_8
519,BRP-ROTAX,ROTAX 914 UL,,FAA_TYPE_2
520,C F E CO,CFE 738-1-1B,,FAA_TYPE_5
521,CAMIT,3300,,FAA_TYPE_1
522,CFM INTL,CFM56-2,,FAA_TYPE_5
523,CFM INTL,CFM56-2A,,FAA_TYPE_5
524,CFM INTL,CFM56-2B,,FAA_TYPE_5
525,CFM INTL,CFM56-3,,FAA_TYPE_5
526,CFM INTL,CFM56-3B,,FAA_TYPE_5
527,CFM INTL,CFM56-3B-1,,FAA_TYPE_5
528,CFM INTL,CFM56-3B2,,FAA_TYPE_5
529,CFM INTL,CFM56-3C,,FAA_TYPE_5
530,CFM INTL,CFM56-3C1,,FAA_TYPE_5
531,CFM INTL,CFM56-5,,FAA_TYPE_5
532,CFM INTL,CFM56-5-A1/F,,FAA_TYPE_5
533,CFM INTL,CFM56-5A,,FAA_TYPE_5
534,CFM INTL,CFM56-5A3,,FAA_TYPE_5
535,CFM INTL,CFM56-5A4,,FAA_TYPE_5
536,CFM INTL,CFM56-5A4/F,,FAA_TYPE_5
537,CFM INTL,CFM56-5A5,,FAA_TYPE_5
538,CFM INTL,CFM56-5A5/F,,FAA_TYPE_5
539,CFM INTL,CFM56-5B1,,FAA_TYPE_5
540,CFM INTL,CFM56-5B1/2P,,FAA_TYPE_5
541,CFM INTL,CFM56-5B1/P,,FAA_TYPE_5
542,CFM INTL,CFM56-5B2,,FAA_TYPE_5
543,CFM INTL,CFM56-5B2/2P,,FAA_TYPE_5
544,CFM INTL,CFM56-5B2/P,,FAA_TYPE_5
545,CFM INTL,CFM56-5B3/2P,,FAA_TYPE_5
546,CFM INTL,CFM56-5B3/2P1,,FAA_TYPE_5
547,CFM INTL,CFM56-5B3/3,,FAA_TYPE_5
548,CFM INTL,CFM56-5B3/P,,FAA_TYPE_5
549,CFM INTL,CFM56-5B3/P1,,FAA_TYPE_5
550,CFM INTL,CFM56-5B4,,FAA_TYPE_5
551,CFM INTL,CFM56-5B4/2P,,FAA_TYPE_5
552,CFM INTL,CFM56-5B4/2P1,,FAA_TYPE_5
553,CFM INTL,CFM56-5B4/3,,FAA_TYPE_5
554,CFM INTL,CFM56-5B4/P,,FAA_TYPE_5
555,CFM INTL,CFM56-5B4/P1,,FAA_TYPE_5
556,CFM INTL,CFM56-5B5,,FAA_TYPE_5
557,CFM INTL,CFM56-5B5/P,,FAA_TYPE_5
558,CFM INTL,CFM56-5B6,,FAA_TYPE_5
559,CFM INTL,CFM56-5B6/2P,,FAA_TYPE_5
560,CFM INTL,CFM56-5B6/3,,FAA_TYPE_5
561,CFM INTL,CFM56-5B6/P,,FAA_TYPE_5
562,CFM INTL,CFM56-5B7,,FAA_TYPE_5
563,CFM INTL,CFM56-5B7/3,,FAA_TYPE_5
564,CFM INTL,CFM56-5B7/P,,FAA_TYPE_5
565,CFM INTL,CFM56-5B8/P,,FAA_TYPE_5
566,CFM INTL,CFM56-5B9/2P,,FAA_TYPE_5
567,CFM INTL,CFM56-5B9/P,,FAA_TYPE_5
568,CFM INTL,CFM56-5C2,,FAA_TYPE_5
569,CFM INTL,CFM56-5C2/4,,FAA_TYPE_5
570,CFM INTL,CFM56-5C2/F,,FAA_TYPE_5
571,CFM INTL,CFM56-5C2/F4,,FAA_TYPE_5
572,CFM INTL,CFM56-5C2/G,,FAA_TYPE_5
573,CFM INTL,CFM56-5C2/G4,,FAA_TYPE_5
574,CFM INTL,CFM56-5C2/P,,FAA_TYPE_5
575,CFM INTL,CFM56-5C3/F,,FAA_TYPE_5
576,CFM INTL,CFM56-5C3/F4,,FAA_TYPE_5
577,CFM INTL,CFM56-5C3/G,,FAA_TYPE_5
578,CFM INTL,CFM56-5C3/G4,,FAA_TYPE_5
579,CFM INTL,CFM56-5C3/P,,FAA_TYPE_5
580,CFM INTL,CFM56-5C4,,FAA_TYPE_5
581,CFM INTL,CFM56-5C4/1,,FAA_TYPE_5
582,CFM INTL,CFM56-5C4/1P,,FAA_TYPE_5
583,CFM INTL,CFM56-5C4/P,,FAA_TYPE_5
584,CFM INTL,CFM56-7B/3,,FAA_TYPE_5
585,CFM INTL,CFM56-7B18,,FAA_TYPE_5
586,CFM INTL,CFM56-7B20,,FAA_TYPE_5
587,CFM INTL,CFM56-7B20/2,,FAA_TYPE_5
588,CFM INTL,CFM56-7B22,,FAA_TYPE_5
589,CFM INTL,CFM56-7B22/2,,FAA_TYPE_5
590,CFM INTL,CFM56-7B22/3,,FAA_TYPE_5
591,CFM INTL,CFM56-7B22/B1,,FAA_TYPE_5
592,CFM INTL,CFM56-7B22/B2,,FAA_TYPE_5
593,CFM INTL,CFM56-7B24,,FAA_TYPE_5
594,CFM INTL,CFM56-7B24/2,,FAA_TYPE_5
595,CFM INTL,CFM56-7B24/3,,FAA_TYPE_5
596,CFM INTL,CFM56-7B24/B1,,FAA_TYPE_5
597,CFM INTL,CFM56-7B24E,,FAA_TYPE_5
598,CFM INTL,CFM56-7B26,,FAA_TYPE_5
599,CFM INTL,CFM56-7B26/2,,FAA_TYPE_5
600,CFM INTL,CFM56-7B26/3,,FAA_TYPE_5
601,CFM INTL,CFM56-7B26/B1,,FAA_TYPE_5
602,CFM INTL,CFM56-7B26/B2,,FAA_TYPE_5
603,CFM INTL,CFM56-7B26E,,FAA_TYPE_5
604,CFM INTL,CFM56-7B27,,FAA_TYPE_5
605,CFM INTL,CFM56-7B27/2,,FAA_TYPE_5
606,CFM INTL,CFM56-7B27/3,,FAA_TYPE_5
607,CFM INTL,CFM56-7B27/B1,,FAA_TYPE_5
608,CFM INTL,CFM56-7B27/B3,,FAA_TYPE_5
609,CFM INTL,CFM56-7B27383,,FAA_TYPE_5
610,CFM INTL,CFM56-7B27A,,FAA_TYPE_5
611,CFM INTL,CFM56-7B27AE,,FAA_TYPE_5
612,CFM INTL,CFM56-7B27E,,FAA_TYPE_5
613,CFM INTL,CFM56-7B27E/B,,FAA_TYPE_5
614,CFM INTL,CFM56-7B27E/F,,FAA_TYPE_5
615,CFM INTL,CFM56-7B27EB3,,FAA_TYPE_5
616,CFM INTL,CFS56-5B3,,FAA_TYPE_5
617,CFM INTL,CFV56-7B,,FAA_TYPE_5
618,CFM INTL,LEAP-1A26,,FAA_TYPE_5
619,CFM INTL,LEAP-1A33,,FAA_TYPE_5
620,CFM INTL,LEAP-1A35A,,FAA_TYPE_5
621,CFM INTL,LEAP-1B25,,FAA_TYPE_5
622,CFM INTL,LEAP-1B27 SER,,FAA_TYPE_5
623,CFM INTL,LEAP-1B28 SER,,FAA_TYPE_5
624,CFM INTL,LEAP-1B28B,,FAA_TYPE_5
625,CFM INTL.,CFM56 SERIES,,FAA_TYPE_5
626,CFM INTL.,CFM56-5B9/3,,FAA_TYPE_5
627,CFM INTL.,CFM56-7B,,FAA_TYPE_5
628,CFX,CFX 800,,FAA_TYPE_1
629,CHEVROLET,LS3,,FAA_TYPE_8
630,CHEVROLET,LS7,,FAA_TYPE_8
631,CHEVROLET,LZ0,,FAA_TYPE_8
632,CHOTIA,ALL MDLS A/B,,FAA_TYPE_1
633,CIRRUS,MARK III,,FAA_TYPE_1
634,CKT AERO E,CKT-240TD,,FAA_TYPE_1
635,CLERGET,ROTARY,,FAA_TYPE_1
636,COLVIN,O-520-EXP,,FAA_TYPE_1
637,COMET,7E,,FAA_TYPE_1
638,COMET,7RA,,FAA_TYPE_1
639,COMPACT RA,MZ201,,FAA_TYPE_7
640,COMPACT RA,MZ202,,FAA_TYPE_7
641,COMPACT RA,MZ35,,FAA_TYPE_7
642,CONT,CD-170,,FAA_TYPE_8
643,CONT,IOX370 SERIES,,FAA_TYPE_8
644,CONT,TAE125-02-125,,FAA_TYPE_8
645,CONT,TITAN X-370,,FAA_TYPE_1
646,CONT,TITAN X340,,FAA_TYPE_1
647,CONT,XIO-370 SERIE,,FAA_TYPE_1
648,CONT AVN,CJ69-1025,,FAA_TYPE_4
649,CONT MOTOR,0-200 SERIES,,FAA_TYPE_1
650,CONT MOTOR,0-200-A,,FAA_TYPE_1
651,CONT MOTOR,0-200-C,,FAA_TYPE_1
652,CONT MOTOR,0-300 SER,,FAA_TYPE_1
653,CONT MOTOR,0-300-A,,FAA_TYPE_1
654,CONT MOTOR,0-300-B,,FAA_TYPE_1
655,CONT MOTOR,0-300-C,,FAA_TYPE_1
656,CONT MOTOR,0-300-D,,FAA_TYPE_1
657,CONT MOTOR,0-300-E,,FAA_TYPE_1
658,CONT MOTOR,0-470-11,,FAA_TYPE_1
659,CONT MOTOR,0-470-11B,,FAA_TYPE_1
660,CONT MOTOR,0-470-13,,FAA_TYPE_1
661,CONT MOTOR,0-470-13A,,FAA_TYPE_1
662,CONT MOTOR,0-470-15,,FAA_TYPE_1
663,CONT MOTOR,0-470-4,,FAA_TYPE_1
664,CONT MOTOR,200,,FAA_TYPE_8
665,CONT MOTOR,6-285-A,,FAA_TYPE_1
666,CONT MOTOR,6-320 SERIES,,FAA_TYPE_1
667,CONT MOTOR,6-320-B,,FAA_TYPE_1
668,CONT MOTOR,6-620-A,,FAA_TYPE_1
669,CONT MOTOR,A&C65 SERIES,,FAA_TYPE_1
670,CONT MOTOR,A&C75 SERIES,,FAA_TYPE_1
671,CONT MOTOR,A-100-1,,FAA_TYPE_1
672,CONT MOTOR,A-100-2,,FAA_TYPE_1
673,CONT MOTOR,A-40,,FAA_TYPE_1
674,CONT MOTOR,A-40-2,,FAA_TYPE_1
675,CONT MOTOR,A-40-3,,FAA_TYPE_1
676,CONT MOTOR,A-40-5,,FAA_TYPE_1
677,CONT MOTOR,A-50-1,,FAA_TYPE_1
678,CONT MOTOR,A-50-2,,FAA_TYPE_1
679,CONT MOTOR,A-50-3,,FAA_TYPE_1
680,CONT MOTOR,A-50-4,,FAA_TYPE_1
681,CONT MOTOR,A-50-4J,,FAA_TYPE_1
682,CONT MOTOR,A-50-5,,FAA_TYPE_1
683,CONT MOTOR,A-50-5J,,FAA_TYPE_1
684,CONT MOTOR,A-50-6,,FAA_TYPE_1
685,CONT MOTOR,A-50-6J,,FAA_TYPE_1
686,CONT MOTOR,A-50-7,,FAA_TYPE_1
687,CONT MOTOR,A-50-7J,,FAA_TYPE_1
688,CONT MOTOR,A-50-8,,FAA_TYPE_1
689,CONT MOTOR,A-50-8J,,FAA_TYPE_1
690,CONT MOTOR,A-50-9,,FAA_TYPE_1
691,CONT MOTOR,A-50-9J,,FAA_TYPE_1
692,CONT MOTOR,A-65 SER,,FAA_TYPE_1
693,CONT MOTOR,A-65-12,,FAA_TYPE_1
694,CONT MOTOR,A-65-12F,,FAA_TYPE_1
695,CONT MOTOR,A-65-12FJ,,FAA_TYPE_1
696,CONT MOTOR,A-65-12J,,FAA_TYPE_1
697,CONT MOTOR,A-65-14,,FAA_TYPE_1
698,CONT MOTOR,A-65-14F,,FAA_TYPE_1
699,CONT MOTOR,A-65-14FJ,,FAA_TYPE_1
700,CONT MOTOR,A-65-14J,,FAA_TYPE_1
701,CONT MOTOR,A-65-3,,FAA_TYPE_1
702,CONT MOTOR,A-65-6,,FAA_TYPE_1
703,CONT MOTOR,A-65-6J,,FAA_TYPE_1
704,CONT MOTOR,A-65-7,,FAA_TYPE_1
705,CONT MOTOR,A-65-8,,FAA_TYPE_1
706,CONT MOTOR,A-65-8F,,FAA_TYPE_1
707,CONT MOTOR,A-65-8FJ,,FAA_TYPE_1
708,CONT MOTOR,A-65-8J,,FAA_TYPE_1
709,CONT MOTOR,A-65-9,,FAA_TYPE_1
710,CONT MOTOR,A-65-9F,,FAA_TYPE_1
711,CONT MOTOR,A-65-9FJ,,FAA_TYPE_1
712,CONT MOTOR,A-65-9J,,FAA_TYPE_1
713,CONT MOTOR,A-70,,FAA_TYPE_1
714,CONT MOTOR,A-70-2,,FAA_TYPE_1
715,CONT MOTOR,A-75,,FAA_TYPE_1
716,CONT MOTOR,A-80-8,,FAA_TYPE_1
717,CONT MOTOR,A-80-9,,FAA_TYPE_1
718,CONT MOTOR,A100,,FAA_TYPE_1
719,CONT MOTOR,A40 SERIES,,FAA_TYPE_1
720,CONT MOTOR,A40-4,,FAA_TYPE_1
721,CONT MOTOR,A50 SERIES,,FAA_TYPE_1
722,CONT MOTOR,A70 SERIES,,FAA_TYPE_1
723,CONT MOTOR,A75-3,,FAA_TYPE_1
724,CONT MOTOR,A75-6,,FAA_TYPE_1
725,CONT MOTOR,A75-6J,,FAA_TYPE_1
726,CONT MOTOR,A75-8,,FAA_TYPE_1
727,CONT MOTOR,A75-8F,,FAA_TYPE_1
728,CONT MOTOR,A75-8FJ,,FAA_TYPE_1
729,CONT MOTOR,A75-8J,,FAA_TYPE_1
730,CONT MOTOR,A75-9,,FAA_TYPE_1
731,CONT MOTOR,A75-9J,,FAA_TYPE_1
732,CONT MOTOR,A80 SERIES,,FAA_TYPE_1
733,CONT MOTOR,C-115-1,,FAA_TYPE_1
734,CONT MOTOR,C-115-2,,FAA_TYPE_1
735,CONT MOTOR,C-125-1,,FAA_TYPE_1
736,CONT MOTOR,C-125-2,,FAA_TYPE_1
737,CONT MOTOR,C125 SERIES,,FAA_TYPE_1
738,CONT MOTOR,C145 SERIES,,FAA_TYPE_1
739,CONT MOTOR,C145-2,,FAA_TYPE_1
740,CONT MOTOR,C145-2H,,FAA_TYPE_1
741,CONT MOTOR,C145-2HP,,FAA_TYPE_1
742,CONT MOTOR,C75-12,,FAA_TYPE_1
743,CONT MOTOR,C75-12B,,FAA_TYPE_1
744,CONT MOTOR,C75-12BF,,FAA_TYPE_1
745,CONT MOTOR,C75-12BFH,,FAA_TYPE_1
746,CONT MOTOR,C75-12F,,FAA_TYPE_1
747,CONT MOTOR,C75-12FH,,FAA_TYPE_1
748,CONT MOTOR,C75-12FHJ,,FAA_TYPE_1
749,CONT MOTOR,C75-12FJ,,FAA_TYPE_1
750,CONT MOTOR,C75-12J,,FAA_TYPE_1
751,CONT MOTOR,C75-15,,FAA_TYPE_1
752,CONT MOTOR,C75-15F,,FAA_TYPE_1
753,CONT MOTOR,C75-8,,FAA_TYPE_1
754,CONT MOTOR,C75-8F,,FAA_TYPE_1
755,CONT MOTOR,C75-8FH,,FAA_TYPE_1
756,CONT MOTOR,C75-8FHJ,,FAA_TYPE_1
757,CONT MOTOR,C75-8FJ,,FAA_TYPE_1
758,CONT MOTOR,C75-8J,,FAA_TYPE_1
759,CONT MOTOR,C85 SERIES,,FAA_TYPE_1
760,CONT MOTOR,C85-12,,FAA_TYPE_1
761,CONT MOTOR,C85-12F,,FAA_TYPE_1
762,CONT MOTOR,C85-12FH,,FAA_TYPE_1
763,CONT MOTOR,C85-12FHJ,,FAA_TYPE_1
764,CONT MOTOR,C85-12FJ,,FAA_TYPE_1
765,CONT MOTOR,C85-12J,,FAA_TYPE_1
766,CONT MOTOR,C85-14F,,FAA_TYPE_1
767,CONT MOTOR,C85-15,,FAA_TYPE_1
768,CONT MOTOR,C85-15F,,FAA_TYPE_1
769,CONT MOTOR,C85-8,,FAA_TYPE_1
770,CONT MOTOR,C85-8F,,FAA_TYPE_1
771,CONT MOTOR,C85-8FHJ,,FAA_TYPE_1
772,CONT MOTOR,C85-8FJ,,FAA_TYPE_1
773,CONT MOTOR,C85-8J,,FAA_TYPE_1
774,CONT MOTOR,C90 SERIES,,FAA_TYPE_1
775,CONT MOTOR,C90-12F,,FAA_TYPE_1
776,CONT MOTOR,C90-12FH,,FAA_TYPE_1
777,CONT MOTOR,C90-12FJ,,FAA_TYPE_1
778,CONT MOTOR,C90-12FP,,FAA_TYPE_1
779,CONT MOTOR,C90-14F,,FAA_TYPE_1
780,CONT MOTOR,C90-14FH,,FAA_TYPE_1
781,CONT MOTOR,C90-14FJ,,FAA_TYPE_1
782,CONT MOTOR,C90-16F,,FAA_TYPE_1
783,CONT MOTOR,C90-8F,,FAA_TYPE_1
784,CONT MOTOR,C90-8FJ,,FAA_TYPE_1
785,CONT MOTOR,CD 100 SER,,FAA_TYPE_8
786,CONT MOTOR,CENTURION 3.0,,FAA_TYPE_2
787,CONT MOTOR,E-185-11,,FAA_TYPE_1
788,CONT MOTOR,E-TSIOF-550-P,,FAA_TYPE_1
789,CONT MOTOR,E165 SERIES,,FAA_TYPE_1
790,CONT MOTOR,E165-2,,FAA_TYPE_1
791,CONT MOTOR,E165-3,,FAA_TYPE_1
792,CONT MOTOR,E165-4,,FAA_TYPE_1
793,CONT MOTOR,E185 SERIES,,FAA_TYPE_1
794,CONT MOTOR,E185-1,,FAA_TYPE_1
795,CONT MOTOR,E185-10,,FAA_TYPE_1
796,CONT MOTOR,E185-2,,FAA_TYPE_1
797,CONT MOTOR,E185-3,,FAA_TYPE_1
798,CONT MOTOR,E185-5,,FAA_TYPE_1
799,CONT MOTOR,E185-8,,FAA_TYPE_1
800,CONT MOTOR,E185-9,,FAA_TYPE_1
801,CONT MOTOR,E225 SERIES,,FAA_TYPE_1
802,CONT MOTOR,E225-2,,FAA_TYPE_1
803,CONT MOTOR,E225-4,,FAA_TYPE_1
804,CONT MOTOR,E225-8,,FAA_TYPE_1
805,CONT MOTOR,E225-9,,FAA_TYPE_1
806,CONT MOTOR,FSO-470 SER,,FAA_TYPE_1
807,CONT MOTOR,FSO-470-A,,FAA_TYPE_1
808,CONT MOTOR,FSO-526,,FAA_TYPE_1
809,CONT MOTOR,FSO-526-A,,FAA_TYPE_1
810,CONT MOTOR,FSO-526-C,,FAA_TYPE_1
811,CONT MOTOR,GIO-244,,FAA_TYPE_1
812,CONT MOTOR,GIO-470-A,,FAA_TYPE_1
813,CONT MOTOR,GIO-470SERIES,,FAA_TYPE_1
814,CONT MOTOR,GO-300 SERIES,,FAA_TYPE_1
815,CONT MOTOR,GO-300-A,,FAA_TYPE_1
816,CONT MOTOR,GO-300-B,,FAA_TYPE_1
817,CONT MOTOR,GO-300-C,,FAA_TYPE_1
818,CONT MOTOR,GO-300-D,,FAA_TYPE_1
819,CONT MOTOR,GO-300-E,,FAA_TYPE_1
820,CONT MOTOR,GO-300-F,,FAA_TYPE_1
821,CONT MOTOR,GSO-526-A,,FAA_TYPE_1
822,CONT MOTOR,GTSI0-520-F-K,,FAA_TYPE_1
823,CONT MOTOR,GTSIO-520 SER,,FAA_TYPE_1_2
824,CONT MOTOR,GTSIO-520-C,,FAA_TYPE_1
825,CONT MOTOR,GTSIO-520-D,,FAA_TYPE_1
826,CONT MOTOR,GTSIO-520-E,,FAA_TYPE_1
827,CONT MOTOR,GTSIO-520-F,,FAA_TYPE_1
828,CONT MOTOR,GTSIO-520-H,,FAA_TYPE_1
829,CONT MOTOR,GTSIO-520-K,,FAA_TYPE_1
830,CONT MOTOR,GTSIO-520-L,,FAA_TYPE_1
831,CONT MOTOR,GTSIO-520-M,,FAA_TYPE_1
832,CONT MOTOR,GTSIO-520-N,,FAA_TYPE_1
833,CONT MOTOR,I0-470 SERIES,,FAA_TYPE_1
834,CONT MOTOR,IO 520 SERIES,,FAA_TYPE_1
835,CONT MOTOR,IO-200,,FAA_TYPE_1
836,CONT MOTOR,IO-240 SER,,FAA_TYPE_1
837,CONT MOTOR,IO-240-A,,FAA_TYPE_1
838,CONT MOTOR,IO-240-B,,FAA_TYPE_1
839,CONT MOTOR,IO-346 SERIES,,FAA_TYPE_1
840,CONT MOTOR,IO-346-A,,FAA_TYPE_1
841,CONT MOTOR,IO-346-B,,FAA_TYPE_1
842,CONT MOTOR,IO-360,,FAA_TYPE_8
843,CONT MOTOR,IO-360 SER,,FAA_TYPE_1
844,CONT MOTOR,IO-360-A,,FAA_TYPE_1
845,CONT MOTOR,IO-360-AB,,FAA_TYPE_1
846,CONT MOTOR,IO-360-B,,FAA_TYPE_1
847,CONT MOTOR,IO-360-C,,FAA_TYPE_1
848,CONT MOTOR,IO-360-CB,,FAA_TYPE_1
849,CONT MOTOR,IO-360-D,,FAA_TYPE_1
850,CONT MOTOR,IO-360-DB,,FAA_TYPE_1
851,CONT MOTOR,IO-360-E,,FAA_TYPE_1
852,CONT MOTOR,IO-360-ES,,FAA_TYPE_1
853,CONT MOTOR,IO-360-G,,FAA_TYPE_1
854,CONT MOTOR,IO-360-GB,,FAA_TYPE_1
855,CONT MOTOR,IO-360-H,,FAA_TYPE_1
856,CONT MOTOR,IO-360-HB,,FAA_TYPE_1
857,CONT MOTOR,IO-360-J,,FAA_TYPE_1
858,CONT MOTOR,IO-360-JB,,FAA_TYPE_1
859,CONT MOTOR,IO-360-K,,FAA_TYPE_1
860,CONT MOTOR,IO-360-KB,,FAA_TYPE_1
861,CONT MOTOR,IO-370-C1F,,FAA_TYPE_8
862,CONT MOTOR,IO-370-DA3A,,FAA_TYPE_1
863,CONT MOTOR,IO-470 SER,,FAA_TYPE_1
864,CONT MOTOR,IO-470-A,,FAA_TYPE_1
865,CONT MOTOR,IO-470-C,,FAA_TYPE_1
866,CONT MOTOR,IO-470-D,,FAA_TYPE_1
867,CONT MOTOR,IO-470-E,,FAA_TYPE_1
868,CONT MOTOR,IO-470-F,,FAA_TYPE_1
869,CONT MOTOR,IO-470-G,,FAA_TYPE_1
870,CONT MOTOR,IO-470-H,,FAA_TYPE_1
871,CONT MOTOR,IO-470-J,,FAA_TYPE_1
872,CONT MOTOR,IO-470-K,,FAA_TYPE_1
873,CONT MOTOR,IO-470-L,,FAA_TYPE_1
874,CONT MOTOR,IO-470-LO,,FAA_TYPE_1
875,CONT MOTOR,IO-470-M,,FAA_TYPE_1
876,CONT MOTOR,IO-470-N,,FAA_TYPE_1
877,CONT MOTOR,IO-470-P,,FAA_TYPE_1
878,CONT MOTOR,IO-470-R,,FAA_TYPE_1
879,CONT MOTOR,IO-470-S,,FAA_TYPE_1
880,CONT MOTOR,IO-470-T,,FAA_TYPE_1
881,CONT MOTOR,IO-470-U,,FAA_TYPE_1
882,CONT MOTOR,IO-470-V,,FAA_TYPE_1
883,CONT MOTOR,IO-470-VO,,FAA_TYPE_1
884,CONT MOTOR,IO-520-A,,FAA_TYPE_1
885,CONT MOTOR,IO-520-B,,FAA_TYPE_1
886,CONT MOTOR,IO-520-BA,,FAA_TYPE_1
887,CONT MOTOR,IO-520-BB,,FAA_TYPE_1
888,CONT MOTOR,IO-520-C,,FAA_TYPE_1
889,CONT MOTOR,IO-520-CB,,FAA_TYPE_1
890,CONT MOTOR,IO-520-D,,FAA_TYPE_1
891,CONT MOTOR,IO-520-E,,FAA_TYPE_1
892,CONT MOTOR,IO-520-F,,FAA_TYPE_1
893,CONT MOTOR,IO-520-J,,FAA_TYPE_1
894,CONT MOTOR,IO-520-K,,FAA_TYPE_1
895,CONT MOTOR,IO-520-L,,FAA_TYPE_1
896,CONT MOTOR,IO-520-L8B,,FAA_TYPE_8
897,CONT MOTOR,IO-520-M,,FAA_TYPE_1
898,CONT MOTOR,IO-520-MB,,FAA_TYPE_1
899,CONT MOTOR,IO-520-N,,FAA_TYPE_1
900,CONT MOTOR,IO-520-NB,,FAA_TYPE_1
901,CONT MOTOR,IO-540 SER,,FAA_TYPE_1
902,CONT MOTOR,IO-550 SERIES,,FAA_TYPE_1
903,CONT MOTOR,IO-550-A,,FAA_TYPE_1
904,CONT MOTOR,IO-550-B,,FAA_TYPE_1
905,CONT MOTOR,IO-550-C,,FAA_TYPE_1
906,CONT MOTOR,IO-550-D,,FAA_TYPE_1
907,CONT MOTOR,IO-550-E,,FAA_TYPE_1
908,CONT MOTOR,IO-550-F,,FAA_TYPE_1
909,CONT MOTOR,IO-550-G,,FAA_TYPE_1
910,CONT MOTOR,IO-550-L,,FAA_TYPE_1
911,CONT MOTOR,IO-550-N,,FAA_TYPE_1
912,CONT MOTOR,IO-550-P,,FAA_TYPE_1
913,CONT MOTOR,IO-550-R,,FAA_TYPE_1
914,CONT MOTOR,IO550C1F,,FAA_TYPE_1
915,CONT MOTOR,IOF-240-B,,FAA_TYPE_1
916,CONT MOTOR,IOF-550-B,,FAA_TYPE_1
917,CONT MOTOR,IOF-550-C,,FAA_TYPE_1
918,CONT MOTOR,IOF-550-D,,FAA_TYPE_1
919,CONT MOTOR,IOF-550-E,,FAA_TYPE_1
920,CONT MOTOR,IOF-550-F,,FAA_TYPE_1
921,CONT MOTOR,IOF-550-L,,FAA_TYPE_1
922,CONT MOTOR,IOF-550-N,,FAA_TYPE_1
923,CONT MOTOR,IOF-550-P,,FAA_TYPE_1
924,CONT MOTOR,IOF-550-R,,FAA_TYPE_1
925,CONT MOTOR,IOX340 SERIES,,FAA_TYPE_1
926,CONT MOTOR,L/IO-470-A,,FAA_TYPE_1
927,CONT MOTOR,L/IO-520-P,,FAA_TYPE_1
928,CONT MOTOR,LTSIO-360-E,,FAA_TYPE_1
929,CONT MOTOR,LTSIO-360-EB,,FAA_TYPE_1
930,CONT MOTOR,LTSIO-360-KB,,FAA_TYPE_1
931,CONT MOTOR,LTSIO-360-RB,,FAA_TYPE_1
932,CONT MOTOR,LTSIO-520-AE,,FAA_TYPE_1
933,CONT MOTOR,O 470R,,FAA_TYPE_1
934,CONT MOTOR,O-170,,FAA_TYPE_1
935,CONT MOTOR,O-200,,FAA_TYPE_8
936,CONT MOTOR,O-200-B,,FAA_TYPE_1
937,CONT MOTOR,O-200-D,,FAA_TYPE_8
938,CONT MOTOR,O-200A,,FAA_TYPE_8
939,CONT MOTOR,O-470 SERIES,,FAA_TYPE_1
940,CONT MOTOR,O-470-13A,,FAA_TYPE_1
941,CONT MOTOR,O-470-2,,FAA_TYPE_1
942,CONT MOTOR,O-470-A,,FAA_TYPE_1
943,CONT MOTOR,O-470-B,,FAA_TYPE_1
944,CONT MOTOR,O-470-E,,FAA_TYPE_1
945,CONT MOTOR,O-470-G,,FAA_TYPE_1
946,CONT MOTOR,O-470-H,,FAA_TYPE_1
947,CONT MOTOR,O-470-J,,FAA_TYPE_1
948,CONT MOTOR,O-470-K,,FAA_TYPE_1
949,CONT MOTOR,O-470-L,,FAA_TYPE_1
950,CONT MOTOR,O-470-M,,FAA_TYPE_1
951,CONT MOTOR,O-470-N,,FAA_TYPE_1
952,CONT MOTOR,O-470-P,,FAA_TYPE_1
953,CONT MOTOR,O-470-S,,FAA_TYPE_1
954,CONT MOTOR,O-470-T,,FAA_TYPE_1
955,CONT MOTOR,O-470-U,,FAA_TYPE_1
956,CONT MOTOR,O-520-F,,FAA_TYPE_1
957,CONT MOTOR,O-520-U/TS,,FAA_TYPE_1
958,CONT MOTOR,OX-340 SERIES,,FAA_TYPE_8
959,CONT MOTOR,OX370 SERIES,,FAA_TYPE_1
960,CONT MOTOR,PC60-6,,FAA_TYPE_1
961,CONT MOTOR,R-670,,FAA_TYPE_1
962,CONT MOTOR,R-670-A,,FAA_TYPE_1
963,CONT MOTOR,R-670-B,,FAA_TYPE_1
964,CONT MOTOR,R-670-C,,FAA_TYPE_1
965,CONT MOTOR,R-975 SER,,FAA_TYPE_1
966,CONT MOTOR,R670-SERIES,,FAA_TYPE_1
967,CONT MOTOR,R9A,,FAA_TYPE_1
968,CONT MOTOR,T6-320-A,,FAA_TYPE_1
969,CONT MOTOR,TIO 541 SERIE,,FAA_TYPE_1
970,CONT MOTOR,TP500,,FAA_TYPE_1
971,CONT MOTOR,TP500E,,FAA_TYPE_2
972,CONT MOTOR,TSI0-470-B,,FAA_TYPE_1
973,CONT MOTOR,TSIO-360 GB,,FAA_TYPE_1
974,CONT MOTOR,TSIO-360 SER,,FAA_TYPE_1
975,CONT MOTOR,TSIO-360-A,,FAA_TYPE_1
976,CONT MOTOR,TSIO-360-AB,,FAA_TYPE_1
977,CONT MOTOR,TSIO-360-B,,FAA_TYPE_1
978,CONT MOTOR,TSIO-360-BB,,FAA_TYPE_1
979,CONT MOTOR,TSIO-360-C,,FAA_TYPE_1
980,CONT MOTOR,TSIO-360-CB,,FAA_TYPE_1
981,CONT MOTOR,TSIO-360-D,,FAA_TYPE_1
982,CONT MOTOR,TSIO-360-DB,,FAA_TYPE_1
983,CONT MOTOR,TSIO-360-E,,FAA_TYPE_1
984,CONT MOTOR,TSIO-360-EB,,FAA_TYPE_1
985,CONT MOTOR,TSIO-360-F,,FAA_TYPE_1
986,CONT MOTOR,TSIO-360-FB,,FAA_TYPE_1
987,CONT MOTOR,TSIO-360-GB,,FAA_TYPE_1
988,CONT MOTOR,TSIO-360-H,,FAA_TYPE_1
989,CONT MOTOR,TSIO-360-HB,,FAA_TYPE_1
990,CONT MOTOR,TSIO-360-JB,,FAA_TYPE_1
991,CONT MOTOR,TSIO-360-KB,,FAA_TYPE_1
992,CONT MOTOR,TSIO-360-LB,,FAA_TYPE_1
993,CONT MOTOR,TSIO-360-MB,,FAA_TYPE_1
994,CONT MOTOR,TSIO-360-NB,,FAA_TYPE_1
995,CONT MOTOR,TSIO-360-PB,,FAA_TYPE_1
996,CONT MOTOR,TSIO-360-RB,,FAA_TYPE_1
997,CONT MOTOR,TSIO-360-SB,,FAA_TYPE_1
998,CONT MOTOR,TSIO-470 SER,,FAA_TYPE_1
999,CONT MOTOR,TSIO-470-C,,FAA_TYPE_1
1000,CONT MOTOR,TSIO-470-D,,FAA_TYPE_1
1001,CONT MOTOR,TSIO-520 SER,,FAA_TYPE_1
1002,CONT MOTOR,TSIO-520-A,,FAA_TYPE_1
1003,CONT MOTOR,TSIO-520-AE,,FAA_TYPE_1
1004,CONT MOTOR,TSIO-520-AF,,FAA_TYPE_1
1005,CONT MOTOR,TSIO-520-B,,FAA_TYPE_1
1006,CONT MOTOR,TSIO-520-BB,,FAA_TYPE_1
1007,CONT MOTOR,TSIO-520-BE,,FAA_TYPE_2
1008,CONT MOTOR,TSIO-520-C,,FAA_TYPE_1
1009,CONT MOTOR,TSIO-520-CE,,FAA_TYPE_1
1010,CONT MOTOR,TSIO-520-D,,FAA_TYPE_1
1011,CONT MOTOR,TSIO-520-DB,,FAA_TYPE_1
1012,CONT MOTOR,TSIO-520-E,,FAA_TYPE_1
1013,CONT MOTOR,TSIO-520-EB,,FAA_TYPE_1
1014,CONT MOTOR,TSIO-520-G,,FAA_TYPE_1
1015,CONT MOTOR,TSIO-520-H,,FAA_TYPE_1
1016,CONT MOTOR,TSIO-520-J,,FAA_TYPE_1
1017,CONT MOTOR,TSIO-520-JB,,FAA_TYPE_1
1018,CONT MOTOR,TSIO-520-K,,FAA_TYPE_1
1019,CONT MOTOR,TSIO-520-KB,,FAA_TYPE_1
1020,CONT MOTOR,TSIO-520-L,,FAA_TYPE_1
1021,CONT MOTOR,TSIO-520-LB,,FAA_TYPE_1
1022,CONT MOTOR,TSIO-520-M,,FAA_TYPE_1
1023,CONT MOTOR,TSIO-520-N,,FAA_TYPE_1
1024,CONT MOTOR,TSIO-520-NB,,FAA_TYPE_2
1025,CONT MOTOR,TSIO-520-P,,FAA_TYPE_1
1026,CONT MOTOR,TSIO-520-R,,FAA_TYPE_1
1027,CONT MOTOR,TSIO-520-T,,FAA_TYPE_1
1028,CONT MOTOR,TSIO-520-U,,FAA_TYPE_1
1029,CONT MOTOR,TSIO-520-UB,,FAA_TYPE_1_2
1030,CONT MOTOR,TSIO-520-VB,,FAA_TYPE_1
1031,CONT MOTOR,TSIO-520-WB,,FAA_TYPE_1
1032,CONT MOTOR,TSIO-550 SER,,FAA_TYPE_1
1033,CONT MOTOR,TSIO-550-A,,FAA_TYPE_1
1034,CONT MOTOR,TSIO-550-B,,FAA_TYPE_1
1035,CONT MOTOR,TSIO-550-C,,FAA_TYPE_1
1036,CONT MOTOR,TSIO-550-E,,FAA_TYPE_1
1037,CONT MOTOR,TSIO-550-G,,FAA_TYPE_1
1038,CONT MOTOR,TSIO-550-K,,FAA_TYPE_1
1039,CONT MOTOR,TSIO-550-N,,FAA_TYPE_1
1040,CONT MOTOR,TSIOF-550-H,,FAA_TYPE_1
1041,CONT MOTOR,TSIOF550-D,,FAA_TYPE_1
1042,CONT MOTOR,TSIOL-550-A,,FAA_TYPE_1
1043,CONT MOTOR,TSIOL-550-B,,FAA_TYPE_1
1044,CONT MOTOR,TSIOL-550-C,,FAA_TYPE_1
1045,CONT MOTOR,W-670K-1,,FAA_TYPE_1
1046,CONT MOTOR,W-670M-1,,FAA_TYPE_1
1047,CONT MOTOR,W670 SERIES,,FAA_TYPE_1
1048,CONT MOTOR,W670-16,,FAA_TYPE_1
1049,CONT MOTOR,W670-23,,FAA_TYPE_1
1050,CONT MOTOR,W670-24,,FAA_TYPE_1
1051,CONT MOTOR,W670-6A,,FAA_TYPE_1
1052,CONT MOTOR,W670-6N,,FAA_TYPE_1
1053,CONT MOTOR,W670-K,,FAA_TYPE_1
1054,CONT MOTOR,W670-M,,FAA_TYPE_1
1055,CORVAIR,100HP,,FAA_TYPE_1
1056,CORVAIR,110HP,,FAA_TYPE_1
1057,CORVAIR,120,,FAA_TYPE_1
1058,CORVAIR,164,,FAA_TYPE_1
1059,CORVAIR,2.7,,FAA_TYPE_1
1060,CORVAIR,2700,,FAA_TYPE_1
1061,CORVAIR,2850,,FAA_TYPE_1
1062,CORVAIR,3000 SERIES,,FAA_TYPE_8
1063,CORVAIR,GO-140,,FAA_TYPE_1
1064,CORVAIR,WW3.3,,FAA_TYPE_1
1065,CUBCRAFTER,CC340,,FAA_TYPE_8
1066,CUBCRAFTER,CC363I,,FAA_TYPE_8
1067,CURTISS,OX-5,,FAA_TYPE_1
1068,CURTISS,OXX-6,,FAA_TYPE_1
1069,CUYUNA,430R,,FAA_TYPE_1
1070,CUYUNA,ALL MDLS A/B,,FAA_TYPE_1
1071,CUYUNA,UL11-02,,FAA_TYPE_7
1072,DAIML BENZ,DB 605D,,FAA_TYPE_1
1073,DAIML BENZ,DB605A,,FAA_TYPE_1
1074,DAIML BENZ,DB605A1,,FAA_TYPE_1
1075,DEHAV ENG,GIPSY GRP 3,,FAA_TYPE_1
1076,DEHAV ENG,GIPSY MAJOR,,FAA_TYPE_1
1077,DEHAV ENG,GIPSY QUEEN,,FAA_TYPE_1
1078,DEHAV ENG,GOBLIN MK 2&3,,FAA_TYPE_4
1079,DEHAV ENG,GOBLIN MK 35,,FAA_TYPE_4
1080,DEHAV ENG,GQ 30 MK2,,FAA_TYPE_1
1081,DEHAV ENG,GQ 70-4,,FAA_TYPE_1
1082,DEHAV ENG,GQ 70MK2,,FAA_TYPE_1
1083,DEHAV ENG,GQ 70MK3,,FAA_TYPE_1
1084,DELTA HAWK,DH180A4,,FAA_TYPE_8
1085,DELTA HAWK,DW180VA,,FAA_TYPE_8
1086,DERWENT,MK-9,,FAA_TYPE_4
1087,DESERT ACF,DA-150,,FAA_TYPE_8
1088,DESERT ACF,DA-215,,FAA_TYPE_7
1089,DESERT ACF,DA-50-R,,FAA_TYPE_7
1090,DESERT ACF,DA-70,,FAA_TYPE_7
1091,DIAMOND,AE50R,,FAA_TYPE_7
1092,E.N.M.A.,GIV SERIES,,FAA_TYPE_1
1093,EAGLE IVEX,IO-360,,FAA_TYPE_8
1094,ECI,CC340,,FAA_TYPE_1
1095,ECI,DIO360A1L1N40,,FAA_TYPE_1
1096,ECI,EXPIO360A4B9N,,FAA_TYPE_1
1097,ECI,IO-360,,FAA_TYPE_1
1098,ECI,IOX-340S,,FAA_TYPE_1
1099,ECI,IOX-360,,FAA_TYPE_1
1100,ECI,IOX320B1L1N4,,FAA_TYPE_1
1101,ECI,O-340,,FAA_TYPE_1
1102,ECI,O360A1A,,FAA_TYPE_1
1103,ECI,OX-340CC,,FAA_TYPE_1
1104,ECI,XO-340,,FAA_TYPE_1
1105,EDGE,EP315ECI,,FAA_TYPE_8
1106,EDGE,EP912STI,,FAA_TYPE_8
1107,EDGE,EP917TI,,FAA_TYPE_8
1108,EDGE,EP918TI,,FAA_TYPE_8
1109,EDGE,EPEX 300 TI,,FAA_TYPE_8
1110,EGGENFELLN,E6T,,FAA_TYPE_1
1111,EMRAX,208,,FAA_TYPE_10
1112,EMRAX,228,,FAA_TYPE_10
1113,EMRAX,268,,FAA_TYPE_10
1114,ENGINE ALL,GP7270,,FAA_TYPE_5
1115,ENGINE ALL,GP7277,,FAA_TYPE_5
1116,ENSTROJ,EMRAX 228,,FAA_TYPE_10
1117,EPA POWER,SA-R917 SER,,FAA_TYPE_8
1118,EVINRUDE,STARFLITE,,FAA_TYPE_1
1119,FAIRCHILD,6-390,,FAA_TYPE_1
1120,FAIRCHILD,6-390 SERIES,,FAA_TYPE_1
1121,FAIRCHILD,6-390-B,,FAA_TYPE_1
1122,FAIRCHILD,6-390-D,,FAA_TYPE_1
1123,FAIRCHILD,6-390-D3,,FAA_TYPE_1
1124,FAIRCHILD,6-41-B1A,,FAA_TYPE_1
1125,FAIRCHILD,6-410 SERIES,,FAA_TYPE_1
1126,FAIRCHILD,6-410-B1,,FAA_TYPE_1
1127,FAIRCHILD,6-410-B2,,FAA_TYPE_1
1128,FAIRCHILD,6-410-B2A,,FAA_TYPE_1
1129,FAIRCHILD,6-410-B2B,,FAA_TYPE_1
1130,FAIRCHILD,6-410-B3,,FAA_TYPE_1
1131,FAIRCHILD,6-440 SERIES,,FAA_TYPE_1
1132,FAIRCHILD,6-440-C2,,FAA_TYPE_1
1133,FAIRCHILD,6-440-C3,,FAA_TYPE_1
1134,FAIRCHILD,6-440-C4,,FAA_TYPE_1
1135,FAIRCHILD,6-440-C5,,FAA_TYPE_1
1136,FAIRCHILD,FT-101E,,FAA_TYPE_4
1137,FAIRCHILD,SGV-770-B3,,FAA_TYPE_1
1138,FAIRCHILD,SGV-770-B4,,FAA_TYPE_1
1139,FAIRCHILD,SGV-770-B5,,FAA_TYPE_1
1140,FAIRCHILD,SGV-770-B7,,FAA_TYPE_1
1141,FAIRCHILD,SGV-770-G6,,FAA_TYPE_1
1142,FAIRCHILD,SGV-770C SER,,FAA_TYPE_1
1143,FAIRCHILD,SGV-770C-1,,FAA_TYPE_1
1144,FAIRCHILD,SGV-770C-1B,,FAA_TYPE_1
1145,FAIRCHILD,SGV-770C-1C,,FAA_TYPE_1
1146,FAIRCHILD,SGV-770C-2A,,FAA_TYPE_1
1147,FAIRCHILD,SGV-770C-2C,,FAA_TYPE_1
1148,FAIRCHILD,V-77 0-8,,FAA_TYPE_1
1149,FAIRCHILD,V-770-11,,FAA_TYPE_1
1150,FAIRCHILD,V-770-15,,FAA_TYPE_1
1151,FAIRCHILD,V-770-6,,FAA_TYPE_1
1152,FAIRCHILD,V-770-B4,,FAA_TYPE_1
1153,FAIRCHILD,V-770-SG,,FAA_TYPE_1
1154,FAIRCHILD,V-770B SERIES,,FAA_TYPE_1
1155,FIATE,MZ202,,FAA_TYPE_7
1156,FIREWALL F,CAM 100,,FAA_TYPE_1
1157,FORD,CONVERSION,,FAA_TYPE_1
1158,FORD,MODEL A,,FAA_TYPE_1
1159,FRANKLIN,0-425-1,,FAA_TYPE_1
1160,FRANKLIN,0-425-9,,FAA_TYPE_1
1161,FRANKLIN,220,,FAA_TYPE_1
1162,FRANKLIN,2A4 SERIES,,FAA_TYPE_1
1163,FRANKLIN,2A4-49-B2,,FAA_TYPE_1
1164,FRANKLIN,2A4-65-B2,,FAA_TYPE_1
1165,FRANKLIN,2AL-112-A2,,FAA_TYPE_1
1166,FRANKLIN,4A225 SERIES,,FAA_TYPE_1
1167,FRANKLIN,4A235 SERIES,,FAA_TYPE_1
1168,FRANKLIN,4A4100 SERIES,,FAA_TYPE_1
1169,FRANKLIN,4AC-176-B2,,FAA_TYPE_1
1170,FRANKLIN,4AC-176-B3,,FAA_TYPE_1
1171,FRANKLIN,4AC-176-BA2,,FAA_TYPE_1
1172,FRANKLIN,4AC-176-BA3,,FAA_TYPE_1
1173,FRANKLIN,4AC-176-C2,,FAA_TYPE_1
1174,FRANKLIN,4AC-176-C3,,FAA_TYPE_1
1175,FRANKLIN,4AC-176-D2,,FAA_TYPE_1
1176,FRANKLIN,4AC-176-D3,,FAA_TYPE_1
1177,FRANKLIN,4AC-176-F2,,FAA_TYPE_1
1178,FRANKLIN,4AC-176-F3,,FAA_TYPE_1
1179,FRANKLIN,4AC-199B3,,FAA_TYPE_1
1180,FRANKLIN,4AC-199D2,,FAA_TYPE_1
1181,FRANKLIN,4AC-199D3,,FAA_TYPE_1
1182,FRANKLIN,4AC-199E2,,FAA_TYPE_1
1183,FRANKLIN,4AC-A199B2,,FAA_TYPE_1
1184,FRANKLIN,4AC150-40,,FAA_TYPE_1
1185,FRANKLIN,4AC150-50,,FAA_TYPE_1
1186,FRANKLIN,4AC150-A,,FAA_TYPE_1
1187,FRANKLIN,4AC171,,FAA_TYPE_1
1188,FRANKLIN,4AC176B SER,,FAA_TYPE_1
1189,FRANKLIN,4AC176C-D-F,,FAA_TYPE_1
1190,FRANKLIN,4AC199B SER,,FAA_TYPE_1
1191,FRANKLIN,4AC199D&E SER,,FAA_TYPE_1
1192,FRANKLIN,4AC3-199HE,,FAA_TYPE_1
1193,FRANKLIN,4ACG199H3,,FAA_TYPE_1
1194,FRANKLIN,6A&6V335 SER,,FAA_TYPE_1
1195,FRANKLIN,6A-335-B1,,FAA_TYPE_1
1196,FRANKLIN,6A-350-C1,,FAA_TYPE_1
1197,FRANKLIN,6A-350-C2,,FAA_TYPE_1
1198,FRANKLIN,6A-350SER,,FAA_TYPE_1
1199,FRANKLIN,6A4150 SERIES,,FAA_TYPE_1
1200,FRANKLIN,6A4165 SERIES,,FAA_TYPE_1
1201,FRANKLIN,6A4200 SERIES,,FAA_TYPE_1
1202,FRANKLIN,6A8 SERIES,,FAA_TYPE_1
1203,FRANKLIN,6AC-264-D2,,FAA_TYPE_1
1204,FRANKLIN,6AC-264-D3,,FAA_TYPE_1
1205,FRANKLIN,6AC-264-F3,,FAA_TYPE_1
1206,FRANKLIN,6AC-298-D2,,FAA_TYPE_1
1207,FRANKLIN,6AC-298-D3,,FAA_TYPE_1
1208,FRANKLIN,6AC-298-E2,,FAA_TYPE_1
1209,FRANKLIN,6AC-298-E3,,FAA_TYPE_1
1210,FRANKLIN,6AC-298-F2,,FAA_TYPE_1
1211,FRANKLIN,6AC-298-F3,,FAA_TYPE_1
1212,FRANKLIN,6AC264 SERIES,,FAA_TYPE_1
1213,FRANKLIN,6AC298 SERIES,,FAA_TYPE_1
1214,FRANKLIN,6ACT-298-J4,,FAA_TYPE_1
1215,FRANKLIN,6ACT-298-J5,,FAA_TYPE_1
1216,FRANKLIN,6ACT-298-M4,,FAA_TYPE_1
1217,FRANKLIN,6ACT298 SER,,FAA_TYPE_1
1218,FRANKLIN,6AG4185 SER,,FAA_TYPE_1
1219,FRANKLIN,6V 350 SERIES,,FAA_TYPE_1
1220,FRANKLIN,6V-335 SERIES,,FAA_TYPE_1
1221,FRANKLIN,6V-335-A,,FAA_TYPE_1
1222,FRANKLIN,6V4 SERIES,,FAA_TYPE_1
1223,FRANKLIN,6V6 SERIES,,FAA_TYPE_1
1224,FRANKLIN,6V6-245-B16F,,FAA_TYPE_1
1225,FRANKLIN,6VS-335 SER,,FAA_TYPE_1
1226,FRANKLIN,O-335,,FAA_TYPE_1
1227,FRANKLIN,SPORT 4B1SER,,FAA_TYPE_1
1228,FUNK,FUNK E,,FAA_TYPE_1
1229,G & N,IO-320-GNX,,FAA_TYPE_1
1230,GARRETT,ATF 3 SERIES,,FAA_TYPE_4
1231,GARRETT,ATF3-6,,FAA_TYPE_5
1232,GARRETT,ATF3-6A,,FAA_TYPE_5
1233,GARRETT,T-76,,FAA_TYPE_2
1234,GARRETT,TFE731 SERIES,,FAA_TYPE_5
1235,GARRETT,TFE731-2,,FAA_TYPE_5
1236,GARRETT,TFE731-2-1C,,FAA_TYPE_5
1237,GARRETT,TFE731-2-2B,,FAA_TYPE_5
1238,GARRETT,TFE731-2A,,FAA_TYPE_5
1239,GARRETT,TFE731-2B,,FAA_TYPE_5
1240,GARRETT,TFE731-2BR,,FAA_TYPE_5
1241,GARRETT,TFE731-2C,,FAA_TYPE_5
1242,GARRETT,TFE731-3,,FAA_TYPE_5
1243,GARRETT,TFE731-3A,,FAA_TYPE_5
1244,GARRETT,TFE731-3AR,,FAA_TYPE_5
1245,GARRETT,TFE731-3B,,FAA_TYPE_5
1246,GARRETT,TFE731-3BR,,FAA_TYPE_5
1247,GARRETT,TFE731-3C,,FAA_TYPE_5
1248,GARRETT,TFE731-3CR,,FAA_TYPE_5
1249,GARRETT,TFE731-3D,,FAA_TYPE_5
1250,GARRETT,TFE731-3DR,,FAA_TYPE_5
1251,GARRETT,TFE731-3R,,FAA_TYPE_5
1252,GARRETT,TFE731-4,,FAA_TYPE_5
1253,GARRETT,TFE731-4R,,FAA_TYPE_5
1254,GARRETT,TFE731-5,,FAA_TYPE_5
1255,GARRETT,TFE731-5A,,FAA_TYPE_5
1256,GARRETT,TFE731-5AR,,FAA_TYPE_5
1257,GARRETT,TFE731-5B,,FAA_TYPE_5
1258,GARRETT,TFE731-5BR,,FAA_TYPE_5
1259,GARRETT,TFE731-5R,,FAA_TYPE_5
1260,GARRETT,TPE-331-10UG,,FAA_TYPE_2
1261,GARRETT,TPE331-1,,FAA_TYPE_1
1262,GARRETT,TPE331-10,,FAA_TYPE_2
1263,GARRETT,TPE331-10 SER,,FAA_TYPE_2
1264,GARRETT,TPE331-10A,,FAA_TYPE_2
1265,GARRETT,TPE331-10AV,,FAA_TYPE_2
1266,GARRETT,TPE331-10B,,FAA_TYPE_2
1267,GARRETT,TPE331-10G,,FAA_TYPE_2
1268,GARRETT,TPE331-10GP,,FAA_TYPE_2
1269,GARRETT,TPE331-10GR,,FAA_TYPE_2
1270,GARRETT,TPE331-10GT,,FAA_TYPE_2
1271,GARRETT,TPE331-10J,,FAA_TYPE_2
1272,GARRETT,TPE331-10N,,FAA_TYPE_2
1273,GARRETT,TPE331-10P,,FAA_TYPE_2
1274,GARRETT,TPE331-10R,,FAA_TYPE_2
1275,GARRETT,TPE331-10T,,FAA_TYPE_2
1276,GARRETT,TPE331-10U,,FAA_TYPE_2
1277,GARRETT,TPE331-10UA,,FAA_TYPE_2
1278,GARRETT,TPE331-10UF,,FAA_TYPE_2
1279,GARRETT,TPE331-10UGR,,FAA_TYPE_2
1280,GARRETT,TPE331-10UJ,,FAA_TYPE_2
1281,GARRETT,TPE331-10UK,,FAA_TYPE_2
1282,GARRETT,TPE331-10UR,,FAA_TYPE_2
1283,GARRETT,TPE331-11U,,FAA_TYPE_2
1284,GARRETT,TPE331-11UA,,FAA_TYPE_2
1285,GARRETT,TPE331-12,,FAA_TYPE_2
1286,GARRETT,TPE331-12B,,FAA_TYPE_2
1287,GARRETT,TPE331-12JR,,FAA_TYPE_2
1288,GARRETT,TPE331-12UA,,FAA_TYPE_2
1289,GARRETT,TPE331-12UAR,,FAA_TYPE_2
1290,GARRETT,TPE331-12UER,,FAA_TYPE_2
1291,GARRETT,TPE331-12UHR,,FAA_TYPE_2
1292,GARRETT,TPE331-14A,,FAA_TYPE_2
1293,GARRETT,TPE331-14B,,FAA_TYPE_2
1294,GARRETT,TPE331-14F,,FAA_TYPE_2
1295,GARRETT,TPE331-14GR,,FAA_TYPE_2
1296,GARRETT,TPE331-14HR,,FAA_TYPE_2
1297,GARRETT,TPE331-15AW,,FAA_TYPE_2
1298,GARRETT,TPE331-1U,,FAA_TYPE_2
1299,GARRETT,TPE331-1UA,,FAA_TYPE_2
1300,GARRETT,TPE331-2,,FAA_TYPE_2
1301,GARRETT,TPE331-25A,,FAA_TYPE_2
1302,GARRETT,TPE331-25AA,,FAA_TYPE_2
1303,GARRETT,TPE331-25AB,,FAA_TYPE_2
1304,GARRETT,TPE331-25B,,FAA_TYPE_2
1305,GARRETT,TPE331-25C,,FAA_TYPE_2
1306,GARRETT,TPE331-25D,,FAA_TYPE_2
1307,GARRETT,TPE331-25DA,,FAA_TYPE_2
1308,GARRETT,TPE331-25DB,,FAA_TYPE_2
1309,GARRETT,TPE331-25E,,FAA_TYPE_2
1310,GARRETT,TPE331-25F,,FAA_TYPE_2
1311,GARRETT,TPE331-25FA,,FAA_TYPE_2
1312,GARRETT,TPE331-29A,,FAA_TYPE_2
1313,GARRETT,TPE331-2U,,FAA_TYPE_2
1314,GARRETT,TPE331-2UA,,FAA_TYPE_2
1315,GARRETT,TPE331-3,,FAA_TYPE_2
1316,GARRETT,TPE331-3U,,FAA_TYPE_2
1317,GARRETT,TPE331-3UW,,FAA_TYPE_2
1318,GARRETT,TPE331-3W,,FAA_TYPE_2
1319,GARRETT,TPE331-43,,FAA_TYPE_2
1320,GARRETT,TPE331-43-A,,FAA_TYPE_2
1321,GARRETT,TPE331-43-B,,FAA_TYPE_2
1322,GARRETT,TPE331-45,,FAA_TYPE_2
1323,GARRETT,TPE331-47,,FAA_TYPE_2
1324,GARRETT,TPE331-47-A,,FAA_TYPE_2
1325,GARRETT,TPE331-47-B,,FAA_TYPE_2
1326,GARRETT,TPE331-5,,FAA_TYPE_2
1327,GARRETT,TPE331-51,,FAA_TYPE_2
1328,GARRETT,TPE331-55,,FAA_TYPE_2
1329,GARRETT,TPE331-55-A,,FAA_TYPE_2
1330,GARRETT,TPE331-55-B,,FAA_TYPE_2
1331,GARRETT,TPE331-57,,FAA_TYPE_2
1332,GARRETT,TPE331-57-B,,FAA_TYPE_2
1333,GARRETT,TPE331-5A,,FAA_TYPE_2
1334,GARRETT,TPE331-5AB,,FAA_TYPE_2
1335,GARRETT,TPE331-5B,,FAA_TYPE_2
1336,GARRETT,TPE331-5U,,FAA_TYPE_2
1337,GARRETT,TPE331-6,,FAA_TYPE_2
1338,GARRETT,TPE331-6-252B,,FAA_TYPE_2
1339,GARRETT,TPE331-61,,FAA_TYPE_2
1340,GARRETT,TPE331-61-A,,FAA_TYPE_2
1341,GARRETT,TPE331-6A,,FAA_TYPE_2
1342,GARRETT,TPE331-6U,,FAA_TYPE_2
1343,GARRETT,TPE331-8,,FAA_TYPE_2
1344,GARRETT,TPE331-8A,,FAA_TYPE_2
1345,GARRETT,TPE331-9,,FAA_TYPE_2
1346,GARRETT,TPE331-9U,,FAA_TYPE_2
1347,GARRETT,TSE331-10UA,,FAA_TYPE_3
1348,GARRETT,TSE331-3U,,FAA_TYPE_3
1349,GARRETT,TSE36-1,,FAA_TYPE_3
1350,GE,1300-CS1A,,FAA_TYPE_2
1351,GE,700-2D-2,,FAA_TYPE_4
1352,GE,CF-34-1A,,FAA_TYPE_5
1353,GE,CF34 SERIES,,FAA_TYPE_5
1354,GE,CF34-10E5,,FAA_TYPE_5
1355,GE,CF34-10E5A1,,FAA_TYPE_5
1356,GE,CF34-10E6,,FAA_TYPE_5
1357,GE,CF34-10E6A1,,FAA_TYPE_5
1358,GE,CF34-10E7 SER,,FAA_TYPE_5
1359,GE,CF34-3,,FAA_TYPE_5
1360,GE,CF34-3A,,FAA_TYPE_5
1361,GE,CF34-3A1,,FAA_TYPE_5
1362,GE,CF34-3A2,,FAA_TYPE_5
1363,GE,CF34-3B,,FAA_TYPE_5
1364,GE,CF34-3B1,,FAA_TYPE_5
1365,GE,CF34-8C1,,FAA_TYPE_5
1366,GE,CF34-8C5,,FAA_TYPE_5
1367,GE,CF34-8C5A1,,FAA_TYPE_5
1368,GE,CF34-8C5A2,,FAA_TYPE_5
1369,GE,CF34-8C5A3,,FAA_TYPE_5
1370,GE,CF34-8C5B1,,FAA_TYPE_5
1371,GE,CF34-8D1,,FAA_TYPE_5
1372,GE,CF34-8D3,,FAA_TYPE_5
1373,GE,CF34-8D5,,FAA_TYPE_5
1374,GE,CF34-8D6,,FAA_TYPE_5
1375,GE,CF34-8E2,,FAA_TYPE_5
1376,GE,CF34-8E2A1,,FAA_TYPE_5
1377,GE,CF34-8E5,,FAA_TYPE_5
1378,GE,CF34-8E5A1,,FAA_TYPE_5
1379,GE,CF34-8E5A2,,FAA_TYPE_5
1380,GE,CF34-8E6,,FAA_TYPE_5
1381,GE,CF34-8E6A1,,FAA_TYPE_5
1382,GE,CF6-45A,,FAA_TYPE_5
1383,GE,CF6-45A2,,FAA_TYPE_5
1384,GE,CF6-50 SER,,FAA_TYPE_5
1385,GE,CF6-50A,,FAA_TYPE_5
1386,GE,CF6-50C,,FAA_TYPE_5
1387,GE,CF6-50C1,,FAA_TYPE_5
1388,GE,CF6-50C2,,FAA_TYPE_5
1389,GE,CF6-50C2B,,FAA_TYPE_5
1390,GE,CF6-50C2D,,FAA_TYPE_5
1391,GE,CF6-50CA,,FAA_TYPE_5
1392,GE,CF6-50E,,FAA_TYPE_5
1393,GE,CF6-50E1,,FAA_TYPE_5
1394,GE,CF6-50E2,,FAA_TYPE_5
1395,GE,CF6-50E2B,,FAA_TYPE_5
1396,GE,CF6-6,,FAA_TYPE_5
1397,GE,CF6-6D,,FAA_TYPE_5
1398,GE,CF6-6D1,,FAA_TYPE_5
1399,GE,CF6-6D1A,,FAA_TYPE_5
1400,GE,CF6-6K,,FAA_TYPE_5
1401,GE,CF6-6K2,,FAA_TYPE_5
1402,GE,CF6-80 SERIES,,FAA_TYPE_5
1403,GE,CF6-80A,,FAA_TYPE_5
1404,GE,CF6-80A1,,FAA_TYPE_5
1405,GE,CF6-80A2,,FAA_TYPE_5
1406,GE,CF6-80A3,,FAA_TYPE_5
1407,GE,CF6-80C2A1,,FAA_TYPE_5
1408,GE,CF6-80C2A2,,FAA_TYPE_5
1409,GE,CF6-80C2A3,,FAA_TYPE_5
1410,GE,CF6-80C2A5,,FAA_TYPE_5
1411,GE,CF6-80C2A5F,,FAA_TYPE_5
1412,GE,CF6-80C2A8,,FAA_TYPE_5
1413,GE,CF6-80C2B1,,FAA_TYPE_5
1414,GE,CF6-80C2B1F,,FAA_TYPE_5
1415,GE,CF6-80C2B1F1,,FAA_TYPE_5
1416,GE,CF6-80C2B1F2,,FAA_TYPE_5
1417,GE,CF6-80C2B2,,FAA_TYPE_5
1418,GE,CF6-80C2B2F,,FAA_TYPE_5
1419,GE,CF6-80C2B3F,,FAA_TYPE_5
1420,GE,CF6-80C2B4,,FAA_TYPE_5
1421,GE,CF6-80C2B4F,,FAA_TYPE_5
1422,GE,CF6-80C2B5F,,FAA_TYPE_5
1423,GE,CF6-80C2B6,,FAA_TYPE_5
1424,GE,CF6-80C2B6F,,FAA_TYPE_5
1425,GE,CF6-80C2B6FA,,FAA_TYPE_5
1426,GE,CF6-80C2B7F,,FAA_TYPE_5
1427,GE,CF6-80C2B8F,,FAA_TYPE_5
1428,GE,CF6-80C2D1F,,FAA_TYPE_5
1429,GE,CF6-80C2L1F,,FAA_TYPE_5
1430,GE,CF6-80E1A1,,FAA_TYPE_5
1431,GE,CF6-80E1A2,,FAA_TYPE_5
1432,GE,CF6-80E1A3,,FAA_TYPE_5
1433,GE,CF6-80E1A4,,FAA_TYPE_5
1434,GE,CF6-80E1A4/B,,FAA_TYPE_5
1435,GE,CF700 SERIES,,FAA_TYPE_5
1436,GE,CF700-2C,,FAA_TYPE_5
1437,GE,CF700-2D,,FAA_TYPE_5
1438,GE,CF700-2D-2,,FAA_TYPE_5
1439,GE,CFM56 SERIES,,FAA_TYPE_5
1440,GE,CJ-610-4,,FAA_TYPE_4
1441,GE,CJ-610-8A,,FAA_TYPE_4
1442,GE,CJ610-1,,FAA_TYPE_4
1443,GE,CJ610-5,,FAA_TYPE_4
1444,GE,CJ610-5&6,,FAA_TYPE_4
1445,GE,CJ610-6,,FAA_TYPE_4
1446,GE,CJ610-8,,FAA_TYPE_4
1447,GE,CJ610-8&9,,FAA_TYPE_4
1448,GE,CJ610-9,,FAA_TYPE_4
1449,GE,CJ610-SER,,FAA_TYPE_4
1450,GE,CJ805-23,,FAA_TYPE_4
1451,GE,CJ805-23B,,FAA_TYPE_4
1452,GE,CJ805-23C,,FAA_TYPE_4
1453,GE,CJ805-3,,FAA_TYPE_4
1454,GE,CJ805-3A,,FAA_TYPE_4
1455,GE,CJ805-3B,,FAA_TYPE_4
1456,GE,CT58,,FAA_TYPE_3
1457,GE,CT58 SERIES,,FAA_TYPE_3
1458,GE,CT58-100-2,,FAA_TYPE_3
1459,GE,CT58-110-1,,FAA_TYPE_3
1460,GE,CT58-110-2,,FAA_TYPE_3
1461,GE,CT58-140-1,,FAA_TYPE_3
1462,GE,CT58-140-2,,FAA_TYPE_3
1463,GE,CT64-820-4,,FAA_TYPE_2
1464,GE,CT7,,FAA_TYPE_3
1465,GE,CT7 SERIES,,FAA_TYPE_3
1466,GE,CT7-2A,,FAA_TYPE_3
1467,GE,CT7-2D,,FAA_TYPE_3
1468,GE,CT7-2D1,,FAA_TYPE_3
1469,GE,CT7-5A2,,FAA_TYPE_2
1470,GE,CT7-5A3,,FAA_TYPE_2
1471,GE,CT7-6,,FAA_TYPE_3
1472,GE,CT7-6A,,FAA_TYPE_3
1473,GE,CT7-7A,,FAA_TYPE_2
1474,GE,CT7-7A1,,FAA_TYPE_2
1475,GE,CT7-8,,FAA_TYPE_3
1476,GE,CT7-8A,,FAA_TYPE_3
1477,GE,CT7-8A5,,FAA_TYPE_3
1478,GE,CT7-8A7,,FAA_TYPE_3
1479,GE,CT7-8B,,FAA_TYPE_3
1480,GE,CT7-8B5,,FAA_TYPE_3
1481,GE,CT7-8E,,FAA_TYPE_3
1482,GE,CT7-8E5,,FAA_TYPE_3
1483,GE,CT7-8F,,FAA_TYPE_3
1484,GE,CT7-8F5,,FAA_TYPE_3
1485,GE,CT7-9B,,FAA_TYPE_2
1486,GE,CT7-9B1,,FAA_TYPE_2
1487,GE,CT7-9B2,,FAA_TYPE_2
1488,GE,CT7-9C,,FAA_TYPE_2
1489,GE,CT7-9C3,,FAA_TYPE_2
1490,GE,CT7-9D,,FAA_TYPE_2
1491,GE,CT7-9D2,,FAA_TYPE_2
1492,GE,CT7-SER,,FAA_TYPE_2
1493,GE,CT7A-2A,,FAA_TYPE_3
1494,GE,F-404-GE-102,,FAA_TYPE_5
1495,GE,F-404-GE-102B,,FAA_TYPE_5
1496,GE,F110-GE-129E,,FAA_TYPE_5
1497,GE,F404-GE-102D,,FAA_TYPE_5
1498,GE,GE PASSPORT20,,FAA_TYPE_5
1499,GE,GE90 SERIES,,FAA_TYPE_5
1500,GE,GE90-110B1,,FAA_TYPE_5
1501,GE,GE90-113B,,FAA_TYPE_5
1502,GE,GE90-115B,,FAA_TYPE_5
1503,GE,GE90-76B,,FAA_TYPE_5
1504,GE,GE90-77B,,FAA_TYPE_5
1505,GE,GE90-85B,,FAA_TYPE_5
1506,GE,GE90-90B,,FAA_TYPE_5
1507,GE,GE90-94B,,FAA_TYPE_5
1508,GE,GE9X SERIES,,FAA_TYPE_5
1509,GE,GENX SERIES,,FAA_TYPE_5
1510,GE,GENX-1B54,,FAA_TYPE_5
1511,GE,GENX-1B54/P1,,FAA_TYPE_5
1512,GE,GENX-1B54/P2,,FAA_TYPE_5
1513,GE,GENX-1B58,,FAA_TYPE_5
1514,GE,GENX-1B58/P1,,FAA_TYPE_5
1515,GE,GENX-1B58/P2,,FAA_TYPE_5
1516,GE,GENX-1B64,,FAA_TYPE_5
1517,GE,GENX-1B64/P1,,FAA_TYPE_5
1518,GE,GENX-1B64/P2,,FAA_TYPE_5
1519,GE,GENX-1B67,,FAA_TYPE_5
1520,GE,GENX-1B67/P1,,FAA_TYPE_5
1521,GE,GENX-1B67/P2,,FAA_TYPE_5
1522,GE,GENX-1B70,,FAA_TYPE_5
1523,GE,GENX-1B70/72/,,FAA_TYPE_5
1524,GE,GENX-1B70/75/,,FAA_TYPE_5
1525,GE,GENX-1B70/P1,,FAA_TYPE_5
1526,GE,GENX-1B70/P2,,FAA_TYPE_5
1527,GE,GENX-1B74/75/,,FAA_TYPE_5
1528,GE,GENX-1B75/P1,,FAA_TYPE_5
1529,GE,GENX-1B75/P2,,FAA_TYPE_5
1530,GE,GENX-1B76/P2,,FAA_TYPE_5
1531,GE,GENX-1B76A/P2,,FAA_TYPE_5
1532,GE,GENX-1B78/P2,,FAA_TYPE_5
1533,GE,GENX-2B67,,FAA_TYPE_5
1534,GE,GENX-2B67/P,,FAA_TYPE_5
1535,GE,GENX-2B67B,,FAA_TYPE_5
1536,GE,H75-200,,FAA_TYPE_2
1537,GE,J-79-15A,,FAA_TYPE_4
1538,GE,J47 SERIES,,FAA_TYPE_4
1539,GE,J79-11B,,FAA_TYPE_4
1540,GE,J79-J1E,,FAA_TYPE_4
1541,GE,J85 SER,,FAA_TYPE_4
1542,GE,J85-17A,,FAA_TYPE_4
1543,GE,J85-21C,,FAA_TYPE_4
1544,GE,J85-5H,,FAA_TYPE_4
1545,GE,J85-GE-5A,,FAA_TYPE_4
1546,GE,JT79 SERIES,,FAA_TYPE_4
1547,GE,PASSPORT 20,,FAA_TYPE_5
1548,GE,PASSPRT 20-19,,FAA_TYPE_5
1549,GE,T58 SERIES,,FAA_TYPE_3
1550,GE,T58-GE-402,,FAA_TYPE_3
1551,GE,T58-GE-8B,,FAA_TYPE_3
1552,GE,T64-GE-10,,FAA_TYPE_3
1553,GE,T64-GE-413,,FAA_TYPE_3
1554,GE,T64-GE-416,,FAA_TYPE_3
1555,GE,T64-GE-419,,FAA_TYPE_3
1556,GE,T700 SERIES,,FAA_TYPE_3
1557,GE,T700-GE-401C,,FAA_TYPE_3
1558,GE,T700-GE-700,,FAA_TYPE_3
1559,GE,T700-GE-701,,FAA_TYPE_3
1560,GE,T700-GE-701C,,FAA_TYPE_3
1561,GE,T700-GE-701D,,FAA_TYPE_3
1562,GE,T701 SERIES,,FAA_TYPE_3
1563,GE,TG190B,,FAA_TYPE_4
1564,GE,YF-120,,FAA_TYPE_5
1565,GE,YT706-GE-700,,FAA_TYPE_3
1566,GE AV,H80,,FAA_TYPE_2
1567,GE AV,H80-100,,FAA_TYPE_2
1568,GE AV,H80-200,,FAA_TYPE_2
1569,GE AV,M601D-11,,FAA_TYPE_2
1570,GE AV,M601E-11,,FAA_TYPE_2
1571,GE AV,M601E-11A,,FAA_TYPE_2
1572,GE AV,M601E-11AS,,FAA_TYPE_2
1573,GE AV,M601E-11S,,FAA_TYPE_2
1574,GE AV,M601F,,FAA_TYPE_2
1575,GE AVN CZ,H75-100,,FAA_TYPE_2
1576,GE HONDA,HF-120,,FAA_TYPE_5
1577,GEIGER,HPD12,,FAA_TYPE_10
1578,GEIGER,HPD16,,FAA_TYPE_10
1579,GEORGE OLS,40,,FAA_TYPE_1
1580,GEORGE OLS,50,,FAA_TYPE_1
1581,GESCHWENDE,GFV-8-3,,FAA_TYPE_1
1582,GLADDEN,B-5,,FAA_TYPE_1
1583,GLADDEN,B-54,,FAA_TYPE_1
1584,GLADDEN,C-5,,FAA_TYPE_1
1585,GLADDEN,R-440-1,,FAA_TYPE_1
1586,GLADDEN,R-440-3,,FAA_TYPE_1
1587,GLADDEN,R-5 SERIES 2,,FAA_TYPE_1
1588,GLADDEN,R-540-1,,FAA_TYPE_1
1589,GLADDEN,R-540-2,,FAA_TYPE_1
1590,GLADDEN,R-55,,FAA_TYPE_1
1591,GLADDEN,R-56,,FAA_TYPE_1
1592,GM,CORVAIR,,FAA_TYPE_1
1593,GM,ECO TEC 2.4L,,FAA_TYPE_1
1594,GM,LS1,,FAA_TYPE_1
1595,GM,LS3,,FAA_TYPE_1
1596,GM,LS376,,FAA_TYPE_1
1597,GM,LS6,,FAA_TYPE_1
1598,GNOME,ROTARY,,FAA_TYPE_1
1599,GREATPLAIN,2180CC VW,,FAA_TYPE_1
1600,GREATPLAIN,2276CC,,FAA_TYPE_1
1601,GREATPLAIN,2276GP,,FAA_TYPE_1
1602,GREATPLAIN,GREATPLAIN VW,,FAA_TYPE_1
1603,GROB,2500 E 1,,FAA_TYPE_1
1604,GULF COAST,W670240,,FAA_TYPE_1
1605,HACKER,A60-18L,,FAA_TYPE_10
1606,HACKER,Q150 SERIES,,FAA_TYPE_10
1607,HACKER,Q80-7M V2,,FAA_TYPE_10
1608,HAPI,60,,FAA_TYPE_8
1609,HARLEY DAV,TWIN CAM 88B,,FAA_TYPE_1
1610,HEATH AVN,B4,,FAA_TYPE_1
1611,HERBRANDSE,DYAD-370 SERI,,FAA_TYPE_7
1612,HILLER,8RJ2B,,FAA_TYPE_1
1613,HIRTH,2701,,FAA_TYPE_1
1614,HIRTH,2702,,FAA_TYPE_7
1615,HIRTH,2703,,FAA_TYPE_7
1616,HIRTH,2704,,FAA_TYPE_7
1617,HIRTH,2705,,FAA_TYPE_7
1618,HIRTH,2706,,FAA_TYPE_7
1619,HIRTH,3003,,FAA_TYPE_7
1620,HIRTH,3202,,FAA_TYPE_7
1621,HIRTH,3203,,FAA_TYPE_7
1622,HIRTH,3500 SER,,FAA_TYPE_1
1623,HIRTH,3701,,FAA_TYPE_7
1624,HIRTH,3702,,FAA_TYPE_7
1625,HIRTH,4201,,FAA_TYPE_7
1626,HIRTH,F-23,,FAA_TYPE_7
1627,HIRTH,F-33,,FAA_TYPE_7
1628,HIRTH,F10,,FAA_TYPE_1
1629,HIRTH,F20,,FAA_TYPE_1
1630,HIRTH,F30,,FAA_TYPE_7
1631,HIRTH,FES VEN M100,,FAA_TYPE_7
1632,HIRTH,HM 504,,FAA_TYPE_1
1633,HISPANO,E,,FAA_TYPE_1
1634,HKS,700E,,FAA_TYPE_8
1635,HKS,700T,,FAA_TYPE_8
1636,HONDA,1.5L GDI,,FAA_TYPE_8
1637,HONDA,CIVIC,,FAA_TYPE_1
1638,HONDA,CX500,,FAA_TYPE_1
1639,HONDA,GS190,,FAA_TYPE_7
1640,HONDA,GX-35,,FAA_TYPE_8
1641,HONDA,J35A,,FAA_TYPE_1
1642,HONDA,J35L6,,FAA_TYPE_1
1643,HONDA,K24A4,,FAA_TYPE_8
1644,HONDA,VIKING,,FAA_TYPE_1
1645,HONDA,VIKING 130,,FAA_TYPE_8
1646,HONDA,VTECH,,FAA_TYPE_8
1647,HONEYWELL,55-L-714A,,FAA_TYPE_3
1648,HONEYWELL,AL5512,,FAA_TYPE_3
1649,HONEYWELL,ALF 502 SER,,FAA_TYPE_4
1650,HONEYWELL,ALF502L,,FAA_TYPE_5
1651,HONEYWELL,ALF502L-2,,FAA_TYPE_5
1652,HONEYWELL,ALF502L-2A,,FAA_TYPE_5
1653,HONEYWELL,ALF502L-2C,,FAA_TYPE_5
1654,HONEYWELL,ALF502L-3,,FAA_TYPE_5
1655,HONEYWELL,ALF502R-3,,FAA_TYPE_5
1656,HONEYWELL,ALF502R-3A,,FAA_TYPE_5
1657,HONEYWELL,ALF502R-4,,FAA_TYPE_5
1658,HONEYWELL,ALF502R-5,,FAA_TYPE_5
1659,HONEYWELL,ALF502R-6,,FAA_TYPE_5
1660,HONEYWELL,ALF507-1F,,FAA_TYPE_5
1661,HONEYWELL,ALF507-1H,,FAA_TYPE_5
1662,HONEYWELL,AS907-1-1A,,FAA_TYPE_5
1663,HONEYWELL,AS907-2-1A,,FAA_TYPE_5
1664,HONEYWELL,AS907-2-1G,,FAA_TYPE_5
1665,HONEYWELL,AS907-2-1S,,FAA_TYPE_5
1666,HONEYWELL,AS907-3-1E,,FAA_TYPE_5
1667,HONEYWELL,ATF3-6,,FAA_TYPE_5
1668,HONEYWELL,ATF3-6A,,FAA_TYPE_5
1669,HONEYWELL,CFE 738-1-1B,,FAA_TYPE_5
1670,HONEYWELL,F-124-GA-100,,FAA_TYPE_5
1671,HONEYWELL,F124,,FAA_TYPE_5
1672,HONEYWELL,HTF7000,,FAA_TYPE_5
1673,HONEYWELL,HTF7350,,FAA_TYPE_5
1674,HONEYWELL,HTS-900,,FAA_TYPE_3
1675,HONEYWELL,HTS-900-2,,FAA_TYPE_3
1676,HONEYWELL,LTC1B-1,,FAA_TYPE_3
1677,HONEYWELL,LTP101-600,,FAA_TYPE_2
1678,HONEYWELL,LTP101-600A,,FAA_TYPE_2
1679,HONEYWELL,LTP101-600A1A,,FAA_TYPE_2
1680,HONEYWELL,LTP101-700A1A,,FAA_TYPE_2
1681,HONEYWELL,LTS101-600 SR,,FAA_TYPE_3
1682,HONEYWELL,LTS101-600A-2,,FAA_TYPE_3
1683,HONEYWELL,LTS101-600A-3,,FAA_TYPE_3
1684,HONEYWELL,LTS101-600A3A,,FAA_TYPE_3
1685,HONEYWELL,LTS101-650B-1,,FAA_TYPE_3
1686,HONEYWELL,LTS101-650B1A,,FAA_TYPE_3
1687,HONEYWELL,LTS101-650C-2,,FAA_TYPE_3
1688,HONEYWELL,LTS101-650C-3,,FAA_TYPE_3
1689,HONEYWELL,LTS101-650C3A,,FAA_TYPE_3
1690,HONEYWELL,LTS101-700D-2,,FAA_TYPE_3
1691,HONEYWELL,LTS101-750B-1,,FAA_TYPE_3
1692,HONEYWELL,LTS101-750B-2,,FAA_TYPE_3
1693,HONEYWELL,LTS101-750C-1,,FAA_TYPE_3
1694,HONEYWELL,LTS101-850B-2,,FAA_TYPE_3
1695,HONEYWELL,T-55-L714A,,FAA_TYPE_3
1696,HONEYWELL,T53-L-703,,FAA_TYPE_3
1697,HONEYWELL,T53-L13B,,FAA_TYPE_3
1698,HONEYWELL,T5307A,,FAA_TYPE_2
1699,HONEYWELL,T5309A,,FAA_TYPE_3
1700,HONEYWELL,T5309B,,FAA_TYPE_3
1701,HONEYWELL,T5309C,,FAA_TYPE_3
1702,HONEYWELL,T5311A,,FAA_TYPE_3
1703,HONEYWELL,T5313B,,FAA_TYPE_3
1704,HONEYWELL,T5313L,,FAA_TYPE_3
1705,HONEYWELL,T5317 SER,,FAA_TYPE_3
1706,HONEYWELL,T5317A,,FAA_TYPE_3
1707,HONEYWELL,T5317A-1,,FAA_TYPE_3
1708,HONEYWELL,T5317B,,FAA_TYPE_3
1709,HONEYWELL,T55-GA-714A,,FAA_TYPE_3
1710,HONEYWELL,T5508D,,FAA_TYPE_3
1711,HONEYWELL,TFE-731,,FAA_TYPE_5
1712,HONEYWELL,TFE-731-5BR1H,,FAA_TYPE_5
1713,HONEYWELL,TFE-731-SER,,FAA_TYPE_5
1714,HONEYWELL,TFE731-2,,FAA_TYPE_5
1715,HONEYWELL,TFE731-2-3B,,FAA_TYPE_5
1716,HONEYWELL,TFE731-20,,FAA_TYPE_5
1717,HONEYWELL,TFE731-20AR,,FAA_TYPE_5
1718,HONEYWELL,TFE731-20BR,,FAA_TYPE_5
1719,HONEYWELL,TFE731-20R,,FAA_TYPE_5
1720,HONEYWELL,TFE731-2A,,FAA_TYPE_5
1721,HONEYWELL,TFE731-2B,,FAA_TYPE_5
1722,HONEYWELL,TFE731-2BR,,FAA_TYPE_5
1723,HONEYWELL,TFE731-2C,,FAA_TYPE_5
1724,HONEYWELL,TFE731-3,,FAA_TYPE_5
1725,HONEYWELL,TFE731-3-1C,,FAA_TYPE_5
1726,HONEYWELL,TFE731-3A,,FAA_TYPE_5
1727,HONEYWELL,TFE731-3AR,,FAA_TYPE_5
1728,HONEYWELL,TFE731-3B,,FAA_TYPE_5
1729,HONEYWELL,TFE731-3BR,,FAA_TYPE_5
1730,HONEYWELL,TFE731-3C,,FAA_TYPE_5
1731,HONEYWELL,TFE731-3CR,,FAA_TYPE_5
1732,HONEYWELL,TFE731-3D,,FAA_TYPE_5
1733,HONEYWELL,TFE731-3DR,,FAA_TYPE_5
1734,HONEYWELL,TFE731-3R,,FAA_TYPE_5
1735,HONEYWELL,TFE731-3R-1H,,FAA_TYPE_5
1736,HONEYWELL,TFE731-4,,FAA_TYPE_5
1737,HONEYWELL,TFE731-40,,FAA_TYPE_5
1738,HONEYWELL,TFE731-40AR,,FAA_TYPE_5
1739,HONEYWELL,TFE731-40BR-1,,FAA_TYPE_5
1740,HONEYWELL,TFE731-40BR1B,,FAA_TYPE_5
1741,HONEYWELL,TFE731-40R,,FAA_TYPE_5
1742,HONEYWELL,TFE731-4R,,FAA_TYPE_5
1743,HONEYWELL,TFE731-5,,FAA_TYPE_5
1744,HONEYWELL,TFE731-50R,,FAA_TYPE_5
1745,HONEYWELL,TFE731-5A,,FAA_TYPE_5
1746,HONEYWELL,TFE731-5AR,,FAA_TYPE_5
1747,HONEYWELL,TFE731-5B,,FAA_TYPE_5
1748,HONEYWELL,TFE731-5BR,,FAA_TYPE_5
1749,HONEYWELL,TFE731-5BR-1C,,FAA_TYPE_5
1750,HONEYWELL,TFE731-5BR-2C,,FAA_TYPE_5
1751,HONEYWELL,TFE731-5R,,FAA_TYPE_5
1752,HONEYWELL,TFE731-60,,FAA_TYPE_5
1753,HONEYWELL,TFE731-60-1C,,FAA_TYPE_5
1754,HONEYWELL,TFE73140AR200,,FAA_TYPE_5
1755,HONEYWELL,TPE-331-10UG,,FAA_TYPE_2
1756,HONEYWELL,TPE331-1,,FAA_TYPE_2
1757,HONEYWELL,TPE331-10,,FAA_TYPE_2
1758,HONEYWELL,TPE331-10 SER,,FAA_TYPE_2
1759,HONEYWELL,TPE331-101Z,,FAA_TYPE_2
1760,HONEYWELL,TPE331-10A,,FAA_TYPE_2
1761,HONEYWELL,TPE331-10AV,,FAA_TYPE_2
1762,HONEYWELL,TPE331-10B,,FAA_TYPE_2
1763,HONEYWELL,TPE331-10G,,FAA_TYPE_2
1764,HONEYWELL,TPE331-10GP,,FAA_TYPE_2
1765,HONEYWELL,TPE331-10GR,,FAA_TYPE_2
1766,HONEYWELL,TPE331-10GT,,FAA_TYPE_2
1767,HONEYWELL,TPE331-10J,,FAA_TYPE_2
1768,HONEYWELL,TPE331-10N,,FAA_TYPE_2
1769,HONEYWELL,TPE331-10P,,FAA_TYPE_2
1770,HONEYWELL,TPE331-10R,,FAA_TYPE_2
1771,HONEYWELL,TPE331-10T,,FAA_TYPE_2
1772,HONEYWELL,TPE331-10U,,FAA_TYPE_2
1773,HONEYWELL,TPE331-10UA,,FAA_TYPE_2
1774,HONEYWELL,TPE331-10UF,,FAA_TYPE_2
1775,HONEYWELL,TPE331-10UGR,,FAA_TYPE_2
1776,HONEYWELL,TPE331-10UJ,,FAA_TYPE_2
1777,HONEYWELL,TPE331-10UK,,FAA_TYPE_2
1778,HONEYWELL,TPE331-10UR,,FAA_TYPE_2
1779,HONEYWELL,TPE331-11U,,FAA_TYPE_2
1780,HONEYWELL,TPE331-11UA,,FAA_TYPE_2
1781,HONEYWELL,TPE331-12,,FAA_TYPE_2
1782,HONEYWELL,TPE331-12B,,FAA_TYPE_2
1783,HONEYWELL,TPE331-12JR,,FAA_TYPE_2
1784,HONEYWELL,TPE331-12UA,,FAA_TYPE_2
1785,HONEYWELL,TPE331-12UAR,,FAA_TYPE_2
1786,HONEYWELL,TPE331-12UER,,FAA_TYPE_2
1787,HONEYWELL,TPE331-12UHR,,FAA_TYPE_2
1788,HONEYWELL,TPE331-14A,,FAA_TYPE_2
1789,HONEYWELL,TPE331-14B,,FAA_TYPE_2
1790,HONEYWELL,TPE331-14F,,FAA_TYPE_2
1791,HONEYWELL,TPE331-14GR,,FAA_TYPE_2
1792,HONEYWELL,TPE331-14HR,,FAA_TYPE_2
1793,HONEYWELL,TPE331-15AW,,FAA_TYPE_2
1794,HONEYWELL,TPE331-1U,,FAA_TYPE_2
1795,HONEYWELL,TPE331-1UA,,FAA_TYPE_2
1796,HONEYWELL,TPE331-2,,FAA_TYPE_2
1797,HONEYWELL,TPE331-2-201A,,FAA_TYPE_2
1798,HONEYWELL,TPE331-25A,,FAA_TYPE_2
1799,HONEYWELL,TPE331-25AA,,FAA_TYPE_2
1800,HONEYWELL,TPE331-25B,,FAA_TYPE_2
1801,HONEYWELL,TPE331-25C,,FAA_TYPE_2
1802,HONEYWELL,TPE331-25D,,FAA_TYPE_2
1803,HONEYWELL,TPE331-25DA,,FAA_TYPE_2
1804,HONEYWELL,TPE331-25DB,,FAA_TYPE_2
1805,HONEYWELL,TPE331-25E,,FAA_TYPE_2
1806,HONEYWELL,TPE331-25F,,FAA_TYPE_2
1807,HONEYWELL,TPE331-25FA,,FAA_TYPE_2
1808,HONEYWELL,TPE331-29A,,FAA_TYPE_2
1809,HONEYWELL,TPE331-2U,,FAA_TYPE_2
1810,HONEYWELL,TPE331-2UA,,FAA_TYPE_2
1811,HONEYWELL,TPE331-3,,FAA_TYPE_2
1812,HONEYWELL,TPE331-3U,,FAA_TYPE_2
1813,HONEYWELL,TPE331-3UW,,FAA_TYPE_2
1814,HONEYWELL,TPE331-3W,,FAA_TYPE_2
1815,HONEYWELL,TPE331-43,,FAA_TYPE_2
1816,HONEYWELL,TPE331-43-B,,FAA_TYPE_2
1817,HONEYWELL,TPE331-45,,FAA_TYPE_2
1818,HONEYWELL,TPE331-47,,FAA_TYPE_2
1819,HONEYWELL,TPE331-47-A,,FAA_TYPE_2
1820,HONEYWELL,TPE331-47-B,,FAA_TYPE_2
1821,HONEYWELL,TPE331-5,,FAA_TYPE_2
1822,HONEYWELL,TPE331-51,,FAA_TYPE_2
1823,HONEYWELL,TPE331-55,,FAA_TYPE_2
1824,HONEYWELL,TPE331-55-A,,FAA_TYPE_2
1825,HONEYWELL,TPE331-55-B,,FAA_TYPE_2
1826,HONEYWELL,TPE331-57,,FAA_TYPE_2
1827,HONEYWELL,TPE331-57-B,,FAA_TYPE_2
1828,HONEYWELL,TPE331-5A,,FAA_TYPE_2
1829,HONEYWELL,TPE331-5B,,FAA_TYPE_2
1830,HONEYWELL,TPE331-5U,,FAA_TYPE_2
1831,HONEYWELL,TPE331-6,,FAA_TYPE_2
1832,HONEYWELL,TPE331-61,,FAA_TYPE_2
1833,HONEYWELL,TPE331-61-A,,FAA_TYPE_2
1834,HONEYWELL,TPE331-6A,,FAA_TYPE_2
1835,HONEYWELL,TPE331-6U,,FAA_TYPE_2
1836,HONEYWELL,TPE331-8,,FAA_TYPE_2
1837,HONEYWELL,TPE331-8A,,FAA_TYPE_2
1838,HONEYWELL,TPE331-9,,FAA_TYPE_2
1839,HONEYWELL,TPE331-9U,,FAA_TYPE_2
1840,HONEYWELL,TPE331-SER,,FAA_TYPE_2
1841,HONEYWELL,TSE331-3U,,FAA_TYPE_3
1842,HONEYWELL,TSE36-1,,FAA_TYPE_3
1843,HONEYWELL,TYPE331-5AB,,FAA_TYPE_2
1844,HOUSAI,6JIA,,FAA_TYPE_1
1845,HOUSAI,HS6A,,FAA_TYPE_1
1846,HUMMEL,1/2 VW,,FAA_TYPE_7
1847,HUMMEL,2180,,FAA_TYPE_1
1848,HUMMEL,VW 2.4L,,FAA_TYPE_8
1849,IAE,50R-AA,,FAA_TYPE_11
1850,IAE,PW1127G-JM,,FAA_TYPE_5
1851,IAE,PW1127GA-JM,,FAA_TYPE_5
1852,IAE,PW1133G-JM,,FAA_TYPE_5
1853,IAE,PW1133GA-JM,,FAA_TYPE_5
1854,IAE,V2500-A1,,FAA_TYPE_5
1855,IAE,V2500E-A5,,FAA_TYPE_5
1856,IAE,V2500SERIES,,FAA_TYPE_4
1857,IAE,V2522-A5,,FAA_TYPE_4_5
1858,IAE,V2524-A5,,FAA_TYPE_5
1859,IAE,V2525-D5,,FAA_TYPE_5
1860,IAE,V2527-A5,,FAA_TYPE_5
1861,IAE,V2527E-A5,,FAA_TYPE_5
1862,IAE,V2527M-A5,,FAA_TYPE_5
1863,IAE,V2528-D5,,FAA_TYPE_5
1864,IAE,V2530-A5,,FAA_TYPE_5
1865,IAE,V2533-A5,,FAA_TYPE_5
1866,INNTEC,800,,FAA_TYPE_7
1867,ISOTOV,GTD-350,,FAA_TYPE_3
1868,IVCHENKO,AI-14R,,FAA_TYPE_1
1869,IVCHENKO,AI-25TL,,FAA_TYPE_5
1870,IVCHENKO,AL-25SERIES,,FAA_TYPE_5
1871,JABIRU,2200,,FAA_TYPE_8
1872,JABIRU,2200A,,FAA_TYPE_8
1873,JABIRU,3300,,FAA_TYPE_1_8
1874,JABIRU,3300A,,FAA_TYPE_8
1875,JABIRU,3300L,,FAA_TYPE_8
1876,JABIRU,5100,,FAA_TYPE_8
1877,JACOBS,L-3MBA,,FAA_TYPE_1
1878,JACOBS,L-4,,FAA_TYPE_1
1879,JACOBS,L-4M,,FAA_TYPE_1
1880,JACOBS,L-4MA,,FAA_TYPE_1
1881,JACOBS,L-4MA7,,FAA_TYPE_1
1882,JACOBS,L-4MB,,FAA_TYPE_1
1883,JACOBS,L-5M,,FAA_TYPE_1
1884,JACOBS,L-5MB,,FAA_TYPE_1
1885,JACOBS,L-6M,,FAA_TYPE_1
1886,JACOBS,L-6MA,,FAA_TYPE_1
1887,JACOBS,L-6MB,,FAA_TYPE_1
1888,JACOBS,L3,,FAA_TYPE_1
1889,JACOBS,L4 /R755-7,,FAA_TYPE_1
1890,JACOBS,L5,,FAA_TYPE_1
1891,JACOBS,L6,,FAA_TYPE_1
1892,JACOBS,LA1,,FAA_TYPE_1
1893,JACOBS,R-755,,FAA_TYPE_1
1894,JACOBS,R-755-7,,FAA_TYPE_1
1895,JACOBS,R-755A1,,FAA_TYPE_1
1896,JACOBS,R-755A2,,FAA_TYPE_1
1897,JACOBS,R-755A2M,,FAA_TYPE_1
1898,JACOBS,R-755A2M1,,FAA_TYPE_1
1899,JACOBS,R-755B1,,FAA_TYPE_1
1900,JACOBS,R-755B2,,FAA_TYPE_1
1901,JACOBS,R-755B2M,,FAA_TYPE_1
1902,JACOBS,R-755E,,FAA_TYPE_1
1903,JACOBS,R-755S,,FAA_TYPE_1
1904,JACOBS,R-755SM,,FAA_TYPE_1
1905,JACOBS,R755A SERIES,,FAA_TYPE_1
1906,JACOBS,R755B SERIES,,FAA_TYPE_1
1907,JACOBS,R755E SERIES,,FAA_TYPE_1
1908,JB ENGINES,IOX-360-A1A9N,,FAA_TYPE_1
1909,JETCAT,C81,,FAA_TYPE_4
1910,JETCAT,MP-200,,FAA_TYPE_4
1911,JETCAT,SPH5,,FAA_TYPE_2
1912,JETCAT,SPT5,,FAA_TYPE_2
1913,KAWASAKI,ALL MDLS A/B,,FAA_TYPE_1
1914,KDE,10218XF-105,,FAA_TYPE_10
1915,KDE,7215XF,,FAA_TYPE_10
1916,KDE,8218XF,,FAA_TYPE_10
1917,KDE,HACKER,,FAA_TYPE_10
1918,KEIKHAFER,MK55,,FAA_TYPE_1
1919,KEN ROYCE,110 7DF,,FAA_TYPE_1
1920,KEN ROYCE,7 SERIES,,FAA_TYPE_1
1921,KEN ROYCE,7F,,FAA_TYPE_1
1922,KEN ROYCE,7G,,FAA_TYPE_1
1923,KEN ROYCE,85 5DF,,FAA_TYPE_1
1924,KEN ROYCE,85 5F,,FAA_TYPE_1
1925,KEN ROYCE,90 5F,,FAA_TYPE_1
1926,KEN ROYCE,90 5G,,FAA_TYPE_1
1927,KEN ROYCE,90-5 SERIES,,FAA_TYPE_1
1928,KINNER,B5 SERIES,,FAA_TYPE_1
1929,KINNER,K5 SERIES,,FAA_TYPE_1
1930,KINNER,R5 SERIES,,FAA_TYPE_1
1931,KLEINMOTOR,SOLO 2350 SER,,FAA_TYPE_7
1932,KLIMOV,RD-33,,FAA_TYPE_5
1933,KLIMOV,TB3-117BM,,FAA_TYPE_3
1934,KLIMOV,TV3-117VM,,FAA_TYPE_3
1935,KLIMOV,VK-1A,,FAA_TYPE_4
1936,KLIMOV,VK-1F,,FAA_TYPE_4
1937,KONIG,SC430,,FAA_TYPE_7
1938,KONIG,SD 570,,FAA_TYPE_7
1939,KONTRONIK,KORA 25-10,,FAA_TYPE_10
1940,LAMBERT,R266,,FAA_TYPE_1
1941,LAWRENCE,3 CYL,,FAA_TYPE_1
1942,LEBLOND,70 SERIES,,FAA_TYPE_1
1943,LEBLOND,85 SERIES,,FAA_TYPE_1
1944,LEBLOND,90 SERIES,,FAA_TYPE_1
1945,LENAPE,AR3-160,,FAA_TYPE_1
1946,LENAPE,LM5,,FAA_TYPE_1
1947,LERHONE,TYPE C,,FAA_TYPE_1
1948,LERHONE,TYPE J,,FAA_TYPE_1
1949,LIBERTY,V-12,,FAA_TYPE_1
1950,LIMBACH,1700E,,FAA_TYPE_1
1951,LIMBACH,L2000 EB 1.A,,FAA_TYPE_1
1952,LIMBACH,L2400,,FAA_TYPE_8
1953,LIMBACH,LIMBACH L2000,,FAA_TYPE_8
1954,LINCOLN,LIBERTY-12,,FAA_TYPE_1
1955,LOM,M132A,,FAA_TYPE_1
1956,LOM,M137A,,FAA_TYPE_1
1957,LOM,M332,,FAA_TYPE_1
1958,LOM,M332AK,,FAA_TYPE_1
1959,LYCOMING,(L)TO 360 SER,,FAA_TYPE_2
1960,LYCOMING,0-145A SERIES,,FAA_TYPE_1
1961,LYCOMING,0-145B SERIES,,FAA_TYPE_1
1962,LYCOMING,0-235 SERIES,,FAA_TYPE_8
1963,LYCOMING,0-290 SERIES,,FAA_TYPE_8
1964,LYCOMING,0-30-A1P,,FAA_TYPE_1
1965,LYCOMING,0-32-H2AD,,FAA_TYPE_1
1966,LYCOMING,0-320 SERIES,,FAA_TYPE_1
1967,LYCOMING,0-320-A2A,,FAA_TYPE_1
1968,LYCOMING,0-320-E2G,,FAA_TYPE_1
1969,LYCOMING,0-340 SERIES,,FAA_TYPE_1
1970,LYCOMING,0-350 SERIES,,FAA_TYPE_1
1971,LYCOMING,0-360 SERIES,,FAA_TYPE_1
1972,LYCOMING,0-360-A1D,,FAA_TYPE_1
1973,LYCOMING,0-360-C1A,,FAA_TYPE_1
1974,LYCOMING,0-360-C1F,,FAA_TYPE_1
1975,LYCOMING,0-360-C4F,,FAA_TYPE_1
1976,LYCOMING,0-360-E2D,,FAA_TYPE_1
1977,LYCOMING,0-435,,FAA_TYPE_1
1978,LYCOMING,0-435-25,,FAA_TYPE_1
1979,LYCOMING,0-435A/0-435C,,FAA_TYPE_1
1980,LYCOMING,0-435A2-KSER,,FAA_TYPE_1
1981,LYCOMING,0-435B,,FAA_TYPE_1
1982,LYCOMING,0-540 SERIES,,FAA_TYPE_1
1983,LYCOMING,0-540-JIA5D,,FAA_TYPE_1
1984,LYCOMING,0-540F1 SERIE,,FAA_TYPE_1
1985,LYCOMING,0-550-J3A5D,,FAA_TYPE_1
1986,LYCOMING,0320-E3D,,FAA_TYPE_8
1987,LYCOMING,0360-A1A,,FAA_TYPE_1
1988,LYCOMING,11A,,FAA_TYPE_3
1989,LYCOMING,125,,FAA_TYPE_1
1990,LYCOMING,340 SERIES,,FAA_TYPE_8
1991,LYCOMING,AEIO-320 SER,,FAA_TYPE_1
1992,LYCOMING,AEIO-320-D1B,,FAA_TYPE_1
1993,LYCOMING,AEIO-320-D2B,,FAA_TYPE_1
1994,LYCOMING,AEIO-320-E1A,,FAA_TYPE_1
1995,LYCOMING,AEIO-320-E1B,,FAA_TYPE_1
1996,LYCOMING,AEIO-320-E2A,,FAA_TYPE_1
1997,LYCOMING,AEIO-320-E2B,,FAA_TYPE_1
1998,LYCOMING,AEIO-360 SER,,FAA_TYPE_1
1999,LYCOMING,AEIO-360-A1A,,FAA_TYPE_1
2000,LYCOMING,AEIO-360-A1B,,FAA_TYPE_1
2001,LYCOMING,AEIO-360-A1B6,,FAA_TYPE_1
2002,LYCOMING,AEIO-360-A1C,,FAA_TYPE_1
2003,LYCOMING,AEIO-360-A1D,,FAA_TYPE_1
2004,LYCOMING,AEIO-360-A1E,,FAA_TYPE_1
2005,LYCOMING,AEIO-360-A1E6,,FAA_TYPE_1
2006,LYCOMING,AEIO-360-A2A,,FAA_TYPE_1
2007,LYCOMING,AEIO-360-A2B,,FAA_TYPE_1
2008,LYCOMING,AEIO-360-A2C,,FAA_TYPE_1
2009,LYCOMING,AEIO-360-B1B,,FAA_TYPE_1
2010,LYCOMING,AEIO-360-B1D,,FAA_TYPE_1
2011,LYCOMING,AEIO-360-B1F,,FAA_TYPE_1
2012,LYCOMING,AEIO-360-B1F6,,FAA_TYPE_1
2013,LYCOMING,AEIO-360-B1G6,,FAA_TYPE_1
2014,LYCOMING,AEIO-360-B1H,,FAA_TYPE_1
2015,LYCOMING,AEIO-360-B2F,,FAA_TYPE_1
2016,LYCOMING,AEIO-360-B2F6,,FAA_TYPE_1
2017,LYCOMING,AEIO-360-B4A,,FAA_TYPE_1
2018,LYCOMING,AEIO-360-H1A,,FAA_TYPE_1
2019,LYCOMING,AEIO-360-H1B,,FAA_TYPE_1
2020,LYCOMING,AEIO-390-A1B6,,FAA_TYPE_1
2021,LYCOMING,AEIO-390-X,,FAA_TYPE_1
2022,LYCOMING,AEIO-540 SER,,FAA_TYPE_1
2023,LYCOMING,AEIO-540-D4A5,,FAA_TYPE_1
2024,LYCOMING,AEIO-540-D4B5,,FAA_TYPE_1
2025,LYCOMING,AEIO-540-D4C5,,FAA_TYPE_1
2026,LYCOMING,AEIO-540-D4D5,,FAA_TYPE_1
2027,LYCOMING,AEIO-540-K1H5,,FAA_TYPE_1
2028,LYCOMING,AEIO-540-L1B5,,FAA_TYPE_1
2029,LYCOMING,AEIO-540-L1D5,,FAA_TYPE_1
2030,LYCOMING,AEIO-580-B1A,,FAA_TYPE_1
2031,LYCOMING,AEIO-580-X,,FAA_TYPE_1
2032,LYCOMING,AEIO540-L1B5D,,FAA_TYPE_1
2033,LYCOMING,AEO-540-FBAE,,FAA_TYPE_1
2034,LYCOMING,AIO-320-A1A,,FAA_TYPE_1
2035,LYCOMING,AIO-320-A1B,,FAA_TYPE_1
2036,LYCOMING,AIO-320-A2A,,FAA_TYPE_1
2037,LYCOMING,AIO-320-A2B,,FAA_TYPE_1
2038,LYCOMING,AIO-320-B1B,,FAA_TYPE_1
2039,LYCOMING,AIO-320-C1B,,FAA_TYPE_1
2040,LYCOMING,AIO-360-A1B,,FAA_TYPE_1
2041,LYCOMING,AIO-360-A2A,,FAA_TYPE_1
2042,LYCOMING,AIO-360-B1B,,FAA_TYPE_1
2043,LYCOMING,AL503 SER,,FAA_TYPE_4
2044,LYCOMING,AL5512,,FAA_TYPE_3
2045,LYCOMING,ALF-502 SER.,,FAA_TYPE_4
2046,LYCOMING,ALF502L,,FAA_TYPE_5
2047,LYCOMING,ALF502L-2,,FAA_TYPE_5
2048,LYCOMING,ALF502L-2A,,FAA_TYPE_5
2049,LYCOMING,ALF502L-2C,,FAA_TYPE_5
2050,LYCOMING,ALF502L-3,,FAA_TYPE_5
2051,LYCOMING,ALF502R-3,,FAA_TYPE_5
2052,LYCOMING,ALF502R-3A,,FAA_TYPE_5
2053,LYCOMING,ALF502R-4,,FAA_TYPE_5
2054,LYCOMING,ALF502R-5,,FAA_TYPE_5
2055,LYCOMING,ALF502R-6,,FAA_TYPE_5
2056,LYCOMING,ALF507-1F,,FAA_TYPE_5
2057,LYCOMING,ALF507-1H,,FAA_TYPE_5
2058,LYCOMING,CC363I,,FAA_TYPE_1
2059,LYCOMING,GO-145-C2,,FAA_TYPE_1
2060,LYCOMING,GO-145-C3,,FAA_TYPE_1
2061,LYCOMING,GO-435,,FAA_TYPE_1
2062,LYCOMING,GO-435-C2,,FAA_TYPE_1
2063,LYCOMING,GO-435-C2A,,FAA_TYPE_1
2064,LYCOMING,GO-435-C2A2,,FAA_TYPE_1
2065,LYCOMING,GO-435-C2B,,FAA_TYPE_1
2066,LYCOMING,GO-435-C2B1,,FAA_TYPE_1
2067,LYCOMING,GO-435-C2B2,,FAA_TYPE_1
2068,LYCOMING,GO-435-C2C,,FAA_TYPE_1
2069,LYCOMING,GO-435-C2D,,FAA_TYPE_1
2070,LYCOMING,GO-435-C2E,,FAA_TYPE_1
2071,LYCOMING,GO-435-D1,,FAA_TYPE_1
2072,LYCOMING,GO-435C&D SER,,FAA_TYPE_1
2073,LYCOMING,GO-480 SERIES,,FAA_TYPE_1
2074,LYCOMING,GO-480-A1A,,FAA_TYPE_1
2075,LYCOMING,GO-480-B,,FAA_TYPE_1
2076,LYCOMING,GO-480-B1A6,,FAA_TYPE_1
2077,LYCOMING,GO-480-B1B,,FAA_TYPE_1
2078,LYCOMING,GO-480-B1C,,FAA_TYPE_1
2079,LYCOMING,GO-480-B1D,,FAA_TYPE_1
2080,LYCOMING,GO-480-C1B6,,FAA_TYPE_1
2081,LYCOMING,GO-480-C1D6,,FAA_TYPE_1
2082,LYCOMING,GO-480-C2C6,,FAA_TYPE_1
2083,LYCOMING,GO-480-C2D6,,FAA_TYPE_1
2084,LYCOMING,GO-480-C2E6,,FAA_TYPE_1
2085,LYCOMING,GO-480-C3A6,,FAA_TYPE_1
2086,LYCOMING,GO-480-D1A,,FAA_TYPE_1
2087,LYCOMING,GO-480-E1A6,,FAA_TYPE_1
2088,LYCOMING,GO-480-F1A6,,FAA_TYPE_1
2089,LYCOMING,GO-480-F2A6,,FAA_TYPE_1
2090,LYCOMING,GO-480-F2D6,,FAA_TYPE_1
2091,LYCOMING,GO-480-F3A6,,FAA_TYPE_1
2092,LYCOMING,GO-480-F3B6,,FAA_TYPE_1
2093,LYCOMING,GO-480-F4A6,,FAA_TYPE_1
2094,LYCOMING,GO-480-F4B6,,FAA_TYPE_1
2095,LYCOMING,GO-480-F6,,FAA_TYPE_1
2096,LYCOMING,GO-480-G1A6,,FAA_TYPE_1
2097,LYCOMING,GO-480-G1B6,,FAA_TYPE_1
2098,LYCOMING,GO-480-G1D6,,FAA_TYPE_1
2099,LYCOMING,GO-480-G1H6,,FAA_TYPE_1
2100,LYCOMING,GO-480-G1J6,,FAA_TYPE_1
2101,LYCOMING,GO-480-G2D6,,FAA_TYPE_1
2102,LYCOMING,GO-480-G2F6,,FAA_TYPE_1
2103,LYCOMING,GSO&IGSO-480,,FAA_TYPE_1
2104,LYCOMING,GSO-435 SERIE,,FAA_TYPE_1
2105,LYCOMING,GSO-435-B,,FAA_TYPE_1
2106,LYCOMING,GSO-435-B2,,FAA_TYPE_1
2107,LYCOMING,GSO-480-A1A6,,FAA_TYPE_1
2108,LYCOMING,GSO-480-A1C6,,FAA_TYPE_1
2109,LYCOMING,GSO-480-A2A6,,FAA_TYPE_1
2110,LYCOMING,GSO-480-B1B3,,FAA_TYPE_1
2111,LYCOMING,GSO-480-B1B6,,FAA_TYPE_1
2112,LYCOMING,GSO-480-B1C6,,FAA_TYPE_1
2113,LYCOMING,GSO-480-B1E6,,FAA_TYPE_1
2114,LYCOMING,GSO-480-B1F6,,FAA_TYPE_1
2115,LYCOMING,GSO-480-B1G6,,FAA_TYPE_1
2116,LYCOMING,GSO-480-B1J6,,FAA_TYPE_1
2117,LYCOMING,GSO-480-B2C6,,FAA_TYPE_1
2118,LYCOMING,GSO-480-B2D6,,FAA_TYPE_1
2119,LYCOMING,GSO-480-B2G6,,FAA_TYPE_1
2120,LYCOMING,GSO-480-B2H6,,FAA_TYPE_1
2121,LYCOMING,GSO-580,,FAA_TYPE_1
2122,LYCOMING,GSO-580 SER,,FAA_TYPE_1
2123,LYCOMING,GSO-580-B,,FAA_TYPE_1
2124,LYCOMING,GSO-580-C,,FAA_TYPE_1
2125,LYCOMING,GSO-580-D,,FAA_TYPE_1
2126,LYCOMING,GSO-B1A6,,FAA_TYPE_1
2127,LYCOMING,H2B5D,,FAA_TYPE_1
2128,LYCOMING,HI0-360 SER,,FAA_TYPE_3
2129,LYCOMING,HIO-360 SER,,FAA_TYPE_1
2130,LYCOMING,HIO-360-A1A,,FAA_TYPE_1
2131,LYCOMING,HIO-360-A1B,,FAA_TYPE_1
2132,LYCOMING,HIO-360-B1A,,FAA_TYPE_1
2133,LYCOMING,HIO-360-B1B,,FAA_TYPE_1
2134,LYCOMING,HIO-360-C1A,,FAA_TYPE_1
2135,LYCOMING,HIO-360-C1B,,FAA_TYPE_1
2136,LYCOMING,HIO-360-D1A,,FAA_TYPE_1
2137,LYCOMING,HIO-360-E1AD,,FAA_TYPE_1
2138,LYCOMING,HIO-360-E1BD,,FAA_TYPE_1
2139,LYCOMING,HIO-360-F1AD,,FAA_TYPE_1
2140,LYCOMING,HIO-360-G1A,,FAA_TYPE_1
2141,LYCOMING,HIO-390-X252,,FAA_TYPE_1
2142,LYCOMING,HIO-540-A1A,,FAA_TYPE_1
2143,LYCOMING,HO-360,,FAA_TYPE_1
2144,LYCOMING,HO-360-A1A,,FAA_TYPE_1
2145,LYCOMING,HO-360-B1A,,FAA_TYPE_1
2146,LYCOMING,HO-360-B1B,,FAA_TYPE_1
2147,LYCOMING,HO-360-C1A,,FAA_TYPE_1
2148,LYCOMING,I0-360 SER,,FAA_TYPE_3
2149,LYCOMING,I0-360-B1E,,FAA_TYPE_1
2150,LYCOMING,I0-360-ES,,FAA_TYPE_1
2151,LYCOMING,I0360 SER,,FAA_TYPE_1
2152,LYCOMING,I0360 SER A&C,,FAA_TYPE_1
2153,LYCOMING,IGO-480,,FAA_TYPE_1
2154,LYCOMING,IGO-480-A1A6,,FAA_TYPE_1
2155,LYCOMING,IGO-480-A1B6,,FAA_TYPE_1
2156,LYCOMING,IGO-540-A1A,,FAA_TYPE_1
2157,LYCOMING,IGO-540-A1B,,FAA_TYPE_1
2158,LYCOMING,IGO-540-A1C,,FAA_TYPE_1
2159,LYCOMING,IGO-540-B1A,,FAA_TYPE_1
2160,LYCOMING,IGO-540-B1B,,FAA_TYPE_1
2161,LYCOMING,IGO-540-B1C,,FAA_TYPE_1
2162,LYCOMING,IGS0-540-A1A,,FAA_TYPE_1
2163,LYCOMING,IGS0-540-A1C,,FAA_TYPE_1
2164,LYCOMING,IGS0-540-A1D,,FAA_TYPE_1
2165,LYCOMING,IGS0-540-A1E,,FAA_TYPE_1
2166,LYCOMING,IGS0-540-A1F,,FAA_TYPE_1
2167,LYCOMING,IGS0-540-A1H,,FAA_TYPE_1
2168,LYCOMING,IGS0-540-B1A,,FAA_TYPE_1
2169,LYCOMING,IGS0-540-B1C,,FAA_TYPE_1
2170,LYCOMING,IGSO-480-A1A6,,FAA_TYPE_1
2171,LYCOMING,IGSO-480-A1B6,,FAA_TYPE_1
2172,LYCOMING,IGSO-480-A1C6,,FAA_TYPE_1
2173,LYCOMING,IGSO-480-A1D6,,FAA_TYPE_1
2174,LYCOMING,IGSO-480-A1E6,,FAA_TYPE_1
2175,LYCOMING,IGSO-480-A1F3,,FAA_TYPE_1
2176,LYCOMING,IGSO-480-A1F6,,FAA_TYPE_1
2177,LYCOMING,IGSO-480-A1G6,,FAA_TYPE_1
2178,LYCOMING,IGSO-540-B1A,,FAA_TYPE_1
2179,LYCOMING,IO 540 SER,,FAA_TYPE_1
2180,LYCOMING,IO-233 SERIES,,FAA_TYPE_1
2181,LYCOMING,IO-320 B2B,,FAA_TYPE_1
2182,LYCOMING,IO-320 SERIES,,FAA_TYPE_1
2183,LYCOMING,IO-320-A1A,,FAA_TYPE_1
2184,LYCOMING,IO-320-A2A,,FAA_TYPE_1
2185,LYCOMING,IO-320-B1A,,FAA_TYPE_1
2186,LYCOMING,IO-320-B1B,,FAA_TYPE_1
2187,LYCOMING,IO-320-B1C,,FAA_TYPE_1
2188,LYCOMING,IO-320-B1E,,FAA_TYPE_1
2189,LYCOMING,IO-320-B2A,,FAA_TYPE_1
2190,LYCOMING,IO-320-C1A,,FAA_TYPE_1
2191,LYCOMING,IO-320-C1B,,FAA_TYPE_1
2192,LYCOMING,IO-320-D1A,,FAA_TYPE_1
2193,LYCOMING,IO-320-D1B,,FAA_TYPE_1
2194,LYCOMING,IO-320-D1C,,FAA_TYPE_1
2195,LYCOMING,IO-320-E1A,,FAA_TYPE_1
2196,LYCOMING,IO-320-E1B,,FAA_TYPE_1
2197,LYCOMING,IO-320-E2A,,FAA_TYPE_1
2198,LYCOMING,IO-320-E2B,,FAA_TYPE_1
2199,LYCOMING,IO-320-F1A,,FAA_TYPE_1
2200,LYCOMING,IO-340 EXP SE,,FAA_TYPE_1
2201,LYCOMING,IO-360 SERIES,,FAA_TYPE_1
2202,LYCOMING,IO-360-A1A,,FAA_TYPE_1
2203,LYCOMING,IO-360-A1B,,FAA_TYPE_1
2204,LYCOMING,IO-360-A1B6,,FAA_TYPE_1
2205,LYCOMING,IO-360-A1B6D,,FAA_TYPE_1
2206,LYCOMING,IO-360-A1C,,FAA_TYPE_1
2207,LYCOMING,IO-360-A1D,,FAA_TYPE_1
2208,LYCOMING,IO-360-A1D6,,FAA_TYPE_1
2209,LYCOMING,IO-360-A1D6D,,FAA_TYPE_1
2210,LYCOMING,IO-360-A1H1S,,FAA_TYPE_1
2211,LYCOMING,IO-360-A2A,,FAA_TYPE_1
2212,LYCOMING,IO-360-A2B,,FAA_TYPE_1
2213,LYCOMING,IO-360-A2C,,FAA_TYPE_1
2214,LYCOMING,IO-360-A3B6,,FAA_TYPE_1
2215,LYCOMING,IO-360-A3B6D,,FAA_TYPE_1
2216,LYCOMING,IO-360-A3D6D,,FAA_TYPE_1
2217,LYCOMING,IO-360-B1A,,FAA_TYPE_1
2218,LYCOMING,IO-360-B1B,,FAA_TYPE_1
2219,LYCOMING,IO-360-B1C,,FAA_TYPE_1
2220,LYCOMING,IO-360-B1D,,FAA_TYPE_1
2221,LYCOMING,IO-360-B1E,,FAA_TYPE_1
2222,LYCOMING,IO-360-B1F,,FAA_TYPE_1
2223,LYCOMING,IO-360-B1F6,,FAA_TYPE_1
2224,LYCOMING,IO-360-B1G6,,FAA_TYPE_1
2225,LYCOMING,IO-360-B2B,,FAA_TYPE_1
2226,LYCOMING,IO-360-B2E,,FAA_TYPE_1
2227,LYCOMING,IO-360-B2F,,FAA_TYPE_1
2228,LYCOMING,IO-360-B2F6,,FAA_TYPE_1
2229,LYCOMING,IO-360-B4A,,FAA_TYPE_1
2230,LYCOMING,IO-360-C1A,,FAA_TYPE_1
2231,LYCOMING,IO-360-C1B,,FAA_TYPE_1
2232,LYCOMING,IO-360-C1C,,FAA_TYPE_1
2233,LYCOMING,IO-360-C1C6,,FAA_TYPE_1
2234,LYCOMING,IO-360-C1D6,,FAA_TYPE_1
2235,LYCOMING,IO-360-C1E6,,FAA_TYPE_1
2236,LYCOMING,IO-360-C1E6D,,FAA_TYPE_1
2237,LYCOMING,IO-360-C1F,,FAA_TYPE_1
2238,LYCOMING,IO-360-C1G6,,FAA_TYPE_1
2239,LYCOMING,IO-360-D1A,,FAA_TYPE_1
2240,LYCOMING,IO-360-E1A,,FAA_TYPE_1
2241,LYCOMING,IO-360-F1A,,FAA_TYPE_1
2242,LYCOMING,IO-360-J1A6D,,FAA_TYPE_1
2243,LYCOMING,IO-360-J1AD,,FAA_TYPE_1
2244,LYCOMING,IO-360-K2A,,FAA_TYPE_1
2245,LYCOMING,IO-360-L2A,,FAA_TYPE_1
2246,LYCOMING,IO-360-M1A,,FAA_TYPE_8
2247,LYCOMING,IO-360-M1A+,,FAA_TYPE_1
2248,LYCOMING,IO-360-M1B,,FAA_TYPE_1
2249,LYCOMING,IO-360-M1S,,FAA_TYPE_1
2250,LYCOMING,IO-360-M2,,FAA_TYPE_1
2251,LYCOMING,IO-360A,,FAA_TYPE_1
2252,LYCOMING,IO-375,,FAA_TYPE_1
2253,LYCOMING,IO-375-M1S,,FAA_TYPE_1
2254,LYCOMING,IO-390 SER,,FAA_TYPE_1
2255,LYCOMING,IO-390-A1A6,,FAA_TYPE_1
2256,LYCOMING,IO-390-A1B6,,FAA_TYPE_1
2257,LYCOMING,IO-390-A3A6,,FAA_TYPE_1
2258,LYCOMING,IO-390-C SERI,,FAA_TYPE_1
2259,LYCOMING,IO-390-C3B6,,FAA_TYPE_1
2260,LYCOMING,IO-390-D3B6,,FAA_TYPE_1
2261,LYCOMING,IO-520 SER,,FAA_TYPE_1
2262,LYCOMING,IO-540 SER,,FAA_TYPE_1
2263,LYCOMING,IO-540-A1A5,,FAA_TYPE_1
2264,LYCOMING,IO-540-AA1A5,,FAA_TYPE_1
2265,LYCOMING,IO-540-AA1B5,,FAA_TYPE_1
2266,LYCOMING,IO-540-AB1A5,,FAA_TYPE_1
2267,LYCOMING,IO-540-AC1A5,,FAA_TYPE_1
2268,LYCOMING,IO-540-AE1A5,,FAA_TYPE_1
2269,LYCOMING,IO-540-B1A5,,FAA_TYPE_1
2270,LYCOMING,IO-540-B1B5,,FAA_TYPE_1
2271,LYCOMING,IO-540-B1C5,,FAA_TYPE_1
2272,LYCOMING,IO-540-C1B5,,FAA_TYPE_1
2273,LYCOMING,IO-540-C1C5,,FAA_TYPE_1
2274,LYCOMING,IO-540-C2C,,FAA_TYPE_1
2275,LYCOMING,IO-540-C4B5,,FAA_TYPE_1
2276,LYCOMING,IO-540-C4B5D,,FAA_TYPE_1
2277,LYCOMING,IO-540-C4C5,,FAA_TYPE_1
2278,LYCOMING,IO-540-C4D5,,FAA_TYPE_1
2279,LYCOMING,IO-540-C4D5D,,FAA_TYPE_1
2280,LYCOMING,IO-540-D4A5,,FAA_TYPE_1
2281,LYCOMING,IO-540-D4B5,,FAA_TYPE_1
2282,LYCOMING,IO-540-D4C5,,FAA_TYPE_1
2283,LYCOMING,IO-540-E1A5,,FAA_TYPE_1
2284,LYCOMING,IO-540-E1B5,,FAA_TYPE_1
2285,LYCOMING,IO-540-E1C5,,FAA_TYPE_1
2286,LYCOMING,IO-540-E4B5,,FAA_TYPE_1
2287,LYCOMING,IO-540-EXP,,FAA_TYPE_1
2288,LYCOMING,IO-540-G1A5,,FAA_TYPE_1
2289,LYCOMING,IO-540-G1B5,,FAA_TYPE_1
2290,LYCOMING,IO-540-G1C5,,FAA_TYPE_1
2291,LYCOMING,IO-540-G1D5,,FAA_TYPE_1
2292,LYCOMING,IO-540-G1E5,,FAA_TYPE_1
2293,LYCOMING,IO-540-G1F5,,FAA_TYPE_1
2294,LYCOMING,IO-540-J4A5,,FAA_TYPE_1
2295,LYCOMING,IO-540-K1A5,,FAA_TYPE_1
2296,LYCOMING,IO-540-K1A5D,,FAA_TYPE_1
2297,LYCOMING,IO-540-K1B5,,FAA_TYPE_1_2
2298,LYCOMING,IO-540-K1B5D,,FAA_TYPE_1
2299,LYCOMING,IO-540-K1C5,,FAA_TYPE_1
2300,LYCOMING,IO-540-K1D5,,FAA_TYPE_1
2301,LYCOMING,IO-540-K1E5,,FAA_TYPE_1
2302,LYCOMING,IO-540-K1E5D,,FAA_TYPE_1
2303,LYCOMING,IO-540-K1F5,,FAA_TYPE_1
2304,LYCOMING,IO-540-K1F5D,,FAA_TYPE_1
2305,LYCOMING,IO-540-K1G5,,FAA_TYPE_1
2306,LYCOMING,IO-540-K1G5D,,FAA_TYPE_1
2307,LYCOMING,IO-540-K1H5,,FAA_TYPE_1
2308,LYCOMING,IO-540-K1J5,,FAA_TYPE_1
2309,LYCOMING,IO-540-K1K5,,FAA_TYPE_1
2310,LYCOMING,IO-540-K2A5,,FAA_TYPE_1
2311,LYCOMING,IO-540-L1A5,,FAA_TYPE_1
2312,LYCOMING,IO-540-L1A5D,,FAA_TYPE_1
2313,LYCOMING,IO-540-L1B5D,,FAA_TYPE_1
2314,LYCOMING,IO-540-L1C5,,FAA_TYPE_1
2315,LYCOMING,IO-540-M1A5,,FAA_TYPE_1
2316,LYCOMING,IO-540-M1A5D,,FAA_TYPE_1
2317,LYCOMING,IO-540-M1B5D,,FAA_TYPE_1
2318,LYCOMING,IO-540-M1C5,,FAA_TYPE_1
2319,LYCOMING,IO-540-M2A5D,,FAA_TYPE_1
2320,LYCOMING,IO-540-N1A5,,FAA_TYPE_1
2321,LYCOMING,IO-540-P1A5,,FAA_TYPE_1
2322,LYCOMING,IO-540-R1A5,,FAA_TYPE_1
2323,LYCOMING,IO-540-S1A5,,FAA_TYPE_1
2324,LYCOMING,IO-540-T4A5D,,FAA_TYPE_1
2325,LYCOMING,IO-540-T4B5,,FAA_TYPE_1
2326,LYCOMING,IO-540-T4C5D,,FAA_TYPE_1
2327,LYCOMING,IO-540-U1A5D,,FAA_TYPE_1
2328,LYCOMING,IO-540-U1B5D,,FAA_TYPE_1
2329,LYCOMING,IO-540-V4A5D,,FAA_TYPE_1
2330,LYCOMING,IO-540-W1A5,,FAA_TYPE_1
2331,LYCOMING,IO-540-W1A5D,,FAA_TYPE_1
2332,LYCOMING,IO-540-W3A5D,,FAA_TYPE_1
2333,LYCOMING,IO-580-A1A,,FAA_TYPE_1
2334,LYCOMING,IO-580-B1A,,FAA_TYPE_1
2335,LYCOMING,IO-720,,FAA_TYPE_1
2336,LYCOMING,IO-720-A1A,,FAA_TYPE_1
2337,LYCOMING,IO-720-A1B,,FAA_TYPE_1
2338,LYCOMING,IO-720-A1BD,,FAA_TYPE_1
2339,LYCOMING,IO-720-B1B,,FAA_TYPE_1
2340,LYCOMING,IO-720-B1BD,,FAA_TYPE_1
2341,LYCOMING,IO-720-C1B,,FAA_TYPE_1
2342,LYCOMING,IO-720-C1BD,,FAA_TYPE_1
2343,LYCOMING,IO-720-D1B,,FAA_TYPE_1
2344,LYCOMING,IO-720-D1BD,,FAA_TYPE_1
2345,LYCOMING,IO-720-D1C,,FAA_TYPE_1
2346,LYCOMING,IO-720-D1CD,,FAA_TYPE_1
2347,LYCOMING,IVO-360-A1A,,FAA_TYPE_1
2348,LYCOMING,IVO-540-A1A,,FAA_TYPE_1
2349,LYCOMING,L-540-T4B5,,FAA_TYPE_1
2350,LYCOMING,LHIO-360-C1A,,FAA_TYPE_1
2351,LYCOMING,LHIO-360-C1B,,FAA_TYPE_1
2352,LYCOMING,LHIO-360-F1AD,,FAA_TYPE_1
2353,LYCOMING,LIO-320-B1A,,FAA_TYPE_1
2354,LYCOMING,LIO-320-C1A,,FAA_TYPE_1
2355,LYCOMING,LIO-360-C1E6,,FAA_TYPE_1
2356,LYCOMING,LIO-360-CIE6,,FAA_TYPE_1
2357,LYCOMING,LO-360-A1G6D,,FAA_TYPE_1
2358,LYCOMING,LO-360-A1H6,,FAA_TYPE_1
2359,LYCOMING,LO-360-E1A6DA,,FAA_TYPE_1
2360,LYCOMING,LO-360-E1AD,,FAA_TYPE_1
2361,LYCOMING,LO-360-E1BD,,FAA_TYPE_1
2362,LYCOMING,LO-360-E2AD,,FAA_TYPE_1
2363,LYCOMING,LO-360-E2BD,,FAA_TYPE_1
2364,LYCOMING,LTC1B-1,,FAA_TYPE_3
2365,LYCOMING,LTC1K-4K,,FAA_TYPE_3
2366,LYCOMING,LTC4B-8D,,FAA_TYPE_3
2367,LYCOMING,LTIO-540-F2BD,,FAA_TYPE_1
2368,LYCOMING,LTIO-540-J2B,,FAA_TYPE_1
2369,LYCOMING,LTIO-540-J2BD,,FAA_TYPE_1
2370,LYCOMING,LTIO-540-K1AD,,FAA_TYPE_1
2371,LYCOMING,LTIO-540-N2BD,,FAA_TYPE_1
2372,LYCOMING,LTIO-540-R2AD,,FAA_TYPE_1
2373,LYCOMING,LTIO-540-U2A,,FAA_TYPE_1
2374,LYCOMING,LTIO-540-V2AD,,FAA_TYPE_1
2375,LYCOMING,LTIO-540-W2A,,FAA_TYPE_1
2376,LYCOMING,LTO-360-A1A6D,,FAA_TYPE_1
2377,LYCOMING,LTO-360-E1A6D,,FAA_TYPE_1
2378,LYCOMING,LTP 101-600,,FAA_TYPE_2
2379,LYCOMING,LTP101-600A,,FAA_TYPE_1
2380,LYCOMING,LTP101-600A1A,,FAA_TYPE_2
2381,LYCOMING,LTP101-700A1A,,FAA_TYPE_2
2382,LYCOMING,LTS 101 600A,,FAA_TYPE_3
2383,LYCOMING,LTS-101 SER,,FAA_TYPE_3
2384,LYCOMING,LTS-750-B-1,,FAA_TYPE_3
2385,LYCOMING,LYCOMING,,FAA_TYPE_1
2386,LYCOMING,O&GO-145C SER,,FAA_TYPE_1
2387,LYCOMING,O&VO-360 SER,,FAA_TYPE_1
2388,LYCOMING,O-145-A1,,FAA_TYPE_1
2389,LYCOMING,O-145-A2,,FAA_TYPE_1
2390,LYCOMING,O-145-B2,,FAA_TYPE_1
2391,LYCOMING,O-145-B3,,FAA_TYPE_1
2392,LYCOMING,O-145-C2,,FAA_TYPE_1
2393,LYCOMING,O-233,,FAA_TYPE_1
2394,LYCOMING,O-235,,FAA_TYPE_1
2395,LYCOMING,O-235-C,,FAA_TYPE_1
2396,LYCOMING,O-235-C1,,FAA_TYPE_8
2397,LYCOMING,O-235-C1A,,FAA_TYPE_1
2398,LYCOMING,O-235-C1B,,FAA_TYPE_1
2399,LYCOMING,O-235-C1C,,FAA_TYPE_1
2400,LYCOMING,O-235-C2,,FAA_TYPE_1
2401,LYCOMING,O-235-C2A,,FAA_TYPE_1
2402,LYCOMING,O-235-C2B,,FAA_TYPE_1
2403,LYCOMING,O-235-C2C,,FAA_TYPE_1
2404,LYCOMING,O-235-E1,,FAA_TYPE_1
2405,LYCOMING,O-235-E1B,,FAA_TYPE_1
2406,LYCOMING,O-235-E2A,,FAA_TYPE_1
2407,LYCOMING,O-235-E2B,,FAA_TYPE_1
2408,LYCOMING,O-235-F1,,FAA_TYPE_1
2409,LYCOMING,O-235-F1B,,FAA_TYPE_1
2410,LYCOMING,O-235-F2A,,FAA_TYPE_1
2411,LYCOMING,O-235-F2B,,FAA_TYPE_1
2412,LYCOMING,O-235-G1,,FAA_TYPE_1
2413,LYCOMING,O-235-G1B,,FAA_TYPE_1
2414,LYCOMING,O-235-G2A,,FAA_TYPE_1
2415,LYCOMING,O-235-G2B,,FAA_TYPE_1
2416,LYCOMING,O-235-H2C,,FAA_TYPE_1
2417,LYCOMING,O-235-J2A,,FAA_TYPE_1
2418,LYCOMING,O-235-J2B,,FAA_TYPE_1
2419,LYCOMING,O-235-K2A,,FAA_TYPE_1
2420,LYCOMING,O-235-K2B,,FAA_TYPE_1
2421,LYCOMING,O-235-K2C,,FAA_TYPE_1
2422,LYCOMING,O-235-L2A,,FAA_TYPE_1
2423,LYCOMING,O-235-L2C,,FAA_TYPE_8
2424,LYCOMING,O-235-M1,,FAA_TYPE_1
2425,LYCOMING,O-235-M2C,,FAA_TYPE_1
2426,LYCOMING,O-235-M3C,,FAA_TYPE_1
2427,LYCOMING,O-235-N2A,,FAA_TYPE_1
2428,LYCOMING,O-235-P1,,FAA_TYPE_1
2429,LYCOMING,O-235-P2A,,FAA_TYPE_1
2430,LYCOMING,O-235-P2C,,FAA_TYPE_1
2431,LYCOMING,O-235-P3C,,FAA_TYPE_1
2432,LYCOMING,O-290,,FAA_TYPE_1
2433,LYCOMING,O-290-A,,FAA_TYPE_1
2434,LYCOMING,O-290-AP,,FAA_TYPE_1
2435,LYCOMING,O-290-B,,FAA_TYPE_1
2436,LYCOMING,O-290-C,,FAA_TYPE_1
2437,LYCOMING,O-290-CP,,FAA_TYPE_1
2438,LYCOMING,O-290-D,,FAA_TYPE_1
2439,LYCOMING,O-290-D2,,FAA_TYPE_1
2440,LYCOMING,O-290-D2A,,FAA_TYPE_1
2441,LYCOMING,O-290-D2B,,FAA_TYPE_1
2442,LYCOMING,O-290-D2C,,FAA_TYPE_1
2443,LYCOMING,O-290-G,,FAA_TYPE_8
2444,LYCOMING,O-320 SERIES,,FAA_TYPE_1
2445,LYCOMING,O-320-A,,FAA_TYPE_1
2446,LYCOMING,O-320-A1A,,FAA_TYPE_1
2447,LYCOMING,O-320-A1B,,FAA_TYPE_1
2448,LYCOMING,O-320-A2B,,FAA_TYPE_1
2449,LYCOMING,O-320-A2C,,FAA_TYPE_1
2450,LYCOMING,O-320-A2D,,FAA_TYPE_1
2451,LYCOMING,O-320-A3A,,FAA_TYPE_1
2452,LYCOMING,O-320-A3B,,FAA_TYPE_1
2453,LYCOMING,O-320-A3C,,FAA_TYPE_1
2454,LYCOMING,O-320-B1A,,FAA_TYPE_1
2455,LYCOMING,O-320-B1B,,FAA_TYPE_1
2456,LYCOMING,O-320-B2A,,FAA_TYPE_1
2457,LYCOMING,O-320-B2B,,FAA_TYPE_1
2458,LYCOMING,O-320-B2C,,FAA_TYPE_1
2459,LYCOMING,O-320-B2D,,FAA_TYPE_1
2460,LYCOMING,O-320-B2E,,FAA_TYPE_1
2461,LYCOMING,O-320-B3A,,FAA_TYPE_1
2462,LYCOMING,O-320-B3B,,FAA_TYPE_1
2463,LYCOMING,O-320-B3C,,FAA_TYPE_1
2464,LYCOMING,O-320-C1A,,FAA_TYPE_1
2465,LYCOMING,O-320-C1B,,FAA_TYPE_1
2466,LYCOMING,O-320-C2A,,FAA_TYPE_1
2467,LYCOMING,O-320-C2B,,FAA_TYPE_1
2468,LYCOMING,O-320-C2C,,FAA_TYPE_1
2469,LYCOMING,O-320-C3A,,FAA_TYPE_1
2470,LYCOMING,O-320-C3B,,FAA_TYPE_1
2471,LYCOMING,O-320-C3C,,FAA_TYPE_1
2472,LYCOMING,O-320-D1A,,FAA_TYPE_1
2473,LYCOMING,O-320-D1B,,FAA_TYPE_1
2474,LYCOMING,O-320-D1C,,FAA_TYPE_1
2475,LYCOMING,O-320-D1D,,FAA_TYPE_1
2476,LYCOMING,O-320-D1F,,FAA_TYPE_1
2477,LYCOMING,O-320-D2,,FAA_TYPE_1
2478,LYCOMING,O-320-D2A,,FAA_TYPE_1
2479,LYCOMING,O-320-D2B,,FAA_TYPE_1
2480,LYCOMING,O-320-D2C,,FAA_TYPE_1
2481,LYCOMING,O-320-D2F,,FAA_TYPE_1
2482,LYCOMING,O-320-D2G,,FAA_TYPE_1
2483,LYCOMING,O-320-D2H,,FAA_TYPE_1
2484,LYCOMING,O-320-D2J,,FAA_TYPE_1
2485,LYCOMING,O-320-D3G,,FAA_TYPE_1
2486,LYCOMING,O-320-E1A,,FAA_TYPE_1
2487,LYCOMING,O-320-E1B,,FAA_TYPE_1
2488,LYCOMING,O-320-E1C,,FAA_TYPE_1
2489,LYCOMING,O-320-E1F,,FAA_TYPE_1
2490,LYCOMING,O-320-E1J,,FAA_TYPE_1
2491,LYCOMING,O-320-E2A,,FAA_TYPE_8
2492,LYCOMING,O-320-E2B,,FAA_TYPE_1
2493,LYCOMING,O-320-E2C,,FAA_TYPE_1
2494,LYCOMING,O-320-E2D,,FAA_TYPE_8
2495,LYCOMING,O-320-E2F,,FAA_TYPE_1
2496,LYCOMING,O-320-E2G,,FAA_TYPE_1
2497,LYCOMING,O-320-E2H,,FAA_TYPE_1
2498,LYCOMING,O-320-E3D,,FAA_TYPE_1
2499,LYCOMING,O-320-E3H,,FAA_TYPE_1
2500,LYCOMING,O-320-EXP,,FAA_TYPE_1
2501,LYCOMING,O-320-H1AD,,FAA_TYPE_1
2502,LYCOMING,O-320-H1BD,,FAA_TYPE_1
2503,LYCOMING,O-320-H2AD,,FAA_TYPE_1
2504,LYCOMING,O-320-H2BD,,FAA_TYPE_1
2505,LYCOMING,O-320-H3AD,,FAA_TYPE_1
2506,LYCOMING,O-320-H3BD,,FAA_TYPE_1
2507,LYCOMING,O-340-A1A,,FAA_TYPE_1
2508,LYCOMING,O-340-A2A,,FAA_TYPE_1
2509,LYCOMING,O-340-B1A,,FAA_TYPE_1
2510,LYCOMING,O-350,,FAA_TYPE_1
2511,LYCOMING,O-350-A,,FAA_TYPE_1
2512,LYCOMING,O-360 SERIES,,FAA_TYPE_1
2513,LYCOMING,O-360-A1A,,FAA_TYPE_8
2514,LYCOMING,O-360-A1AD,,FAA_TYPE_1
2515,LYCOMING,O-360-A1C,,FAA_TYPE_1
2516,LYCOMING,O-360-A1D,,FAA_TYPE_1
2517,LYCOMING,O-360-A1F,,FAA_TYPE_1
2518,LYCOMING,O-360-A1F6,,FAA_TYPE_8
2519,LYCOMING,O-360-A1F6D,,FAA_TYPE_1
2520,LYCOMING,O-360-A1G,,FAA_TYPE_1
2521,LYCOMING,O-360-A1G6,,FAA_TYPE_1
2522,LYCOMING,O-360-A1G6D,,FAA_TYPE_1
2523,LYCOMING,O-360-A1H,,FAA_TYPE_1
2524,LYCOMING,O-360-A1H6,,FAA_TYPE_1
2525,LYCOMING,O-360-A1LD,,FAA_TYPE_1
2526,LYCOMING,O-360-A1P,,FAA_TYPE_1
2527,LYCOMING,O-360-A2A,,FAA_TYPE_1
2528,LYCOMING,O-360-A2D,,FAA_TYPE_1
2529,LYCOMING,O-360-A2E,,FAA_TYPE_1
2530,LYCOMING,O-360-A2F,,FAA_TYPE_1
2531,LYCOMING,O-360-A2G,,FAA_TYPE_1
2532,LYCOMING,O-360-A2H,,FAA_TYPE_1
2533,LYCOMING,O-360-A3A,,FAA_TYPE_1
2534,LYCOMING,O-360-A3AD,,FAA_TYPE_1
2535,LYCOMING,O-360-A3D,,FAA_TYPE_1
2536,LYCOMING,O-360-A4A,,FAA_TYPE_1
2537,LYCOMING,O-360-A4AD,,FAA_TYPE_1
2538,LYCOMING,O-360-A4D,,FAA_TYPE_4
2539,LYCOMING,O-360-A4G,,FAA_TYPE_1
2540,LYCOMING,O-360-A4J,,FAA_TYPE_4
2541,LYCOMING,O-360-A4K,,FAA_TYPE_1
2542,LYCOMING,O-360-A4M,,FAA_TYPE_8
2543,LYCOMING,O-360-A4N,,FAA_TYPE_1
2544,LYCOMING,O-360-A4P,,FAA_TYPE_1
2545,LYCOMING,O-360-A5AD,,FAA_TYPE_1
2546,LYCOMING,O-360-B1A,,FAA_TYPE_1
2547,LYCOMING,O-360-B1B,,FAA_TYPE_1
2548,LYCOMING,O-360-B2A,,FAA_TYPE_1
2549,LYCOMING,O-360-B2B,,FAA_TYPE_1
2550,LYCOMING,O-360-B2C,,FAA_TYPE_1
2551,LYCOMING,O-360-C1A,,FAA_TYPE_1
2552,LYCOMING,O-360-C1C,,FAA_TYPE_1
2553,LYCOMING,O-360-C1E,,FAA_TYPE_1
2554,LYCOMING,O-360-C1F,,FAA_TYPE_1
2555,LYCOMING,O-360-C1G,,FAA_TYPE_1
2556,LYCOMING,O-360-C2A,,FAA_TYPE_1
2557,LYCOMING,O-360-C2B,,FAA_TYPE_1
2558,LYCOMING,O-360-C2C,,FAA_TYPE_1
2559,LYCOMING,O-360-C2D,,FAA_TYPE_1
2560,LYCOMING,O-360-C2E,,FAA_TYPE_1
2561,LYCOMING,O-360-C4F,,FAA_TYPE_1
2562,LYCOMING,O-360-C4P,,FAA_TYPE_1
2563,LYCOMING,O-360-D1A,,FAA_TYPE_1
2564,LYCOMING,O-360-D2A,,FAA_TYPE_1
2565,LYCOMING,O-360-D2B,,FAA_TYPE_1
2566,LYCOMING,O-360-E1A6D,,FAA_TYPE_1
2567,LYCOMING,O-360-E1AD,,FAA_TYPE_1
2568,LYCOMING,O-360-E1BD,,FAA_TYPE_1
2569,LYCOMING,O-360-E2AD,,FAA_TYPE_1
2570,LYCOMING,O-360-E2BD,,FAA_TYPE_1
2571,LYCOMING,O-360-F1A6,,FAA_TYPE_1
2572,LYCOMING,O-360-G1A6,,FAA_TYPE_1
2573,LYCOMING,O-360-J2A,,FAA_TYPE_1
2574,LYCOMING,O-390 SERIES,,FAA_TYPE_1
2575,LYCOMING,O-435,,FAA_TYPE_1
2576,LYCOMING,O-435-2-MI,,FAA_TYPE_1
2577,LYCOMING,O-435-A,,FAA_TYPE_1
2578,LYCOMING,O-435-A2,,FAA_TYPE_1
2579,LYCOMING,O-435-B,,FAA_TYPE_1
2580,LYCOMING,O-435-C,,FAA_TYPE_1
2581,LYCOMING,O-435-C1,,FAA_TYPE_1
2582,LYCOMING,O-435-C2,,FAA_TYPE_1
2583,LYCOMING,O-435-K,,FAA_TYPE_1
2584,LYCOMING,O-435-K1,,FAA_TYPE_1
2585,LYCOMING,O-450-25,,FAA_TYPE_1
2586,LYCOMING,O-540 SERIES,,FAA_TYPE_1
2587,LYCOMING,O-540-A1A,,FAA_TYPE_1
2588,LYCOMING,O-540-A1A5,,FAA_TYPE_1
2589,LYCOMING,O-540-A1B5,,FAA_TYPE_1
2590,LYCOMING,O-540-A1C5,,FAA_TYPE_1
2591,LYCOMING,O-540-A1D,,FAA_TYPE_1
2592,LYCOMING,O-540-A1D5,,FAA_TYPE_1
2593,LYCOMING,O-540-A2B,,FAA_TYPE_1
2594,LYCOMING,O-540-A3D5,,FAA_TYPE_1
2595,LYCOMING,O-540-A4A5,,FAA_TYPE_1
2596,LYCOMING,O-540-A4B5,,FAA_TYPE_1
2597,LYCOMING,O-540-A4C5,,FAA_TYPE_1
2598,LYCOMING,O-540-A4D5,,FAA_TYPE_1
2599,LYCOMING,O-540-B1A5,,FAA_TYPE_1
2600,LYCOMING,O-540-B1B5,,FAA_TYPE_1
2601,LYCOMING,O-540-B1D5,,FAA_TYPE_1
2602,LYCOMING,O-540-B2A5,,FAA_TYPE_1
2603,LYCOMING,O-540-B2B5,,FAA_TYPE_1
2604,LYCOMING,O-540-B2C5,,FAA_TYPE_1
2605,LYCOMING,O-540-B4A5,,FAA_TYPE_1
2606,LYCOMING,O-540-B4B5,,FAA_TYPE_1
2607,LYCOMING,O-540-D1A5,,FAA_TYPE_1
2608,LYCOMING,O-540-E4A5,,FAA_TYPE_1
2609,LYCOMING,O-540-E4B5,,FAA_TYPE_1
2610,LYCOMING,O-540-E4C5,,FAA_TYPE_1
2611,LYCOMING,O-540-E4G5,,FAA_TYPE_1
2612,LYCOMING,O-540-F1A5,,FAA_TYPE_1
2613,LYCOMING,O-540-F1B5,,FAA_TYPE_1
2614,LYCOMING,O-540-G1A5,,FAA_TYPE_1
2615,LYCOMING,O-540-G2A5,,FAA_TYPE_1
2616,LYCOMING,O-540-H1A5,,FAA_TYPE_1
2617,LYCOMING,O-540-H1A5D,,FAA_TYPE_1
2618,LYCOMING,O-540-H1B5D,,FAA_TYPE_1
2619,LYCOMING,O-540-H2A5,,FAA_TYPE_1
2620,LYCOMING,O-540-H2A5D,,FAA_TYPE_1
2621,LYCOMING,O-540-J1A5D,,FAA_TYPE_1
2622,LYCOMING,O-540-J1B5D,,FAA_TYPE_1
2623,LYCOMING,O-540-J1C5D,,FAA_TYPE_1
2624,LYCOMING,O-540-J1D5D,,FAA_TYPE_1
2625,LYCOMING,O-540-J2A5D,,FAA_TYPE_1
2626,LYCOMING,O-540-J2B5D,,FAA_TYPE_1
2627,LYCOMING,O-540-J2C5D,,FAA_TYPE_1
2628,LYCOMING,O-540-J2D5D,,FAA_TYPE_1
2629,LYCOMING,O-540-J3A5D,,FAA_TYPE_1
2630,LYCOMING,O-540-J3C5D,,FAA_TYPE_1
2631,LYCOMING,O-540-L3C5D,,FAA_TYPE_1
2632,LYCOMING,O235N2C,,FAA_TYPE_8
2633,LYCOMING,R-1820 SER,,FAA_TYPE_1_2
2634,LYCOMING,R-530-D-2,,FAA_TYPE_1
2635,LYCOMING,R-530-D1,,FAA_TYPE_1
2636,LYCOMING,R-680-2,,FAA_TYPE_1
2637,LYCOMING,R-680-4,,FAA_TYPE_1
2638,LYCOMING,R-680-5,,FAA_TYPE_1
2639,LYCOMING,R-680-6,,FAA_TYPE_1
2640,LYCOMING,R-680-B2,,FAA_TYPE_1
2641,LYCOMING,R-680-B4,,FAA_TYPE_1
2642,LYCOMING,R-680-B4B,,FAA_TYPE_1
2643,LYCOMING,R-680-B5,,FAA_TYPE_1
2644,LYCOMING,R-680-B6,,FAA_TYPE_1
2645,LYCOMING,R-680-BA,,FAA_TYPE_1
2646,LYCOMING,R-680-D5,,FAA_TYPE_1
2647,LYCOMING,R-680-D6,,FAA_TYPE_1
2648,LYCOMING,R-680E1,,FAA_TYPE_1
2649,LYCOMING,R-680E2,,FAA_TYPE_1
2650,LYCOMING,R-680E3,,FAA_TYPE_1
2651,LYCOMING,R680,,FAA_TYPE_1
2652,LYCOMING,R680-13,,FAA_TYPE_1
2653,LYCOMING,R680-17,,FAA_TYPE_1
2654,LYCOMING,R680-2-B2-BA,,FAA_TYPE_1
2655,LYCOMING,R680-4P-B4,,FAA_TYPE_1
2656,LYCOMING,R680-5-B5-D5,,FAA_TYPE_1
2657,LYCOMING,R680-6B6-D6,,FAA_TYPE_1
2658,LYCOMING,R680E SERIES,,FAA_TYPE_1
2659,LYCOMING,R680E3A,,FAA_TYPE_1
2660,LYCOMING,R680E3B,,FAA_TYPE_1
2661,LYCOMING,SO-580-A1A,,FAA_TYPE_1
2662,LYCOMING,SO-580-A1B,,FAA_TYPE_1
2663,LYCOMING,T-53,,FAA_TYPE_3
2664,LYCOMING,T-53 SER,,FAA_TYPE_2
2665,LYCOMING,T-53 SERIES,,FAA_TYPE_1
2666,LYCOMING,T-55 SER TP,,FAA_TYPE_2
2667,LYCOMING,T-55 SER TS,,FAA_TYPE_3
2668,LYCOMING,T0-360 SER,,FAA_TYPE_1
2669,LYCOMING,T53-L-11D,,FAA_TYPE_3
2670,LYCOMING,T53-L-13,,FAA_TYPE_3
2671,LYCOMING,T53-L-13B,,FAA_TYPE_3
2672,LYCOMING,T53-L-701,,FAA_TYPE_2
2673,LYCOMING,T5307A,,FAA_TYPE_2
2674,LYCOMING,T5309A,,FAA_TYPE_3
2675,LYCOMING,T5309B,,FAA_TYPE_3
2676,LYCOMING,T5309C,,FAA_TYPE_3
2677,LYCOMING,T5311A,,FAA_TYPE_3
2678,LYCOMING,T5311B,,FAA_TYPE_3
2679,LYCOMING,T5313B,,FAA_TYPE_3
2680,LYCOMING,T5317A,,FAA_TYPE_3
2681,LYCOMING,T5317A-1,,FAA_TYPE_3
2682,LYCOMING,T5317B,,FAA_TYPE_3
2683,LYCOMING,T53L-703,,FAA_TYPE_3
2684,LYCOMING,T5508D,,FAA_TYPE_3
2685,LYCOMING,TEO-540-C1A,,FAA_TYPE_1
2686,LYCOMING,TI0-540 SER,,FAA_TYPE_2
2687,LYCOMING,TI0-541 SER,,FAA_TYPE_1
2688,LYCOMING,TIFO-541-B1A,,FAA_TYPE_1
2689,LYCOMING,TIGO-541-C1A,,FAA_TYPE_1
2690,LYCOMING,TIGO-541-D1A,,FAA_TYPE_1
2691,LYCOMING,TIGO-541-D1B,,FAA_TYPE_1
2692,LYCOMING,TIGO-541-E1A,,FAA_TYPE_1
2693,LYCOMING,TIGO-541-G1AD,,FAA_TYPE_1
2694,LYCOMING,TIGO-541SER,,FAA_TYPE_1
2695,LYCOMING,TIO 540 SER,,FAA_TYPE_1_2
2696,LYCOMING,TIO-360 SER,,FAA_TYPE_1
2697,LYCOMING,TIO-360-A1A,,FAA_TYPE_1
2698,LYCOMING,TIO-360-A1B,,FAA_TYPE_1
2699,LYCOMING,TIO-360-A3B6,,FAA_TYPE_1
2700,LYCOMING,TIO-360-C1A,,FAA_TYPE_1
2701,LYCOMING,TIO-360-C1A6D,,FAA_TYPE_1
2702,LYCOMING,TIO-540-A1A,,FAA_TYPE_1
2703,LYCOMING,TIO-540-A1B,,FAA_TYPE_1
2704,LYCOMING,TIO-540-A1C,,FAA_TYPE_1
2705,LYCOMING,TIO-540-A2A,,FAA_TYPE_1
2706,LYCOMING,TIO-540-A2B,,FAA_TYPE_1
2707,LYCOMING,TIO-540-A2C,,FAA_TYPE_1
2708,LYCOMING,TIO-540-AA1AD,,FAA_TYPE_1
2709,LYCOMING,TIO-540-AB1AD,,FAA_TYPE_1
2710,LYCOMING,TIO-540-AB1BD,,FAA_TYPE_1
2711,LYCOMING,TIO-540-AE2A,,FAA_TYPE_1_2
2712,LYCOMING,TIO-540-AF1A,,FAA_TYPE_1
2713,LYCOMING,TIO-540-AF1B,,FAA_TYPE_1
2714,LYCOMING,TIO-540-AG1A,,FAA_TYPE_1
2715,LYCOMING,TIO-540-AH1A,,FAA_TYPE_1
2716,LYCOMING,TIO-540-AJ1A,,FAA_TYPE_1
2717,LYCOMING,TIO-540-AK1A,,FAA_TYPE_2
2718,LYCOMING,TIO-540-C1A,,FAA_TYPE_1
2719,LYCOMING,TIO-540-E1A,,FAA_TYPE_1
2720,LYCOMING,TIO-540-F2BD,,FAA_TYPE_1
2721,LYCOMING,TIO-540-G1A,,FAA_TYPE_1
2722,LYCOMING,TIO-540-H1A,,FAA_TYPE_1
2723,LYCOMING,TIO-540-J2B,,FAA_TYPE_1
2724,LYCOMING,TIO-540-J2BD,,FAA_TYPE_1
2725,LYCOMING,TIO-540-K1AD,,FAA_TYPE_1
2726,LYCOMING,TIO-540-N2BD,,FAA_TYPE_1
2727,LYCOMING,TIO-540-R2AD,,FAA_TYPE_1
2728,LYCOMING,TIO-540-S1AD,,FAA_TYPE_1
2729,LYCOMING,TIO-540-T2AD,,FAA_TYPE_1
2730,LYCOMING,TIO-540-U2A,,FAA_TYPE_1
2731,LYCOMING,TIO-540-V2AD,,FAA_TYPE_1
2732,LYCOMING,TIO-540-W2A,,FAA_TYPE_1
2733,LYCOMING,TIO-540-X136,,FAA_TYPE_1
2734,LYCOMING,TIO-541 SER,,FAA_TYPE_1
2735,LYCOMING,TIO-541-A1A,,FAA_TYPE_1
2736,LYCOMING,TIO-541-E1A4,,FAA_TYPE_1
2737,LYCOMING,TIO-541-E1B4,,FAA_TYPE_1
2738,LYCOMING,TIO-541-E1C4,,FAA_TYPE_1
2739,LYCOMING,TIO-541-E1D4,,FAA_TYPE_1
2740,LYCOMING,TO-360-A1A6D,,FAA_TYPE_1
2741,LYCOMING,TO-360-C1A6D,,FAA_TYPE_1
2742,LYCOMING,TO-360-E1A6D,,FAA_TYPE_1
2743,LYCOMING,TO-360-E1A6D1,,FAA_TYPE_1
2744,LYCOMING,TO-360-F1A6D,,FAA_TYPE_1
2745,LYCOMING,TSIO-360SER,,FAA_TYPE_2
2746,LYCOMING,TVO-435-A1A,,FAA_TYPE_1
2747,LYCOMING,TVO-435-B1A,,FAA_TYPE_1
2748,LYCOMING,TVO-435-B1B,,FAA_TYPE_1
2749,LYCOMING,TVO-435-C1A,,FAA_TYPE_1
2750,LYCOMING,TVO-435-D1A,,FAA_TYPE_1
2751,LYCOMING,TVO-435-D1B,,FAA_TYPE_1
2752,LYCOMING,TVO-435-E1A,,FAA_TYPE_1
2753,LYCOMING,TVO-435-F1A,,FAA_TYPE_1
2754,LYCOMING,TVO-435-G1A,,FAA_TYPE_1_2
2755,LYCOMING,TVO-435-G1B,,FAA_TYPE_1
2756,LYCOMING,TVO-435-GIA,,FAA_TYPE_2
2757,LYCOMING,V0-360-A1A,,FAA_TYPE_1
2758,LYCOMING,V0-360-A1B,,FAA_TYPE_1
2759,LYCOMING,V0-360-B1A,,FAA_TYPE_1
2760,LYCOMING,VO-435 SERIES,,FAA_TYPE_1
2761,LYCOMING,VO-435-A1A,,FAA_TYPE_1
2762,LYCOMING,VO-435-A1B,,FAA_TYPE_1
2763,LYCOMING,VO-435-A1C,,FAA_TYPE_1
2764,LYCOMING,VO-435-A1D,,FAA_TYPE_1
2765,LYCOMING,VO-435-A1E,,FAA_TYPE_1
2766,LYCOMING,VO-435-A1F,,FAA_TYPE_1
2767,LYCOMING,VO-435-B1A,,FAA_TYPE_1
2768,LYCOMING,VO-540 SER,,FAA_TYPE_3
2769,LYCOMING,VO-540 SERIES,,FAA_TYPE_1
2770,LYCOMING,VO-540-A1A,,FAA_TYPE_1
2771,LYCOMING,VO-540-A2A,,FAA_TYPE_1
2772,LYCOMING,VO-540-B1A,,FAA_TYPE_1
2773,LYCOMING,VO-540-B1B,,FAA_TYPE_1
2774,LYCOMING,VO-540-B1B3,,FAA_TYPE_1
2775,LYCOMING,VO-540-B1C,,FAA_TYPE_1
2776,LYCOMING,VO-540-B1D,,FAA_TYPE_1
2777,LYCOMING,VO-540-B1E,,FAA_TYPE_1
2778,LYCOMING,VO-540-B1F,,FAA_TYPE_1
2779,LYCOMING,VO-540-B1H3,,FAA_TYPE_1
2780,LYCOMING,VO-540-B2A,,FAA_TYPE_1
2781,LYCOMING,VO-540-B2C,,FAA_TYPE_1
2782,LYCOMING,VO-540-B2D,,FAA_TYPE_1
2783,LYCOMING,VO-540-B2E,,FAA_TYPE_1
2784,LYCOMING,VO-540-C1A,,FAA_TYPE_1
2785,LYCOMING,VO-540-C1B,,FAA_TYPE_1
2786,LYCOMING,VO-540-C1C3,,FAA_TYPE_1
2787,LYCOMING,VO-540-C2A,,FAA_TYPE_1
2788,LYCOMING,VO-540-C2B,,FAA_TYPE_1
2789,LYCOMING,VO540-C2C,,FAA_TYPE_1
2790,LYCOMING,VSO-580-A1A,,FAA_TYPE_1
2791,LYCOMING,X(I)O 320,,FAA_TYPE_8
2792,LYCOMING,XIO-360 SERIE,,FAA_TYPE_1
2793,LYCOMING,XIO-390 SERIE,,FAA_TYPE_1
2794,LYCOMING,XIO-390-A3B6,,FAA_TYPE_8
2795,LYCOMING,XIO-540 SERIE,,FAA_TYPE_1
2796,LYCOMING,XLIO-360A1B,,FAA_TYPE_1
2797,LYCOMING,XLO-360 SERIE,,FAA_TYPE_1
2798,LYCOMING,YAEIO-233-EXP,,FAA_TYPE_1
2799,LYCOMING,YAEIO-540,,FAA_TYPE_1
2800,LYCOMING,YAEIO-580,,FAA_TYPE_1
2801,LYCOMING,YIO-233-B2A,,FAA_TYPE_8
2802,LYCOMING,YIO-320 SERIE,,FAA_TYPE_1
2803,LYCOMING,YIO-360 EXP,,FAA_TYPE_1
2804,LYCOMING,YIO-360-A186,,FAA_TYPE_1
2805,LYCOMING,YIO-360-M1A,,FAA_TYPE_1
2806,LYCOMING,YIO-360-M1B,,FAA_TYPE_1
2807,LYCOMING,YIO-390 SER,,FAA_TYPE_1
2808,LYCOMING,YIO-390-A3B6,,FAA_TYPE_1
2809,LYCOMING,YIO-390EXP109,,FAA_TYPE_1
2810,LYCOMING,YIO-390EXP289,,FAA_TYPE_1
2811,LYCOMING,YIO-540 SERIE,,FAA_TYPE_1
2812,LYCOMING,YO-233,,FAA_TYPE_8
2813,LYCOMING,YO-320 SERIES,,FAA_TYPE_1
2814,LYCOMING,YO-360 SERIES,,FAA_TYPE_1
2815,LYCOMING,YO-360-A1A,,FAA_TYPE_8
2816,LYCOMING,YO235 SERIES,,FAA_TYPE_8
2817,LYCOMING,YT55-L-9,,FAA_TYPE_3
2818,LZ DESIGN,FES SIL 100,,FAA_TYPE_10
2819,LZ DESIGN,FES-AS-M100,,FAA_TYPE_10
2820,LZ DESIGN,FES-DIA-M100,,FAA_TYPE_10
2821,LZ DESIGN,FES-LAK-M100,,FAA_TYPE_10
2822,LZ DESIGN,FES-VEN-M100,,FAA_TYPE_10
2823,LZ DESIGN,LES-LAK-C100,,FAA_TYPE_10
2824,M&D FLUGZE,MD-TJ42,,FAA_TYPE_4
2825,MAGICALL,MAGIDRIVE 75,,FAA_TYPE_10
2826,MAGNIX,MAGNI250,,FAA_TYPE_10
2827,MAGNIX,MAGNI500,,FAA_TYPE_10
2828,MAGNIX,MAGNI650,,FAA_TYPE_10
2829,MATTITUCK,IO-360,,FAA_TYPE_1
2830,MATTITUCK,TMX 360,,FAA_TYPE_1
2831,MATTITUCK,TMX 390,,FAA_TYPE_1
2832,MATTITUCK,TMX IO-360,,FAA_TYPE_1
2833,MATTITUCK,TMX IO-390,,FAA_TYPE_8
2834,MATTITUCK,TMX IO540D4A5,,FAA_TYPE_1
2835,MATTITUCK,TMX O-200,,FAA_TYPE_8
2836,MATTITUCK,TMX O-320,,FAA_TYPE_1
2837,MATTITUCK,TMX O-360,,FAA_TYPE_1
2838,MATTITUCK,TMX-0-360-A1A,,FAA_TYPE_8
2839,MATTITUCK,TMX-540,,FAA_TYPE_1
2840,MAZDA,13B,,FAA_TYPE_1_11
2841,MCCULLOCH,430,,FAA_TYPE_1
2842,MCCULLOCH,4318 SERIES,,FAA_TYPE_1
2843,MCCULLOCH,4318A&E/0-100,,FAA_TYPE_1
2844,MCCULLOCH,ALL MDLS A/B,,FAA_TYPE_1
2845,MENASCO,0-45,,FAA_TYPE_1
2846,MENASCO,A-6,,FAA_TYPE_1
2847,MENASCO,B6S,,FAA_TYPE_1
2848,MENASCO,BUCCANEER B-6,,FAA_TYPE_1
2849,MENASCO,BUCCANEER B6S,,FAA_TYPE_1
2850,MENASCO,C6S-4,,FAA_TYPE_1
2851,MENASCO,DR-87,,FAA_TYPE_1
2852,MENASCO,PIRATE A-4,,FAA_TYPE_1
2853,MENASCO,PIRATE B-4,,FAA_TYPE_1
2854,MENASCO,PIRATE C4,,FAA_TYPE_1
2855,MENASCO,PIRATE C4 D4,,FAA_TYPE_1
2856,MENASCO,PIRATE C4S,,FAA_TYPE_1
2857,MENASCO,PIRATE D4,,FAA_TYPE_1
2858,MENASCO,PIRATE D4-87,,FAA_TYPE_1
2859,MENASCO,PIRATE M-50,,FAA_TYPE_1
2860,MENASCO,S PIRATE D4B,,FAA_TYPE_1
2861,MENASCO,S PIRATE DRB,,FAA_TYPE_1
2862,MENASCO,SUP PIRT D4B,,FAA_TYPE_1
2863,MERCEDES,D111A,,FAA_TYPE_1
2864,MERCURY,1000,,FAA_TYPE_1
2865,MERCURY,MK78/75/,,FAA_TYPE_1
2866,MICRO,TRS-18,,FAA_TYPE_4
2867,MICRORURBO,TJ100B,,FAA_TYPE_4
2868,MID-WEST,AE50R,,FAA_TYPE_1
2869,MILW PARTS,TANK V470,,FAA_TYPE_1
2870,MILW PARTS,TANK V502,,FAA_TYPE_1
2871,MILW PARTS,TANK VSER,,FAA_TYPE_1
2872,MISTRAL,G-190,,FAA_TYPE_1
2873,MISTRAL,G-300,,FAA_TYPE_11
2874,MONOCOUPE,LAMBERT R-266,,FAA_TYPE_1
2875,MOTO GUZZI,750,,FAA_TYPE_1
2876,MOTOR-SICH,AI-25TL,,FAA_TYPE_5
2877,MOTORLET,M-701(SERIES),,FAA_TYPE_4
2878,MOTORLET,M-701C,,FAA_TYPE_4
2879,MOTORLET,M601D-11,,FAA_TYPE_2
2880,MOTORLET,M601E-11,,FAA_TYPE_2
2881,MOTORLET,M601E-11A,,FAA_TYPE_2
2882,MOTORLET,M601E-11AS,,FAA_TYPE_2
2883,MOTORLET,M601E-11S,,FAA_TYPE_2
2884,MOTORLET,M601F,,FAA_TYPE_2
2885,MOTORSTAR,M-14P-XEDK,,FAA_TYPE_1
2886,MOTORSTAR,M14-PDXK,,FAA_TYPE_1
2887,NATIONAL A,E-107A,,FAA_TYPE_1
2888,NATIONAL A,E-113,,FAA_TYPE_1
2889,NATIONAL A,E-113A,,FAA_TYPE_1
2890,NATIONAL A,E-113B,,FAA_TYPE_1
2891,NATIONAL A,E-113C,,FAA_TYPE_1
2892,NATIONAL A,E-113CB,,FAA_TYPE_1
2893,NATIONAL A,E-113CD,,FAA_TYPE_1
2894,NATIONAL A,E-113CDB,,FAA_TYPE_1
2895,NELSON,H-44-54-59-63,,FAA_TYPE_1
2896,OLDSMOBILE,ROCKET 64654,,FAA_TYPE_1
2897,ONAN,ALL MDLS A/B,,FAA_TYPE_1
2898,ORBITAL,N20B,,FAA_TYPE_7
2899,ORENDA,10,,FAA_TYPE_4
2900,ORENDA,14,,FAA_TYPE_4
2901,ORENDA,J85-15,,FAA_TYPE_4
2902,ORENDA,J85-CAN-15,,FAA_TYPE_4
2903,ORENDA,OE600A,,FAA_TYPE_1
2904,OUTBOARD,BIG TWIN,,FAA_TYPE_1
2905,P & W,127,,FAA_TYPE_2
2906,P & W,2SD-G,,FAA_TYPE_1
2907,P & W,2SD1-G,,FAA_TYPE_1
2908,P & W,2SD13-G,,FAA_TYPE_1
2909,P & W,985 WASP JR A,,FAA_TYPE_1
2910,P & W,985 WASP SER,,FAA_TYPE_1
2911,P & W,A HORNET,,FAA_TYPE_1
2912,P & W,A WASP,,FAA_TYPE_1
2913,P & W,A-1,,FAA_TYPE_1
2914,P & W,A-2,,FAA_TYPE_1
2915,P & W,A-3,,FAA_TYPE_1
2916,P & W,B HORNET,,FAA_TYPE_1
2917,P & W,B WASP,,FAA_TYPE_1
2918,P & W,B-4,,FAA_TYPE_1
2919,P & W,B-5 WASP JR,,FAA_TYPE_1
2920,P & W,B1,,FAA_TYPE_1
2921,P & W,B1-G,,FAA_TYPE_1
2922,P & W,B13,,FAA_TYPE_1
2923,P & W,B14,,FAA_TYPE_1
2924,P & W,B5 WASP MAJOR,,FAA_TYPE_1
2925,P & W,B6,,FAA_TYPE_1
2926,P & W,B7,,FAA_TYPE_1
2927,P & W,C WASP,,FAA_TYPE_1
2928,P & W,C1,,FAA_TYPE_1
2929,P & W,CA15,,FAA_TYPE_1
2930,P & W,CA17,,FAA_TYPE_1
2931,P & W,CA18,,FAA_TYPE_1
2932,P & W,CA19,,FAA_TYPE_1
2933,P & W,CA3,,FAA_TYPE_1
2934,P & W,CA5,,FAA_TYPE_1
2935,P & W,CB16,,FAA_TYPE_1
2936,P & W,CB17,,FAA_TYPE_1
2937,P & W,CB2,,FAA_TYPE_1
2938,P & W,CB3,,FAA_TYPE_1
2939,P & W,CB4,,FAA_TYPE_1
2940,P & W,CD,,FAA_TYPE_1
2941,P & W,D-3,,FAA_TYPE_1
2942,P & W,D-4,,FAA_TYPE_1
2943,P & W,D-5,,FAA_TYPE_1
2944,P & W,D-7,,FAA_TYPE_1
2945,P & W,D14,,FAA_TYPE_1
2946,P & W,F100-PW200,,FAA_TYPE_5
2947,P & W,F117-PW-100,,FAA_TYPE_5
2948,P & W,J-60-P3A,,FAA_TYPE_4
2949,P & W,J52 P08,,FAA_TYPE_4
2950,P & W,J52-P-408,,FAA_TYPE_4
2951,P & W,J52-P-8B,,FAA_TYPE_4
2952,P & W,J60-P-5B,,FAA_TYPE_4
2953,P & W,J60-P-6,,FAA_TYPE_4
2954,P & W,J60P-5A,,FAA_TYPE_4
2955,P & W,JFTD12A SER,,FAA_TYPE_3
2956,P & W,JFTD12A-4A,,FAA_TYPE_3
2957,P & W,JFTD12A-5A,,FAA_TYPE_3
2958,P & W,JT12A SERIES,,FAA_TYPE_4
2959,P & W,JT12A-6,,FAA_TYPE_4
2960,P & W,JT12A-6 6A,,FAA_TYPE_4
2961,P & W,JT12A-6A,,FAA_TYPE_4
2962,P & W,JT12A-8,,FAA_TYPE_4
2963,P & W,JT15D-5,,FAA_TYPE_5
2964,P & W,JT3C-12,,FAA_TYPE_4
2965,P & W,JT3C-4,,FAA_TYPE_4
2966,P & W,JT3C-4&6,,FAA_TYPE_4
2967,P & W,JT3C-6,,FAA_TYPE_4
2968,P & W,JT3C-7,,FAA_TYPE_4
2969,P & W,JT3D SERIES,,FAA_TYPE_5
2970,P & W,JT3D-1,,FAA_TYPE_5
2971,P & W,JT3D-1-MC6,,FAA_TYPE_5
2972,P & W,JT3D-1-MC7,,FAA_TYPE_5
2973,P & W,JT3D-1A,,FAA_TYPE_5
2974,P & W,JT3D-1A-MC6,,FAA_TYPE_5
2975,P & W,JT3D-1A-MC7,,FAA_TYPE_5
2976,P & W,JT3D-3,,FAA_TYPE_5
2977,P & W,JT3D-3&3B,,FAA_TYPE_5
2978,P & W,JT3D-3B,,FAA_TYPE_5
2979,P & W,JT3D-3C,,FAA_TYPE_5
2980,P & W,JT3D-5A,,FAA_TYPE_5
2981,P & W,JT3D-7,,FAA_TYPE_5
2982,P & W,JT3D-7A,,FAA_TYPE_5
2983,P & W,JT4A-10,,FAA_TYPE_4
2984,P & W,JT4A-11,,FAA_TYPE_4
2985,P & W,JT4A-12,,FAA_TYPE_4
2986,P & W,JT4A-3,,FAA_TYPE_4
2987,P & W,JT4A-3&5SER,,FAA_TYPE_4
2988,P & W,JT4A-5,,FAA_TYPE_4
2989,P & W,JT4A-9,,FAA_TYPE_4
2990,P & W,JT8D SERIES,,FAA_TYPE_4
2991,P & W,JT8D-1,,FAA_TYPE_4
2992,P & W,JT8D-11,,FAA_TYPE_4
2993,P & W,JT8D-15,,FAA_TYPE_5
2994,P & W,JT8D-15A,,FAA_TYPE_5
2995,P & W,JT8D-17,,FAA_TYPE_5
2996,P & W,JT8D-17 SER,,FAA_TYPE_4
2997,P & W,JT8D-17A,,FAA_TYPE_5
2998,P & W,JT8D-17AR,,FAA_TYPE_4
2999,P & W,JT8D-17R,,FAA_TYPE_4
3000,P & W,JT8D-1A,,FAA_TYPE_4
3001,P & W,JT8D-1B,,FAA_TYPE_4
3002,P & W,JT8D-209,,FAA_TYPE_4
3003,P & W,JT8D-217,,FAA_TYPE_4
3004,P & W,JT8D-217A,,FAA_TYPE_5
3005,P & W,JT8D-217C,,FAA_TYPE_5
3006,P & W,JT8D-219,,FAA_TYPE_5
3007,P & W,JT8D-5,,FAA_TYPE_4
3008,P & W,JT8D-7,,FAA_TYPE_5
3009,P & W,JT8D-7A,,FAA_TYPE_5
3010,P & W,JT8D-7B,,FAA_TYPE_5
3011,P & W,JT8D-9,,FAA_TYPE_4
3012,P & W,JT8D-9 SER,,FAA_TYPE_4
3013,P & W,JT8D-9A,,FAA_TYPE_4
3014,P & W,JT9D SERIES,,FAA_TYPE_5
3015,P & W,JT9D-20,,FAA_TYPE_5
3016,P & W,JT9D-20J,,FAA_TYPE_5
3017,P & W,JT9D-3A,,FAA_TYPE_5
3018,P & W,JT9D-59A,,FAA_TYPE_5
3019,P & W,JT9D-7,,FAA_TYPE_5
3020,P & W,JT9D-70A,,FAA_TYPE_5
3021,P & W,JT9D-7A,,FAA_TYPE_5
3022,P & W,JT9D-7AH,,FAA_TYPE_5
3023,P & W,JT9D-7F,,FAA_TYPE_5
3024,P & W,JT9D-7H,,FAA_TYPE_5
3025,P & W,JT9D-7J,,FAA_TYPE_5
3026,P & W,JT9D-7Q,,FAA_TYPE_5
3027,P & W,JT9D-7Q3,,FAA_TYPE_5
3028,P & W,JT9D-7R4D,,FAA_TYPE_5
3029,P & W,JT9D-7R4D1,,FAA_TYPE_5
3030,P & W,JT9D-7R4E,,FAA_TYPE_5
3031,P & W,JT9D-7R4E1,,FAA_TYPE_5
3032,P & W,JT9D-7R4E4,,FAA_TYPE_5
3033,P & W,JT9D-7R4G2,,FAA_TYPE_5
3034,P & W,JT9D-7R4H1,,FAA_TYPE_5
3035,P & W,PT6A-20A,,FAA_TYPE_2
3036,P & W,PT6A-27,,FAA_TYPE_2
3037,P & W,PT6A-28,,FAA_TYPE_2
3038,P & W,PT6A-34,,FAA_TYPE_2
3039,P & W,PT6T-3,,FAA_TYPE_3
3040,P & W,PT6T-3A,,FAA_TYPE_3
3041,P & W,PT6T-3B,,FAA_TYPE_3
3042,P & W,PT6T-3BE,,FAA_TYPE_3
3043,P & W,PT6T-3BF,,FAA_TYPE_3
3044,P & W,PT6T-3BG,,FAA_TYPE_3
3045,P & W,PT6T-3D,,FAA_TYPE_3
3046,P & W,PT6T-3DE,,FAA_TYPE_3
3047,P & W,PT6T-3DF,,FAA_TYPE_3
3048,P & W,PT6T-6,,FAA_TYPE_3
3049,P & W,PT6T-9,,FAA_TYPE_3
3050,P & W,PW1500G SER,,FAA_TYPE_5
3051,P & W,PW1519G,,FAA_TYPE_5
3052,P & W,PW1521G SERIE,,FAA_TYPE_5
3053,P & W,PW1524G SERIE,,FAA_TYPE_5
3054,P & W,PW1921G,,FAA_TYPE_5
3055,P & W,PW2000,,FAA_TYPE_5
3056,P & W,PW2037,,FAA_TYPE_5
3057,P & W,PW2037(M),,FAA_TYPE_5
3058,P & W,PW2037D,,FAA_TYPE_5
3059,P & W,PW2040,,FAA_TYPE_5
3060,P & W,PW2040D,,FAA_TYPE_5
3061,P & W,PW2043,,FAA_TYPE_5
3062,P & W,PW2143,,FAA_TYPE_5
3063,P & W,PW2240,,FAA_TYPE_5
3064,P & W,PW2337,,FAA_TYPE_5
3065,P & W,PW2643,,FAA_TYPE_5
3066,P & W,PW300 SER,,FAA_TYPE_5
3067,P & W,PW4050,,FAA_TYPE_5
3068,P & W,PW4052,,FAA_TYPE_5
3069,P & W,PW4056,,FAA_TYPE_5
3070,P & W,PW4060,,FAA_TYPE_5
3071,P & W,PW4060A,,FAA_TYPE_5
3072,P & W,PW4060C,,FAA_TYPE_5
3073,P & W,PW4062,,FAA_TYPE_5
3074,P & W,PW4062A,,FAA_TYPE_5
3075,P & W,PW4074,,FAA_TYPE_5
3076,P & W,PW4074D,,FAA_TYPE_5
3077,P & W,PW4077,,FAA_TYPE_5
3078,P & W,PW4077D,,FAA_TYPE_5
3079,P & W,PW4084,,FAA_TYPE_5
3080,P & W,PW4084D,,FAA_TYPE_5
3081,P & W,PW4090,,FAA_TYPE_5
3082,P & W,PW4090-3,,FAA_TYPE_5
3083,P & W,PW4090D,,FAA_TYPE_5
3084,P & W,PW4098,,FAA_TYPE_5
3085,P & W,PW4152,,FAA_TYPE_5
3086,P & W,PW4156,,FAA_TYPE_5
3087,P & W,PW4156A,,FAA_TYPE_5
3088,P & W,PW4158,,FAA_TYPE_5
3089,P & W,PW4160,,FAA_TYPE_5
3090,P & W,PW4164,,FAA_TYPE_5
3091,P & W,PW4168,,FAA_TYPE_5
3092,P & W,PW4168A,,FAA_TYPE_5
3093,P & W,PW4460,,FAA_TYPE_5
3094,P & W,PW4462,,FAA_TYPE_5
3095,P & W,PW4650,,FAA_TYPE_5
3096,P & W,PW6122A,,FAA_TYPE_5
3097,P & W,PW6124A,,FAA_TYPE_5
3098,P & W,R-1340-19,,FAA_TYPE_1
3099,P & W,R-1340-22,,FAA_TYPE_1
3100,P & W,R-1340-29,,FAA_TYPE_1
3101,P & W,R-1340-36,,FAA_TYPE_1
3102,P & W,R-1340-40,,FAA_TYPE_1
3103,P & W,R-1340-47,,FAA_TYPE_1
3104,P & W,R-1340-49,,FAA_TYPE_1
3105,P & W,R-1340-49M1,,FAA_TYPE_1
3106,P & W,R-1340-51,,FAA_TYPE_1
3107,P & W,R-1340-51M1,,FAA_TYPE_1
3108,P & W,R-1340-53,,FAA_TYPE_1
3109,P & W,R-1340-57,,FAA_TYPE_1
3110,P & W,R-1340-59,,FAA_TYPE_1
3111,P & W,R-1340-61,,FAA_TYPE_1
3112,P & W,R-1340-AN-1,,FAA_TYPE_1
3113,P & W,R-1340-AN-2,,FAA_TYPE_1
3114,P & W,R-1830 SERIES,,FAA_TYPE_1
3115,P & W,R-1830-43,,FAA_TYPE_1
3116,P & W,R-1830-43A,,FAA_TYPE_1
3117,P & W,R-1830-49,,FAA_TYPE_1
3118,P & W,R-1830-53,,FAA_TYPE_1
3119,P & W,R-1830-57,,FAA_TYPE_1
3120,P & W,R-1830-61,,FAA_TYPE_1
3121,P & W,R-1830-65,,FAA_TYPE_1
3122,P & W,R-1830-67,,FAA_TYPE_1
3123,P & W,R-1830-75,,FAA_TYPE_1
3124,P & W,R-1830-82,,FAA_TYPE_1
3125,P & W,R-1830-86M2,,FAA_TYPE_1
3126,P & W,R-1830-90B,,FAA_TYPE_1
3127,P & W,R-1830-90C,,FAA_TYPE_1
3128,P & W,R-1830-90D,,FAA_TYPE_1
3129,P & W,R-1830-92,,FAA_TYPE_1
3130,P & W,R-1830-92A,,FAA_TYPE_1
3131,P & W,R-1830-94,,FAA_TYPE_1
3132,P & W,R-1830-94M1,,FAA_TYPE_1
3133,P & W,R-1830-94M2,,FAA_TYPE_1
3134,P & W,R-1830-96,,FAA_TYPE_1
3135,P & W,R-2000,,FAA_TYPE_1
3136,P & W,R-2000 SERIES,,FAA_TYPE_1
3137,P & W,R-2000-11,,FAA_TYPE_1
3138,P & W,R-2000-11M1,,FAA_TYPE_1
3139,P & W,R-2000-11M2,,FAA_TYPE_1
3140,P & W,R-2000-11M3,,FAA_TYPE_1
3141,P & W,R-2000-11M4,,FAA_TYPE_1
3142,P & W,R-2000-3,,FAA_TYPE_1
3143,P & W,R-2000-4,,FAA_TYPE_1
3144,P & W,R-2000-4M1,,FAA_TYPE_1
3145,P & W,R-2000-4M2,,FAA_TYPE_1
3146,P & W,R-2000-7,,FAA_TYPE_1
3147,P & W,R-2000-7M1,,FAA_TYPE_1
3148,P & W,R-2000-7M2,,FAA_TYPE_1
3149,P & W,R-2000-7M3,,FAA_TYPE_1
3150,P & W,R-2000-9,,FAA_TYPE_1
3151,P & W,R-2000-94M,,FAA_TYPE_1
3152,P & W,R-2000-9A,,FAA_TYPE_1
3153,P & W,R-2000-9M1,,FAA_TYPE_1
3154,P & W,R-2000-9M2,,FAA_TYPE_1
3155,P & W,R-2000-9M3,,FAA_TYPE_1
3156,P & W,R-2000-9M6,,FAA_TYPE_1
3157,P & W,R-2800 SERIES,,FAA_TYPE_1
3158,P & W,R-2800-21,,FAA_TYPE_1
3159,P & W,R-2800-21M1,,FAA_TYPE_1
3160,P & W,R-2800-27,,FAA_TYPE_1
3161,P & W,R-2800-27M1,,FAA_TYPE_1
3162,P & W,R-2800-31,,FAA_TYPE_1
3163,P & W,R-2800-31M1,,FAA_TYPE_1
3164,P & W,R-2800-31M2,,FAA_TYPE_1
3165,P & W,R-2800-43,,FAA_TYPE_1
3166,P & W,R-2800-51,,FAA_TYPE_1
3167,P & W,R-2800-51M1,,FAA_TYPE_1
3168,P & W,R-2800-51M2,,FAA_TYPE_1
3169,P & W,R-2800-51M3,,FAA_TYPE_1
3170,P & W,R-2800-51M4,,FAA_TYPE_1
3171,P & W,R-2800-59,,FAA_TYPE_1
3172,P & W,R-2800-59M1,,FAA_TYPE_1
3173,P & W,R-2800-63,,FAA_TYPE_1
3174,P & W,R-2800-71,,FAA_TYPE_1
3175,P & W,R-2800-75,,FAA_TYPE_1
3176,P & W,R-2800-75M1,,FAA_TYPE_1
3177,P & W,R-2800-75M2,,FAA_TYPE_1
3178,P & W,R-2800-75M3,,FAA_TYPE_1
3179,P & W,R-2800-79,,FAA_TYPE_1
3180,P & W,R-985-13,,FAA_TYPE_1
3181,P & W,R-985-14B,,FAA_TYPE_1
3182,P & W,R-985-17,,FAA_TYPE_1
3183,P & W,R-985-19,,FAA_TYPE_1
3184,P & W,R-985-23,,FAA_TYPE_1
3185,P & W,R-985-25,,FAA_TYPE_1
3186,P & W,R-985-27,,FAA_TYPE_1
3187,P & W,R-985-39,,FAA_TYPE_1
3188,P & W,R-985-39A,,FAA_TYPE_2
3189,P & W,R-985-48,,FAA_TYPE_1
3190,P & W,R-985-5,,FAA_TYPE_1
3191,P & W,R-985-50,,FAA_TYPE_1
3192,P & W,R-985-AN-1,,FAA_TYPE_1
3193,P & W,R-985-AN-10,,FAA_TYPE_1
3194,P & W,R-985-AN-12,,FAA_TYPE_1
3195,P & W,R-985-AN-12B,,FAA_TYPE_1
3196,P & W,R-985-AN-14B,,FAA_TYPE_1
3197,P & W,R-985-AN-1M1,,FAA_TYPE_1
3198,P & W,R-985-AN-2,,FAA_TYPE_1
3199,P & W,R-985-AN-3,,FAA_TYPE_1
3200,P & W,R-985-AN-4,,FAA_TYPE_1
3201,P & W,R-985-AN-5,,FAA_TYPE_1
3202,P & W,R-985-AN-6,,FAA_TYPE_1
3203,P & W,R-985-AN-6B,,FAA_TYPE_1
3204,P & W,R-985-AN-8,,FAA_TYPE_1
3205,P & W,R-985-AN14BM1,,FAA_TYPE_1
3206,P & W,R2800-97,,FAA_TYPE_1
3207,P & W,S1B1,,FAA_TYPE_1
3208,P & W,S1B1-G,,FAA_TYPE_1
3209,P & W,S1C-G,,FAA_TYPE_1
3210,P & W,S1C3-G,,FAA_TYPE_2
3211,P & W,S1D1,,FAA_TYPE_1
3212,P & W,S1D1-G,,FAA_TYPE_1
3213,P & W,S1E-G,,FAA_TYPE_1
3214,P & W,S1E2-G,,FAA_TYPE_1
3215,P & W,S1E3-G,,FAA_TYPE_1
3216,P & W,S1H1,,FAA_TYPE_1
3217,P & W,S1H1-G,,FAA_TYPE_1
3218,P & W,S1H2,,FAA_TYPE_1
3219,P & W,S1H4,,FAA_TYPE_1
3220,P & W,S2B1,,FAA_TYPE_1
3221,P & W,S2B1-G,,FAA_TYPE_1
3222,P & W,S2E-G,,FAA_TYPE_1
3223,P & W,S3B1,,FAA_TYPE_1
3224,P & W,S3C4-G,,FAA_TYPE_1
3225,P & W,S3D1,,FAA_TYPE_1
3226,P & W,S3H1,,FAA_TYPE_1
3227,P & W,S3H1-G,,FAA_TYPE_1
3228,P & W,S3H2,,FAA_TYPE_1
3229,P & W,S4C4-G,,FAA_TYPE_1
3230,P & W,SB,,FAA_TYPE_1
3231,P & W,SB-1,,FAA_TYPE_1
3232,P & W,SB-2,,FAA_TYPE_1
3233,P & W,SB-3,,FAA_TYPE_1
3234,P & W,SB-G,,FAA_TYPE_1
3235,P & W,SB3-G,,FAA_TYPE_1
3236,P & W,SC,,FAA_TYPE_1
3237,P & W,SC-1,,FAA_TYPE_1
3238,P & W,SC-G,,FAA_TYPE_1
3239,P & W,SC3-G,,FAA_TYPE_1
3240,P & W,SR-1340-E,,FAA_TYPE_1
3241,P & W,T1B2,,FAA_TYPE_1
3242,P & W,T1B3,,FAA_TYPE_1
3243,P & W,T1D1,,FAA_TYPE_1
3244,P & W,T2D1,,FAA_TYPE_1
3245,P & W,T3A,,FAA_TYPE_1
3246,P & W,T73-P-1,,FAA_TYPE_3
3247,P & W,T73-P-700,,FAA_TYPE_3
3248,P & W,TB,,FAA_TYPE_1
3249,P & W,TB-2,,FAA_TYPE_1
3250,P & W,TD1,,FAA_TYPE_1
3251,P & W,TF33-P-7,,FAA_TYPE_5
3252,P & W,TF33-P-7A,,FAA_TYPE_5
3253,P & W,TSB3-G,,FAA_TYPE_1
3254,P & W,TWIN WASP E1,,FAA_TYPE_1
3255,P & W,W-A-B-C-D,,FAA_TYPE_1
3256,P & W,YF-119,,FAA_TYPE_5
3257,P & W,YF-199,,FAA_TYPE_4
3258,P & WC,PT6E-66XT,,FAA_TYPE_2
3259,P&W,DW-CA SERIES,,FAA_TYPE_1
3260,P&W,DW-CB SERIES,,FAA_TYPE_1
3261,P&W,H-A SERIES,,FAA_TYPE_1
3262,P&W,H-B&HSB SER,,FAA_TYPE_1
3263,P&W,H-S1E SERIES,,FAA_TYPE_1
3264,P&W,J42&J48 SER,,FAA_TYPE_4
3265,P&W,J52-P-408A,,FAA_TYPE_4
3266,P&W,J57 SER,,FAA_TYPE_4
3267,P&W,J57-P10,,FAA_TYPE_4
3268,P&W,JT8D SERIES,,FAA_TYPE_5
3269,P&W,PT6 SERIES,,FAA_TYPE_2
3270,P&W,PT6-21,,FAA_TYPE_2
3271,P&W,PT6-67A,,FAA_TYPE_2
3272,P&W,PT6A SER,,FAA_TYPE_2
3273,P&W,PT6A SERIES,,FAA_TYPE_1
3274,P&W,PT6A66D,,FAA_TYPE_2
3275,P&W,PT6SER TP,,FAA_TYPE_2
3276,P&W,PW4000 SER,,FAA_TYPE_5
3277,P&W,PW615F,,FAA_TYPE_5
3278,P&W,R-4360,,FAA_TYPE_1
3279,P&W,R-985 SERIES,,FAA_TYPE_1
3280,P&W,R1340 SERIES,,FAA_TYPE_1
3281,P&W,T34 SERIES,,FAA_TYPE_2
3282,P&W,T400-CP-400,,FAA_TYPE_3
3283,P&W,TW-D-2SD,,FAA_TYPE_1
3284,P&W,TW-S1-S3-S4,,FAA_TYPE_1
3285,P&W,TW-SB SERIES,,FAA_TYPE_1
3286,P&W,TW-SC SERIES,,FAA_TYPE_1
3287,P&W,TWJR-SAIG,,FAA_TYPE_1
3288,P&W,W-S1D&TD SER,,FAA_TYPE_1
3289,P&W,W-S1H&S3H,,FAA_TYPE_1
3290,P&W,W-SC SERIES,,FAA_TYPE_1
3291,P&W,WJR-A,,FAA_TYPE_1
3292,P&W,WJR-B-S-T,,FAA_TYPE_1
3293,P&W,WMAJ SERIES,,FAA_TYPE_1
3294,P&W C,XPT6A-140,,FAA_TYPE_2
3295,P&W C,XPT6A-65SC,,FAA_TYPE_2
3296,P&W C,XPW545B,,FAA_TYPE_5
3297,P&W C,XPW814GA,,FAA_TYPE_5
3298,P&W CANADA,305 SERIES,,FAA_TYPE_4
3299,P&W CANADA,305A,,FAA_TYPE_5
3300,P&W CANADA,530A,,FAA_TYPE_5
3301,P&W CANADA,JT12D-5,,FAA_TYPE_5
3302,P&W CANADA,JT15D 5 SER,,FAA_TYPE_5
3303,P&W CANADA,JT15D-1,,FAA_TYPE_5
3304,P&W CANADA,JT15D-1A,,FAA_TYPE_5
3305,P&W CANADA,JT15D-1B,,FAA_TYPE_5
3306,P&W CANADA,JT15D-4,,FAA_TYPE_5
3307,P&W CANADA,JT15D-4B,,FAA_TYPE_5
3308,P&W CANADA,JT15D-4C,,FAA_TYPE_5
3309,P&W CANADA,JT15D-4D,,FAA_TYPE_4
3310,P&W CANADA,JT15D-5,,FAA_TYPE_5
3311,P&W CANADA,JT15D-5A,,FAA_TYPE_5
3312,P&W CANADA,JT15D-5B,,FAA_TYPE_5
3313,P&W CANADA,JT15D-5C,,FAA_TYPE_5
3314,P&W CANADA,JT15D-5D,,FAA_TYPE_5
3315,P&W CANADA,JT15D-5F,,FAA_TYPE_5
3316,P&W CANADA,JT15D-5R,,FAA_TYPE_5
3317,P&W CANADA,P&W CANADA,,FAA_TYPE_3
3318,P&W CANADA,PT6,,FAA_TYPE_2
3319,P&W CANADA,PT6-25C,,FAA_TYPE_2
3320,P&W CANADA,PT6-35,,FAA_TYPE_2
3321,P&W CANADA,PT6-42,,FAA_TYPE_2
3322,P&W CANADA,PT6-60A,,FAA_TYPE_2
3323,P&W CANADA,PT6-65AR,,FAA_TYPE_2
3324,P&W CANADA,PT6A-11,,FAA_TYPE_2
3325,P&W CANADA,PT6A-110,,FAA_TYPE_2
3326,P&W CANADA,PT6A-112,,FAA_TYPE_2
3327,P&W CANADA,PT6A-114,,FAA_TYPE_2
3328,P&W CANADA,PT6A-114A,,FAA_TYPE_2
3329,P&W CANADA,PT6A-116,,FAA_TYPE_2
3330,P&W CANADA,PT6A-11AG,,FAA_TYPE_2
3331,P&W CANADA,PT6A-121,,FAA_TYPE_2
3332,P&W CANADA,PT6A-135,,FAA_TYPE_2
3333,P&W CANADA,PT6A-135A,,FAA_TYPE_2
3334,P&W CANADA,PT6A-140,,FAA_TYPE_2
3335,P&W CANADA,PT6A-140A,,FAA_TYPE_2
3336,P&W CANADA,PT6A-140AG,,FAA_TYPE_2
3337,P&W CANADA,PT6A-15AG,,FAA_TYPE_2
3338,P&W CANADA,PT6A-20,,FAA_TYPE_2
3339,P&W CANADA,PT6A-20A,,FAA_TYPE_2
3340,P&W CANADA,PT6A-20B,,FAA_TYPE_2
3341,P&W CANADA,PT6A-21,,FAA_TYPE_2
3342,P&W CANADA,PT6A-25,,FAA_TYPE_2
3343,P&W CANADA,PT6A-25A,,FAA_TYPE_2
3344,P&W CANADA,PT6A-25C,,FAA_TYPE_2
3345,P&W CANADA,PT6A-27,,FAA_TYPE_2
3346,P&W CANADA,PT6A-28,,FAA_TYPE_2
3347,P&W CANADA,PT6A-29,,FAA_TYPE_2
3348,P&W CANADA,PT6A-34,,FAA_TYPE_2
3349,P&W CANADA,PT6A-34AG,,FAA_TYPE_2
3350,P&W CANADA,PT6A-34B,,FAA_TYPE_2
3351,P&W CANADA,PT6A-35,,FAA_TYPE_2
3352,P&W CANADA,PT6A-36,,FAA_TYPE_2
3353,P&W CANADA,PT6A-38,,FAA_TYPE_2
3354,P&W CANADA,PT6A-40,,FAA_TYPE_2
3355,P&W CANADA,PT6A-41,,FAA_TYPE_2
3356,P&W CANADA,PT6A-41AG,,FAA_TYPE_2
3357,P&W CANADA,PT6A-42,,FAA_TYPE_2
3358,P&W CANADA,PT6A-42A,,FAA_TYPE_2
3359,P&W CANADA,PT6A-45,,FAA_TYPE_2
3360,P&W CANADA,PT6A-45A,,FAA_TYPE_2
3361,P&W CANADA,PT6A-45B,,FAA_TYPE_2
3362,P&W CANADA,PT6A-45R,,FAA_TYPE_2
3363,P&W CANADA,PT6A-50,,FAA_TYPE_2
3364,P&W CANADA,PT6A-52,,FAA_TYPE_2
3365,P&W CANADA,PT6A-6,,FAA_TYPE_2_3
3366,P&W CANADA,PT6A-6 SERIES,,FAA_TYPE_2
3367,P&W CANADA,PT6A-6/C20,,FAA_TYPE_2
3368,P&W CANADA,PT6A-60,,FAA_TYPE_2
3369,P&W CANADA,PT6A-60A,,FAA_TYPE_2_3
3370,P&W CANADA,PT6A-60AG,,FAA_TYPE_2
3371,P&W CANADA,PT6A-61,,FAA_TYPE_2
3372,P&W CANADA,PT6A-61A,,FAA_TYPE_2
3373,P&W CANADA,PT6A-62,,FAA_TYPE_2
3374,P&W CANADA,PT6A-64,,FAA_TYPE_2
3375,P&W CANADA,PT6A-65AG,,FAA_TYPE_2
3376,P&W CANADA,PT6A-65AR,,FAA_TYPE_2
3377,P&W CANADA,PT6A-65B,,FAA_TYPE_2
3378,P&W CANADA,PT6A-65R,,FAA_TYPE_2
3379,P&W CANADA,PT6A-66,,FAA_TYPE_2
3380,P&W CANADA,PT6A-66 SER,,FAA_TYPE_2
3381,P&W CANADA,PT6A-66A,,FAA_TYPE_2
3382,P&W CANADA,PT6A-66B,,FAA_TYPE_2
3383,P&W CANADA,PT6A-67,,FAA_TYPE_2
3384,P&W CANADA,PT6A-67A,,FAA_TYPE_2
3385,P&W CANADA,PT6A-67AG,,FAA_TYPE_2
3386,P&W CANADA,PT6A-67B,,FAA_TYPE_2
3387,P&W CANADA,PT6A-67D,,FAA_TYPE_2
3388,P&W CANADA,PT6A-67F,,FAA_TYPE_2
3389,P&W CANADA,PT6A-67P,,FAA_TYPE_2
3390,P&W CANADA,PT6A-67R,,FAA_TYPE_2
3391,P&W CANADA,PT6A-67T,,FAA_TYPE_2
3392,P&W CANADA,PT6A-68,,FAA_TYPE_2
3393,P&W CANADA,PT6A-68C,,FAA_TYPE_2
3394,P&W CANADA,PT6A-6A,,FAA_TYPE_2
3395,P&W CANADA,PT6A-6B,,FAA_TYPE_2
3396,P&W CANADA,PT6A66D,,FAA_TYPE_2
3397,P&W CANADA,PT6B-35F,,FAA_TYPE_3
3398,P&W CANADA,PT6B-36,,FAA_TYPE_3
3399,P&W CANADA,PT6B-36A,,FAA_TYPE_3
3400,P&W CANADA,PT6B-36B,,FAA_TYPE_3
3401,P&W CANADA,PT6B-37,,FAA_TYPE_3
3402,P&W CANADA,PT6B-37A,,FAA_TYPE_3
3403,P&W CANADA,PT6B-9,,FAA_TYPE_3
3404,P&W CANADA,PT6C-67C,,FAA_TYPE_3
3405,P&W CANADA,PT6C-67C1,,FAA_TYPE_3
3406,P&W CANADA,PT6C-67D,,FAA_TYPE_3
3407,P&W CANADA,PT6D-114A,,FAA_TYPE_2
3408,P&W CANADA,PT6E-67XP,,FAA_TYPE_2
3409,P&W CANADA,PT6T-3,,FAA_TYPE_3
3410,P&W CANADA,PT6T-3 SERIES,,FAA_TYPE_2
3411,P&W CANADA,PT6T-3A,,FAA_TYPE_3
3412,P&W CANADA,PT6T-3B,,FAA_TYPE_3
3413,P&W CANADA,PT6T-3BE,,FAA_TYPE_3
3414,P&W CANADA,PT6T-3BF,,FAA_TYPE_3
3415,P&W CANADA,PT6T-3BG,,FAA_TYPE_3
3416,P&W CANADA,PT6T-3D,,FAA_TYPE_3
3417,P&W CANADA,PT6T-3DE,,FAA_TYPE_3
3418,P&W CANADA,PT6T-3DF,,FAA_TYPE_3
3419,P&W CANADA,PT6T-6,,FAA_TYPE_3
3420,P&W CANADA,PT6T-9,,FAA_TYPE_3
3421,P&W CANADA,PW115,,FAA_TYPE_2
3422,P&W CANADA,PW118,,FAA_TYPE_2
3423,P&W CANADA,PW118A,,FAA_TYPE_2
3424,P&W CANADA,PW118B,,FAA_TYPE_2
3425,P&W CANADA,PW119B,,FAA_TYPE_2
3426,P&W CANADA,PW119C,,FAA_TYPE_2
3427,P&W CANADA,PW120,,FAA_TYPE_2
3428,P&W CANADA,PW120A,,FAA_TYPE_2
3429,P&W CANADA,PW121,,FAA_TYPE_2
3430,P&W CANADA,PW121A,,FAA_TYPE_2
3431,P&W CANADA,PW123,,FAA_TYPE_2
3432,P&W CANADA,PW123AF,,FAA_TYPE_2
3433,P&W CANADA,PW123B,,FAA_TYPE_2
3434,P&W CANADA,PW123C,,FAA_TYPE_2
3435,P&W CANADA,PW123D,,FAA_TYPE_2
3436,P&W CANADA,PW123E,,FAA_TYPE_2
3437,P&W CANADA,PW124,,FAA_TYPE_2
3438,P&W CANADA,PW124B,,FAA_TYPE_2
3439,P&W CANADA,PW125B,,FAA_TYPE_2
3440,P&W CANADA,PW126A,,FAA_TYPE_2
3441,P&W CANADA,PW127,,FAA_TYPE_2
3442,P&W CANADA,PW127E,,FAA_TYPE_2
3443,P&W CANADA,PW127F,,FAA_TYPE_2
3444,P&W CANADA,PW127G,,FAA_TYPE_2
3445,P&W CANADA,PW127M,,FAA_TYPE_2
3446,P&W CANADA,PW150A,,FAA_TYPE_2
3447,P&W CANADA,PW200,,FAA_TYPE_3
3448,P&W CANADA,PW206A,,FAA_TYPE_3
3449,P&W CANADA,PW206B,,FAA_TYPE_3
3450,P&W CANADA,PW206B SERIES,,FAA_TYPE_3
3451,P&W CANADA,PW206B2,,FAA_TYPE_3
3452,P&W CANADA,PW206B3,,FAA_TYPE_3
3453,P&W CANADA,PW206C,,FAA_TYPE_3
3454,P&W CANADA,PW206E,,FAA_TYPE_3
3455,P&W CANADA,PW207C,,FAA_TYPE_3
3456,P&W CANADA,PW207D,,FAA_TYPE_3
3457,P&W CANADA,PW207D1/D2,,FAA_TYPE_3
3458,P&W CANADA,PW207E,,FAA_TYPE_3
3459,P&W CANADA,PW210A,,FAA_TYPE_3
3460,P&W CANADA,PW210S,,FAA_TYPE_3
3461,P&W CANADA,PW305,,FAA_TYPE_5
3462,P&W CANADA,PW305A,,FAA_TYPE_5
3463,P&W CANADA,PW305B,,FAA_TYPE_5
3464,P&W CANADA,PW306A,,FAA_TYPE_5
3465,P&W CANADA,PW306B,,FAA_TYPE_5
3466,P&W CANADA,PW306C,,FAA_TYPE_5
3467,P&W CANADA,PW306D,,FAA_TYPE_5
3468,P&W CANADA,PW306D1,,FAA_TYPE_5
3469,P&W CANADA,PW307A,,FAA_TYPE_5
3470,P&W CANADA,PW307D,,FAA_TYPE_5
3471,P&W CANADA,PW308 SER,,FAA_TYPE_5
3472,P&W CANADA,PW308A,,FAA_TYPE_5
3473,P&W CANADA,PW308C,,FAA_TYPE_5
3474,P&W CANADA,PW360D,,FAA_TYPE_5
3475,P&W CANADA,PW530A,,FAA_TYPE_5
3476,P&W CANADA,PW535A,,FAA_TYPE_5
3477,P&W CANADA,PW535B,,FAA_TYPE_5
3478,P&W CANADA,PW535E,,FAA_TYPE_5
3479,P&W CANADA,PW535E1,,FAA_TYPE_5
3480,P&W CANADA,PW545 SER,,FAA_TYPE_5
3481,P&W CANADA,PW545A,,FAA_TYPE_5
3482,P&W CANADA,PW545B,,FAA_TYPE_5
3483,P&W CANADA,PW545C,,FAA_TYPE_5
3484,P&W CANADA,PW610F-A,,FAA_TYPE_5
3485,P&W CANADA,PW615F-A,,FAA_TYPE_5
3486,P&W CANADA,PW617F-E,,FAA_TYPE_5
3487,P&W CANADA,PW617F1-E,,FAA_TYPE_5
3488,P&W CANADA,PW812D,,FAA_TYPE_5
3489,P&W CANADA,PW812GA,,FAA_TYPE_5
3490,P&W CANADA,PW814GA,,FAA_TYPE_5
3491,P&W CANADA,PW815GA,,FAA_TYPE_5
3492,P&W CANADA,T74-CP-700,,FAA_TYPE_2
3493,P&W CANADA,T74-CP-702,,FAA_TYPE_2
3494,P&W CANADA,XPT6C-67A,,FAA_TYPE_3
3495,P&W CANADA,XPT6T-9,,FAA_TYPE_3
3496,P&W CANADA,XPW207D,,FAA_TYPE_3
3497,P&W CANADA,XPW545D,,FAA_TYPE_5
3498,P&W CANADA,XPW815GA,,FAA_TYPE_5
3499,P&WC,PT6A-65SC,,FAA_TYPE_2
3500,P&WC,PT6C-67A,,FAA_TYPE_3
3501,PACKARD,LIBERTY,,FAA_TYPE_1
3502,PACKARD,RR V-1650-7,,FAA_TYPE_1
3503,PBS,TJ100,,FAA_TYPE_4
3504,PBS,TP100,,FAA_TYPE_2
3505,PBS VELKA,TJ100,,FAA_TYPE_4
3506,PEZETEL,ASZ-621R-M18,,FAA_TYPE_1
3507,PHILLIPS,333,,FAA_TYPE_1
3508,PHILLIPS,333 SERIES,,FAA_TYPE_1
3509,PHILLIPS,333A,,FAA_TYPE_1
3510,PHILLIPS,333B,,FAA_TYPE_1
3511,PIPISTREL,E-811 SERIES,,FAA_TYPE_10
3512,PIPISTREL,ELECTRO 40/30,,FAA_TYPE_10
3513,PIPISTREL,PEM 60MVLC,,FAA_TYPE_10
3514,PKRD-ROLL,V1650 SERIES,,FAA_TYPE_1
3515,POBBJOY,R SERIES,,FAA_TYPE_1
3516,POLINI MOT,THOR 200 EVO,,FAA_TYPE_1
3517,POLLMAN,KFM 40/3500/2,,FAA_TYPE_1
3518,PORSCHE,678/4,,FAA_TYPE_1
3519,PORSCHE,930-67,,FAA_TYPE_1
3520,PORSCHE,PFM3200N01,,FAA_TYPE_1
3521,PORSCHE,PFM3200N02,,FAA_TYPE_1
3522,PORSCHE,PFM3200N03,,FAA_TYPE_1
3523,POST,A-L1000,,FAA_TYPE_1
3524,POTEZ,4534,,FAA_TYPE_1
3525,POWER 4 FL,B29I,,FAA_TYPE_7
3526,PW&C,PT6B SERIES,,FAA_TYPE_2
3527,PZL,GTD-350,,FAA_TYPE_3
3528,RAIKHLIN,RED A03,,FAA_TYPE_1
3529,RANGER,L440-3,,FAA_TYPE_8
3530,REARWIN,110 7DF,,FAA_TYPE_1
3531,REARWIN,7F,,FAA_TYPE_1
3532,REARWIN,7G,,FAA_TYPE_1
3533,REARWIN,85 5DF,,FAA_TYPE_1
3534,REARWIN,85 5F,,FAA_TYPE_1
3535,REARWIN,90 5F,,FAA_TYPE_1
3536,REARWIN,90 5G,,FAA_TYPE_1
3537,RECTIMO,4AR 1200,,FAA_TYPE_1
3538,RENAULT,4PO3,,FAA_TYPE_1
3539,RENAULT,6Q10A,,FAA_TYPE_1
3540,RENAULT,6Q10B,,FAA_TYPE_1
3541,RENAULT,H.P03,,FAA_TYPE_1
3542,REVMASTER,1800,,FAA_TYPE_1
3543,REVMASTER,2100,,FAA_TYPE_1
3544,REVMASTER,2100D,,FAA_TYPE_1
3545,REVMASTER,2200,,FAA_TYPE_1
3546,REVMASTER,2300,,FAA_TYPE_8
3547,REVMASTER,R-2300,,FAA_TYPE_8
3548,ROCHE,ROVER L267,,FAA_TYPE_1
3549,ROLL-ROYC,TAY 620-15,,FAA_TYPE_5
3550,ROLLS,RB3043/PRL700,,FAA_TYPE_5
3551,ROLLS DEU,BR700-710D521,,FAA_TYPE_5
3552,ROLLS DEU,TRENT XWB-84,,FAA_TYPE_5
3553,ROLLS DEUT,BR700-710A110,,FAA_TYPE_5
3554,ROLLS DEUT,BR700-710A220,,FAA_TYPE_5
3555,ROLLS DEUT,BR700-710C411,,FAA_TYPE_5
3556,ROLLS DEUT,BR700-715A130,,FAA_TYPE_5
3557,ROLLS DEUT,BR700-715B130,,FAA_TYPE_5
3558,ROLLS DEUT,BR700-715C130,,FAA_TYPE_5
3559,ROLLS DEUT,BR700-725A112,,FAA_TYPE_5
3560,ROLLS DEUT,BR700-730B214,,FAA_TYPE_5
3561,ROLLS DEUT,TRENT 1000-K3,,FAA_TYPE_5
3562,ROLLS ROYC,C90-14,,FAA_TYPE_1
3563,ROLLS-ROY,TRENT 7000-72,,FAA_TYPE_5
3564,ROLLS-ROY,TRENT 892-17,,FAA_TYPE_5
3565,ROLLS-ROYC,0-200-A,,FAA_TYPE_1
3566,ROLLS-ROYC,0-300,,FAA_TYPE_1
3567,ROLLS-ROYC,225-C10,,FAA_TYPE_3
3568,ROLLS-ROYC,225-C10-A,,FAA_TYPE_3
3569,ROLLS-ROYC,250 20&30 SER,,FAA_TYPE_3
3570,ROLLS-ROYC,250-B15A,,FAA_TYPE_2
3571,ROLLS-ROYC,250-B15E,,FAA_TYPE_2
3572,ROLLS-ROYC,250-B15G,,FAA_TYPE_2
3573,ROLLS-ROYC,250-B17,,FAA_TYPE_2
3574,ROLLS-ROYC,250-B17B,,FAA_TYPE_2
3575,ROLLS-ROYC,250-B17C,,FAA_TYPE_2
3576,ROLLS-ROYC,250-B17D,,FAA_TYPE_2
3577,ROLLS-ROYC,250-B17E,,FAA_TYPE_2
3578,ROLLS-ROYC,250-B17F,,FAA_TYPE_2
3579,ROLLS-ROYC,250-B17F/1,,FAA_TYPE_2
3580,ROLLS-ROYC,250-B17F/2,,FAA_TYPE_2
3581,ROLLS-ROYC,250-C10,,FAA_TYPE_3
3582,ROLLS-ROYC,250-C10B,,FAA_TYPE_3
3583,ROLLS-ROYC,250-C10D,,FAA_TYPE_3
3584,ROLLS-ROYC,250-C18,,FAA_TYPE_3
3585,ROLLS-ROYC,250-C18A,,FAA_TYPE_3
3586,ROLLS-ROYC,250-C18B,,FAA_TYPE_3
3587,ROLLS-ROYC,250-C18C,,FAA_TYPE_3
3588,ROLLS-ROYC,250-C19,,FAA_TYPE_3
3589,ROLLS-ROYC,250-C20,,FAA_TYPE_3
3590,ROLLS-ROYC,250-C20B,,FAA_TYPE_3
3591,ROLLS-ROYC,250-C20C,,FAA_TYPE_3
3592,ROLLS-ROYC,250-C20F,,FAA_TYPE_3
3593,ROLLS-ROYC,250-C20J,,FAA_TYPE_3
3594,ROLLS-ROYC,250-C20R,,FAA_TYPE_3
3595,ROLLS-ROYC,250-C20R/1,,FAA_TYPE_3
3596,ROLLS-ROYC,250-C20R/2,,FAA_TYPE_3
3597,ROLLS-ROYC,250-C20R/4,,FAA_TYPE_3
3598,ROLLS-ROYC,250-C20S,,FAA_TYPE_3
3599,ROLLS-ROYC,250-C20W,,FAA_TYPE_3
3600,ROLLS-ROYC,250-C28,,FAA_TYPE_3
3601,ROLLS-ROYC,250-C28B,,FAA_TYPE_3
3602,ROLLS-ROYC,250-C28C,,FAA_TYPE_3
3603,ROLLS-ROYC,250-C30,,FAA_TYPE_3
3604,ROLLS-ROYC,250-C300,,FAA_TYPE_3
3605,ROLLS-ROYC,250-C300/A1,,FAA_TYPE_3
3606,ROLLS-ROYC,250-C30G,,FAA_TYPE_3
3607,ROLLS-ROYC,250-C30G/2,,FAA_TYPE_3
3608,ROLLS-ROYC,250-C30H,,FAA_TYPE_3
3609,ROLLS-ROYC,250-C30M,,FAA_TYPE_3
3610,ROLLS-ROYC,250-C30P,,FAA_TYPE_3
3611,ROLLS-ROYC,250-C30R,,FAA_TYPE_3
3612,ROLLS-ROYC,250-C30R/1,,FAA_TYPE_3
3613,ROLLS-ROYC,250-C30R/3,,FAA_TYPE_3
3614,ROLLS-ROYC,250-C30R/3M,,FAA_TYPE_3
3615,ROLLS-ROYC,250-C30S,,FAA_TYPE_3
3616,ROLLS-ROYC,250-C30U,,FAA_TYPE_3
3617,ROLLS-ROYC,250-C40B,,FAA_TYPE_3
3618,ROLLS-ROYC,250-C47 SER,,FAA_TYPE_3
3619,ROLLS-ROYC,250-C47B,,FAA_TYPE_3
3620,ROLLS-ROYC,250-C47E/4,,FAA_TYPE_3
3621,ROLLS-ROYC,250-C47M,,FAA_TYPE_3
3622,ROLLS-ROYC,501-D13,,FAA_TYPE_2
3623,ROLLS-ROYC,501-D13A,,FAA_TYPE_2
3624,ROLLS-ROYC,501-D13D,,FAA_TYPE_2
3625,ROLLS-ROYC,501-D13E,,FAA_TYPE_2
3626,ROLLS-ROYC,501-D13H,,FAA_TYPE_2
3627,ROLLS-ROYC,501-D22,,FAA_TYPE_2
3628,ROLLS-ROYC,501-D22A,,FAA_TYPE_2
3629,ROLLS-ROYC,501-D22C,,FAA_TYPE_2
3630,ROLLS-ROYC,502-D22G,,FAA_TYPE_2
3631,ROLLS-ROYC,520-C30,,FAA_TYPE_3
3632,ROLLS-ROYC,AE 1107C,,FAA_TYPE_3
3633,ROLLS-ROYC,AE 2100A,,FAA_TYPE_2
3634,ROLLS-ROYC,AE 2100C,,FAA_TYPE_2
3635,ROLLS-ROYC,AE 2100D2,,FAA_TYPE_2
3636,ROLLS-ROYC,AE 2100D3,,FAA_TYPE_2
3637,ROLLS-ROYC,AE 2100J,,FAA_TYPE_2
3638,ROLLS-ROYC,AE 3007A,,FAA_TYPE_5
3639,ROLLS-ROYC,AE 3007A1,,FAA_TYPE_5
3640,ROLLS-ROYC,AE 3007A1/1,,FAA_TYPE_5
3641,ROLLS-ROYC,AE 3007A1/2,,FAA_TYPE_5
3642,ROLLS-ROYC,AE 3007A1/3,,FAA_TYPE_5
3643,ROLLS-ROYC,AE 3007A1E,,FAA_TYPE_5
3644,ROLLS-ROYC,AE 3007A1P,,FAA_TYPE_5
3645,ROLLS-ROYC,AE 3007A2,,FAA_TYPE_5
3646,ROLLS-ROYC,AE 3007A3,,FAA_TYPE_5
3647,ROLLS-ROYC,AE 3007C,,FAA_TYPE_5
3648,ROLLS-ROYC,AE 3007C1,,FAA_TYPE_5
3649,ROLLS-ROYC,AE 3007C2,,FAA_TYPE_5
3650,ROLLS-ROYC,AE3007 SER,,FAA_TYPE_5
3651,ROLLS-ROYC,AVON,,FAA_TYPE_4
3652,ROLLS-ROYC,AVON 522,,FAA_TYPE_4
3653,ROLLS-ROYC,AVON 524B,,FAA_TYPE_4
3654,ROLLS-ROYC,AVON 525B,,FAA_TYPE_4
3655,ROLLS-ROYC,AVON 526,,FAA_TYPE_4
3656,ROLLS-ROYC,AVON 527,,FAA_TYPE_4
3657,ROLLS-ROYC,AVON 531,,FAA_TYPE_4
3658,ROLLS-ROYC,AVON 532R,,FAA_TYPE_4
3659,ROLLS-ROYC,AVON 532R-B,,FAA_TYPE_4
3660,ROLLS-ROYC,AVON 533R,,FAA_TYPE_4
3661,ROLLS-ROYC,AVON 533R-11A,,FAA_TYPE_4
3662,ROLLS-ROYC,AVON MK 203,,FAA_TYPE_4
3663,ROLLS-ROYC,AVON MK207,,FAA_TYPE_4
3664,ROLLS-ROYC,BR 700 SERIES,,FAA_TYPE_5
3665,ROLLS-ROYC,BR700-715C1-3,,FAA_TYPE_5
3666,ROLLS-ROYC,BRISTOL M45H,,FAA_TYPE_5
3667,ROLLS-ROYC,BRISTOL MK501,,FAA_TYPE_5
3668,ROLLS-ROYC,CONWAY 505,,FAA_TYPE_4
3669,ROLLS-ROYC,CONWAY 508,,FAA_TYPE_4
3670,ROLLS-ROYC,CONWAY 508A,,FAA_TYPE_4
3671,ROLLS-ROYC,CONWAY 509,,FAA_TYPE_4
3672,ROLLS-ROYC,CONWAY 509A,,FAA_TYPE_4
3673,ROLLS-ROYC,DART 506,,FAA_TYPE_2
3674,ROLLS-ROYC,DART 510,,FAA_TYPE_2
3675,ROLLS-ROYC,DART 510&511,,FAA_TYPE_2
3676,ROLLS-ROYC,DART 511,,FAA_TYPE_2
3677,ROLLS-ROYC,DART 511-7E,,FAA_TYPE_2
3678,ROLLS-ROYC,DART 514,,FAA_TYPE_2
3679,ROLLS-ROYC,DART 514-7,,FAA_TYPE_2
3680,ROLLS-ROYC,DART 525,,FAA_TYPE_2
3681,ROLLS-ROYC,DART 527 528,,FAA_TYPE_2
3682,ROLLS-ROYC,DART 528-7E,,FAA_TYPE_2
3683,ROLLS-ROYC,DART 528D-7E,,FAA_TYPE_2
3684,ROLLS-ROYC,DART 529,,FAA_TYPE_2
3685,ROLLS-ROYC,DART 529-7E,,FAA_TYPE_2
3686,ROLLS-ROYC,DART 529-7H,,FAA_TYPE_2
3687,ROLLS-ROYC,DART 529-8E,,FAA_TYPE_2
3688,ROLLS-ROYC,DART 529-8H,,FAA_TYPE_2
3689,ROLLS-ROYC,DART 529-8X,,FAA_TYPE_2
3690,ROLLS-ROYC,DART 529-8Y,,FAA_TYPE_2
3691,ROLLS-ROYC,DART 529-8Z,,FAA_TYPE_2
3692,ROLLS-ROYC,DART 529D-7E,,FAA_TYPE_2
3693,ROLLS-ROYC,DART 529D-7H,,FAA_TYPE_2
3694,ROLLS-ROYC,DART 529D-8E,,FAA_TYPE_2
3695,ROLLS-ROYC,DART 529D-8H,,FAA_TYPE_2
3696,ROLLS-ROYC,DART 529D-8X,,FAA_TYPE_2
3697,ROLLS-ROYC,DART 529D-8Y,,FAA_TYPE_2
3698,ROLLS-ROYC,DART 529D-8Z,,FAA_TYPE_2
3699,ROLLS-ROYC,DART 531,,FAA_TYPE_2
3700,ROLLS-ROYC,DART 532-2L,,FAA_TYPE_2
3701,ROLLS-ROYC,DART 532-7,,FAA_TYPE_2
3702,ROLLS-ROYC,DART 532-7L,,FAA_TYPE_2
3703,ROLLS-ROYC,DART 532-7N,,FAA_TYPE_2
3704,ROLLS-ROYC,DART 532-7P,,FAA_TYPE_2
3705,ROLLS-ROYC,DART 532-7R,,FAA_TYPE_2
3706,ROLLS-ROYC,DART 535-2,,FAA_TYPE_2
3707,ROLLS-ROYC,DART 535-7R,,FAA_TYPE_2
3708,ROLLS-ROYC,DART 542,,FAA_TYPE_2
3709,ROLLS-ROYC,DART 542-10,,FAA_TYPE_2
3710,ROLLS-ROYC,DART 542-10J,,FAA_TYPE_2
3711,ROLLS-ROYC,DART 542-10K,,FAA_TYPE_2
3712,ROLLS-ROYC,DART 542-4,,FAA_TYPE_2
3713,ROLLS-ROYC,DART 542-4K,,FAA_TYPE_2
3714,ROLLS-ROYC,DART 551-7,,FAA_TYPE_2
3715,ROLLS-ROYC,DART 551-7R,,FAA_TYPE_2
3716,ROLLS-ROYC,DART 552-2,,FAA_TYPE_2
3717,ROLLS-ROYC,DART 552-7,,FAA_TYPE_2
3718,ROLLS-ROYC,DART 552-7R,,FAA_TYPE_2
3719,ROLLS-ROYC,DART 7 SERIES,,FAA_TYPE_2
3720,ROLLS-ROYC,DART RDA-10,,FAA_TYPE_5
3721,ROLLS-ROYC,DART532,,FAA_TYPE_2
3722,ROLLS-ROYC,FLYGMTR RM6C,,FAA_TYPE_4
3723,ROLLS-ROYC,GEM MK530,,FAA_TYPE_3
3724,ROLLS-ROYC,GIPSY 30 MK2,,FAA_TYPE_1
3725,ROLLS-ROYC,GIPSY 70 MK2,,FAA_TYPE_1
3726,ROLLS-ROYC,GIPSY 70 MK3,,FAA_TYPE_1
3727,ROLLS-ROYC,GIPSY 70-4,,FAA_TYPE_1
3728,ROLLS-ROYC,GIPSY MK SER,,FAA_TYPE_1
3729,ROLLS-ROYC,GRIFFON,,FAA_TYPE_2
3730,ROLLS-ROYC,M250 SERIES,,FAA_TYPE_3
3731,ROLLS-ROYC,MERLIN,,FAA_TYPE_1
3732,ROLLS-ROYC,MERLIN 114A,,FAA_TYPE_4
3733,ROLLS-ROYC,MERLIN 33,,FAA_TYPE_2
3734,ROLLS-ROYC,MK 22-6,,FAA_TYPE_4
3735,ROLLS-ROYC,MK 510,,FAA_TYPE_3
3736,ROLLS-ROYC,MK.104,,FAA_TYPE_5
3737,ROLLS-ROYC,MK511-14,,FAA_TYPE_4
3738,ROLLS-ROYC,NENE,,FAA_TYPE_4
3739,ROLLS-ROYC,NENE 10,,FAA_TYPE_4
3740,ROLLS-ROYC,O-200-A,,FAA_TYPE_8
3741,ROLLS-ROYC,O-240 SER,,FAA_TYPE_1
3742,ROLLS-ROYC,OLYMPUS 593MK,,FAA_TYPE_4
3743,ROLLS-ROYC,ORPHEOUS,,FAA_TYPE_4
3744,ROLLS-ROYC,ORPHEUS 810D,,FAA_TYPE_4
3745,ROLLS-ROYC,RB-211 SERIES,,FAA_TYPE_5
3746,ROLLS-ROYC,RB-211-22,,FAA_TYPE_5
3747,ROLLS-ROYC,RB211 553-61,,FAA_TYPE_5
3748,ROLLS-ROYC,RB211 553A261,,FAA_TYPE_5
3749,ROLLS-ROYC,RB211 556-61,,FAA_TYPE_5
3750,ROLLS-ROYC,RB211 556A261,,FAA_TYPE_5
3751,ROLLS-ROYC,RB211 556B-61,,FAA_TYPE_5
3752,ROLLS-ROYC,RB211 556B261,,FAA_TYPE_5
3753,ROLLS-ROYC,RB211 560-61,,FAA_TYPE_5
3754,ROLLS-ROYC,RB211 560A261,,FAA_TYPE_5
3755,ROLLS-ROYC,RB211 768-60,,FAA_TYPE_5
3756,ROLLS-ROYC,RB211 772-60,,FAA_TYPE_5
3757,ROLLS-ROYC,RB211 772B-60,,FAA_TYPE_4
3758,ROLLS-ROYC,RB211 877-17,,FAA_TYPE_5
3759,ROLLS-ROYC,RB211 884-17,,FAA_TYPE_5
3760,ROLLS-ROYC,RB211 884B-17,,FAA_TYPE_5
3761,ROLLS-ROYC,RB211 892B-17,,FAA_TYPE_5
3762,ROLLS-ROYC,RB211 895-17,,FAA_TYPE_5
3763,ROLLS-ROYC,RB211-22B,,FAA_TYPE_5
3764,ROLLS-ROYC,RB211-22B-02,,FAA_TYPE_5
3765,ROLLS-ROYC,RB211-524B-02,,FAA_TYPE_5
3766,ROLLS-ROYC,RB211-524B219,,FAA_TYPE_5
3767,ROLLS-ROYC,RB211-524B302,,FAA_TYPE_5
3768,ROLLS-ROYC,RB211-524B4,,FAA_TYPE_5
3769,ROLLS-ROYC,RB211-524B402,,FAA_TYPE_5
3770,ROLLS-ROYC,RB211-524BB02,,FAA_TYPE_5
3771,ROLLS-ROYC,RB211-524C219,,FAA_TYPE_5
3772,ROLLS-ROYC,RB211-524D4,,FAA_TYPE_5
3773,ROLLS-ROYC,RB211-524D419,,FAA_TYPE_5
3774,ROLLS-ROYC,RB211-524G219,,FAA_TYPE_5
3775,ROLLS-ROYC,RB211-524G319,,FAA_TYPE_5
3776,ROLLS-ROYC,RB211-524H-36,,FAA_TYPE_5
3777,ROLLS-ROYC,RB211-524H219,,FAA_TYPE_5
3778,ROLLS-ROYC,RB211-524HT36,,FAA_TYPE_5
3779,ROLLS-ROYC,RB211-535C-37,,FAA_TYPE_5
3780,ROLLS-ROYC,RB211-535E4,,FAA_TYPE_5
3781,ROLLS-ROYC,RB211-535E437,,FAA_TYPE_5
3782,ROLLS-ROYC,RB211-892-17,,FAA_TYPE_5
3783,ROLLS-ROYC,RB211524B2B19,,FAA_TYPE_5
3784,ROLLS-ROYC,RB211524B4D02,,FAA_TYPE_5
3785,ROLLS-ROYC,RB211524C2B19,,FAA_TYPE_5
3786,ROLLS-ROYC,RB211524D4B19,,FAA_TYPE_5
3787,ROLLS-ROYC,RB211524D4B39,,FAA_TYPE_5
3788,ROLLS-ROYC,RB211524D4X19,,FAA_TYPE_5
3789,ROLLS-ROYC,RB211524D4XB1,,FAA_TYPE_5
3790,ROLLS-ROYC,RB211524G2T19,,FAA_TYPE_5
3791,ROLLS-ROYC,RB211524G3T19,,FAA_TYPE_5
3792,ROLLS-ROYC,RB211524H2T19,,FAA_TYPE_5
3793,ROLLS-ROYC,RB211535E4B37,,FAA_TYPE_5
3794,ROLLS-ROYC,RB211535E4B75,,FAA_TYPE_5
3795,ROLLS-ROYC,RB211535E4C37,,FAA_TYPE_5
3796,ROLLS-ROYC,RB511-8,,FAA_TYPE_4
3797,ROLLS-ROYC,RR C90-12F,,FAA_TYPE_1
3798,ROLLS-ROYC,RR C90-12FH,,FAA_TYPE_1
3799,ROLLS-ROYC,RR C90-12FJ,,FAA_TYPE_1
3800,ROLLS-ROYC,RR C90-12FP,,FAA_TYPE_1
3801,ROLLS-ROYC,RR C90-14F,,FAA_TYPE_1
3802,ROLLS-ROYC,RR C90-14FH,,FAA_TYPE_1
3803,ROLLS-ROYC,RR C90-14FJ,,FAA_TYPE_1
3804,ROLLS-ROYC,RR C90-16F,,FAA_TYPE_1
3805,ROLLS-ROYC,RR C90-8F,,FAA_TYPE_1
3806,ROLLS-ROYC,RR C90-8FJ,,FAA_TYPE_1
3807,ROLLS-ROYC,RR O-200-A,,FAA_TYPE_1
3808,ROLLS-ROYC,RR O-200-B,,FAA_TYPE_1
3809,ROLLS-ROYC,RR O-200-C,,FAA_TYPE_1
3810,ROLLS-ROYC,RR O-240-A,,FAA_TYPE_1
3811,ROLLS-ROYC,RR O-300-A,,FAA_TYPE_1
3812,ROLLS-ROYC,RR O-300-B,,FAA_TYPE_1
3813,ROLLS-ROYC,RR O-300-C,,FAA_TYPE_1
3814,ROLLS-ROYC,RR O-300-D,,FAA_TYPE_1
3815,ROLLS-ROYC,RR300,,FAA_TYPE_3
3816,ROLLS-ROYC,RR772B-60,,FAA_TYPE_5
3817,ROLLS-ROYC,SPEY 506-14,,FAA_TYPE_4
3818,ROLLS-ROYC,SPEY 506-14A,,FAA_TYPE_4
3819,ROLLS-ROYC,SPEY 506-14D,,FAA_TYPE_4
3820,ROLLS-ROYC,SPEY 511-14,,FAA_TYPE_4
3821,ROLLS-ROYC,SPEY 511-14W,,FAA_TYPE_4
3822,ROLLS-ROYC,SPEY 511-8,,FAA_TYPE_4
3823,ROLLS-ROYC,SPEY 511-8MOD,,FAA_TYPE_4
3824,ROLLS-ROYC,SPEY 555-15,,FAA_TYPE_4
3825,ROLLS-ROYC,SPEY 555-15H,,FAA_TYPE_4
3826,ROLLS-ROYC,SPEY 555-15N,,FAA_TYPE_4
3827,ROLLS-ROYC,SPEY 555-15P,,FAA_TYPE_4
3828,ROLLS-ROYC,SPEY MK 511SR,,FAA_TYPE_4
3829,ROLLS-ROYC,SPEY MK511-8,,FAA_TYPE_5
3830,ROLLS-ROYC,T63-A-720,,FAA_TYPE_3
3831,ROLLS-ROYC,TAY 611-8,,FAA_TYPE_5
3832,ROLLS-ROYC,TAY 611-8C,,FAA_TYPE_5
3833,ROLLS-ROYC,TAY 611SER,,FAA_TYPE_5
3834,ROLLS-ROYC,TAY 620-15,,FAA_TYPE_5
3835,ROLLS-ROYC,TAY 650-15,,FAA_TYPE_5
3836,ROLLS-ROYC,TAY 651-54,,FAA_TYPE_5
3837,ROLLS-ROYC,TAY MK 610-8,,FAA_TYPE_5
3838,ROLLS-ROYC,TAY MK 611SER,,FAA_TYPE_5
3839,ROLLS-ROYC,TRENT 1000,,FAA_TYPE_5
3840,ROLLS-ROYC,TRENT 1000-A2,,FAA_TYPE_5
3841,ROLLS-ROYC,TRENT 1000-D2,,FAA_TYPE_5
3842,ROLLS-ROYC,TRENT 1000-D3,,FAA_TYPE_5
3843,ROLLS-ROYC,TRENT 1000M62,,FAA_TYPE_5
3844,ROLLS-ROYC,TRENT 772B-60,,FAA_TYPE_4
3845,ROLLS-ROYC,TRENT 800,,FAA_TYPE_5
3846,ROLLS-ROYC,TRENT XWB-84,,FAA_TYPE_5
3847,ROLLS-ROYC,TRENT-892,,FAA_TYPE_5
3848,ROLLS-ROYC,TYNE 506,,FAA_TYPE_2
3849,ROLLS-ROYC,TYNE 512,,FAA_TYPE_2
3850,ROLLS-ROYC,TYNE 515,,FAA_TYPE_2
3851,ROLLS-ROYC,V-1650-7,,FAA_TYPE_1
3852,ROLLS-ROYC,V1650-25,,FAA_TYPE_1
3853,ROLLS-ROYC,VIPER 202,,FAA_TYPE_4
3854,ROLLS-ROYC,VIPER 535,,FAA_TYPE_4
3855,ROLLS-ROYC,VIPER 680-43,,FAA_TYPE_4
3856,ROLLS-ROYC,VIPER MK 521,,FAA_TYPE_4
3857,ROLLS-ROYC,VIPER MK 522,,FAA_TYPE_4
3858,ROLLS-ROYC,VIPER MK 526,,FAA_TYPE_4
3859,ROLLS-ROYC,VIPER MK 601,,FAA_TYPE_4
3860,ROLLS-ROYC,VIPER MK22-1,,FAA_TYPE_5
3861,ROLLS-ROYC,VIPER MK521,,FAA_TYPE_4
3862,ROLLS-ROYC,VIPER MK522,,FAA_TYPE_4
3863,ROLLS-ROYC,VIPER MK60122,,FAA_TYPE_4
3864,ROLLS-TURB,ADOUR MK 861,,FAA_TYPE_5
3865,ROTAX,277,,FAA_TYPE_7
3866,ROTAX,377,,FAA_TYPE_7
3867,ROTAX,447,,FAA_TYPE_7
3868,ROTAX,477,,FAA_TYPE_7
3869,ROTAX,502,,FAA_TYPE_7
3870,ROTAX,503 DCDI,,FAA_TYPE_7
3871,ROTAX,503 SERIES,,FAA_TYPE_7
3872,ROTAX,503DC,,FAA_TYPE_7
3873,ROTAX,503DCSI,,FAA_TYPE_7
3874,ROTAX,503UL,,FAA_TYPE_7
3875,ROTAX,503ULDCDI,,FAA_TYPE_7
3876,ROTAX,505,,FAA_TYPE_7
3877,ROTAX,521,,FAA_TYPE_7
3878,ROTAX,532,,FAA_TYPE_7
3879,ROTAX,552,,FAA_TYPE_7
3880,ROTAX,582,,FAA_TYPE_7
3881,ROTAX,582 CDI,,FAA_TYPE_7
3882,ROTAX,582-99,,FAA_TYPE_7
3883,ROTAX,582DCDI,,FAA_TYPE_7
3884,ROTAX,582DCDI-99,,FAA_TYPE_7
3885,ROTAX,582E,,FAA_TYPE_7
3886,ROTAX,582SER,,FAA_TYPE_7
3887,ROTAX,582UL,,FAA_TYPE_7
3888,ROTAX,582UL DCDI,,FAA_TYPE_7
3889,ROTAX,582UL-99,,FAA_TYPE_7
3890,ROTAX,582ULDCDI-99,,FAA_TYPE_7
3891,ROTAX,583,,FAA_TYPE_7
3892,ROTAX,618,,FAA_TYPE_7
3893,ROTAX,618UL,,FAA_TYPE_1
3894,ROTAX,670,,FAA_TYPE_1
3895,ROTAX,912,,FAA_TYPE_8
3896,ROTAX,912 IS,,FAA_TYPE_8
3897,ROTAX,912 SERIES,,FAA_TYPE_1
3898,ROTAX,912A,,FAA_TYPE_8
3899,ROTAX,912F3,,FAA_TYPE_8
3900,ROTAX,912IS2,,FAA_TYPE_8
3901,ROTAX,912ISC,,FAA_TYPE_8
3902,ROTAX,912S,,FAA_TYPE_8
3903,ROTAX,912S3,,FAA_TYPE_8
3904,ROTAX,912UL,,FAA_TYPE_1
3905,ROTAX,912UL SERIES,,FAA_TYPE_8
3906,ROTAX,912UL2,,FAA_TYPE_8
3907,ROTAX,912ULS,,FAA_TYPE_1
3908,ROTAX,912ULS SERIES,,FAA_TYPE_8
3909,ROTAX,912ULS2,,FAA_TYPE_8
3910,ROTAX,912ULS3,,FAA_TYPE_8
3911,ROTAX,912ULSFR,,FAA_TYPE_8
3912,ROTAX,914 IS,,FAA_TYPE_7
3913,ROTAX,914 SERIES,,FAA_TYPE_8
3914,ROTAX,914UL,,FAA_TYPE_8
3915,ROTAX,914UL2-01,,FAA_TYPE_8
3916,ROTAX,914UL3,,FAA_TYPE_8
3917,ROTAX,914ULS,,FAA_TYPE_8
3918,ROTAX,915 IS,,FAA_TYPE_8
3919,ROTAX,915 ISC3 A,,FAA_TYPE_1
3920,ROTAX,915 SERIES,,FAA_TYPE_8
3921,ROTAX,916 1S3 A,,FAA_TYPE_8
3922,ROTAX,916 IS,,FAA_TYPE_8
3923,ROTAX,916 IS A,,FAA_TYPE_8
3924,ROTAX,R582C,,FAA_TYPE_7
3925,ROTAX,R670,,FAA_TYPE_8
3926,ROTAX,SEE BOMBADIER,,FAA_TYPE_1
3927,ROTAX,UL 670 BH13,,FAA_TYPE_1
3928,ROTEC,R2800,,FAA_TYPE_8
3929,ROTEC,R3600,,FAA_TYPE_1
3930,ROTEX,RET SERIES,,FAA_TYPE_10
3931,ROTEX,REX SERIES,,FAA_TYPE_10
3932,ROTORWAY,RH 600T,,FAA_TYPE_8
3933,ROTORWAY,RI 162F,,FAA_TYPE_8
3934,ROTORWAY,RI 600,,FAA_TYPE_8
3935,ROTORWAY,RI 600N,,FAA_TYPE_1
3936,ROTORWAY,RI 600S,,FAA_TYPE_8
3937,ROTORWAY,RW-100 SERIES,,FAA_TYPE_1
3938,ROTORWAY,RW-133 SERIES,,FAA_TYPE_1
3939,ROTORWAY,RW-145 SERIES,,FAA_TYPE_1
3940,ROTORWAY,RW-162,,FAA_TYPE_1
3941,ROTORWAY,RW152,,FAA_TYPE_1
3942,RYAN FALCO,V12,,FAA_TYPE_1
3943,SABRINA,0-200-A,,FAA_TYPE_1
3944,SABRINA,HEATHER 1,,FAA_TYPE_1_9
3945,SAFRAN,ARRANO,,FAA_TYPE_3
3946,SAFRAN,ARRANO 1A,,FAA_TYPE_3
3947,SAFRAN,ARRIEL 1D1,,FAA_TYPE_3
3948,SAFRAN,ARRIEL 1E,,FAA_TYPE_3
3949,SAFRAN,ARRIEL 1E2,,FAA_TYPE_3
3950,SAFRAN,ARRIEL 2B1,,FAA_TYPE_3
3951,SAFRAN,ARRIEL 2C2,,FAA_TYPE_3
3952,SAFRAN,ARRIEL 2D,,FAA_TYPE_3
3953,SAFRAN,ARRIEL 2E,,FAA_TYPE_3
3954,SAFRAN,ARRIUS 2B1A,,FAA_TYPE_3
3955,SAFRAN,ARRIUS 2B2,,FAA_TYPE_3
3956,SAFRAN,ARRIUS 2R,,FAA_TYPE_3
3957,SAFRAN,SR305-230 SER,,FAA_TYPE_3
3958,SALMSON,AD9,,FAA_TYPE_1
3959,SAUER,S 1800-1 SERI,,FAA_TYPE_8
3960,SCHEMP HIR,FES-DIS-M100,,FAA_TYPE_10
3961,SCHEMP HIR,FES-DUO-M 100,,FAA_TYPE_10
3962,SCHLEICHER,EA910/1-35LK,,FAA_TYPE_7
3963,SCHLEICHER,EA911/1-35LK,,FAA_TYPE_10
3964,SIEMENS,ALL ELECTRIC,,FAA_TYPE_10
3965,SIEMENS,SH-12,,FAA_TYPE_1
3966,SIEMENS,SH14,,FAA_TYPE_1
3967,SIEMENS,SP55D,,FAA_TYPE_10
3968,SIMONINI,VICTOR 2 SUPR,,FAA_TYPE_1
3969,SKYDYNAMIC,AEIO-360-EXP,,FAA_TYPE_1
3970,SNECMA,ATAR 09 SER,,FAA_TYPE_4
3971,SNECMA,LARZAC 04-C20,,FAA_TYPE_5
3972,SNECMA,LARZAC 04-C6,,FAA_TYPE_5
3973,SOCIETE MA,SR305-230,,FAA_TYPE_1
3974,SOCIETE MA,SR305-230E,,FAA_TYPE_1
3975,SOLAR,T-62,,FAA_TYPE_3
3976,SOLAR,T62-32,,FAA_TYPE_3
3977,SOLAR,T62T-2A1,,FAA_TYPE_3
3978,SOLAR,T62T-32,,FAA_TYPE_3
3979,SOLO,2350 SER,,FAA_TYPE_7
3980,SOLO,2625 01,,FAA_TYPE_7
3981,SOLO,2625 02,,FAA_TYPE_7
3982,SOLO,262502I,,FAA_TYPE_1
3983,SOLO,560,,FAA_TYPE_1
3984,SOLO,8000 401,,FAA_TYPE_10
3985,SOLO,EMRAX 208,,FAA_TYPE_10
3986,SONEX,AEROVEE 2.1,,FAA_TYPE_1
3987,SONEX ACFT,AEROVEE 2180C,,FAA_TYPE_1
3988,SONEX ACFT,AEROVEE TURBO,,FAA_TYPE_1
3989,SPA LLC,CORVAIR SERIE,,FAA_TYPE_1
3990,SPIRIT ENG,SPIRIT V2,,FAA_TYPE_8
3991,STARK,STAMO,,FAA_TYPE_1
3992,STARK,STAMO 1500-2,,FAA_TYPE_1
3993,SUBARU,ALL MDLS A/B,,FAA_TYPE_8
3994,SUBARU,EA-81,,FAA_TYPE_1
3995,SUBARU,EA-82,,FAA_TYPE_8
3996,SUBARU,EJ 2.0 TURBO,,FAA_TYPE_1
3997,SUBARU,EJ-25,,FAA_TYPE_8
3998,SUBARU,EJ22,,FAA_TYPE_8
3999,SUBARU,EJ257,,FAA_TYPE_1
4000,SUBARU,EZ30D,,FAA_TYPE_1
4001,SUPERIOR,0-320-D1A,,FAA_TYPE_1
4002,SUPERIOR,0-360-X,,FAA_TYPE_1
4003,SUPERIOR,CC363I,,FAA_TYPE_8
4004,SUPERIOR,IO-320 SERIES,,FAA_TYPE_1
4005,SUPERIOR,IO-320-A,,FAA_TYPE_1
4006,SUPERIOR,IO-360 SER,,FAA_TYPE_1
4007,SUPERIOR,IO-360-B1A2,,FAA_TYPE_1
4008,SUPERIOR,IO-375 SERIES,,FAA_TYPE_1
4009,SUPERIOR,IO-382,,FAA_TYPE_1
4010,SUPERIOR,IO-382X,,FAA_TYPE_1
4011,SUPERIOR,IO-400-J4HD9,,FAA_TYPE_1
4012,SUPERIOR,IO400J4AD9-S2,,FAA_TYPE_1
4013,SUPERIOR,O-320-A1AC2,,FAA_TYPE_8
4014,SUPERIOR,O-360 SERIES,,FAA_TYPE_1
4015,SUPERIOR,O-360-A3A2,,FAA_TYPE_8
4016,SUPERIOR,O-360-B1AC2,,FAA_TYPE_8
4017,SUPERIOR,O360B1A2,,FAA_TYPE_1
4018,SUPERIOR,SL-O360 SERIE,,FAA_TYPE_1
4019,SUPERIOR,XP IO400 SER,,FAA_TYPE_1
4020,SUPERIOR,XP-0-360B1AC2,,FAA_TYPE_8
4021,SUPERIOR,XP-320,,FAA_TYPE_8
4022,SUPERIOR,XP-360,,FAA_TYPE_8
4023,SUPERIOR,XP-400,,FAA_TYPE_8
4024,SUPERIOR,XP-IO-320,,FAA_TYPE_1
4025,SUPERIOR,XP-IO-360 SER,,FAA_TYPE_8
4026,SUPERIOR,XP-IO-382,,FAA_TYPE_1
4027,SUPERIOR,XP-IO360B1AC2,,FAA_TYPE_8
4028,SUPERIOR,XP-IO360B1BD2,,FAA_TYPE_1
4029,SUPERIOR,XP-IO360B1DA3,,FAA_TYPE_8
4030,SUPERIOR,XP-O-360-B1D3,,FAA_TYPE_1
4031,SUPERIOR,XP-O-360A1AC2,,FAA_TYPE_1
4032,SUPERIOR,XP-O-360A3HY3,,FAA_TYPE_1
4033,SUPERIOR,XPIO-360B1AA2,,FAA_TYPE_8
4034,SUPERIOR,XPIO-360B4PD2,,FAA_TYPE_1
4035,SUPERIOR,XPIO360A1AD2,,FAA_TYPE_1
4036,SUPERIOR,XPIO360B1AD2,,FAA_TYPE_1
4037,SUTER,TOA 288,,FAA_TYPE_7
4038,SUZUKI,G10,,FAA_TYPE_8
4039,SUZUKI,G13BB,,FAA_TYPE_8
4040,SUZUKI,G15,,FAA_TYPE_8
4041,SUZUKI,G16 SERIES,,FAA_TYPE_8
4042,SUZUKI,H27A,,FAA_TYPE_8
4043,SUZUKI,INNTEC 800,,FAA_TYPE_7
4044,SUZUKI,V6,,FAA_TYPE_1
4045,SZEKELY,SR-3,,FAA_TYPE_1
4046,SZEKELY,SR-3-45,,FAA_TYPE_1
4047,SZEKELY,SR-3-L,,FAA_TYPE_1
4048,T-MOTOR,U15II KV100,,FAA_TYPE_10
4049,T-MOTOR,U15XXL,,FAA_TYPE_10
4050,TCM,IO-370,,FAA_TYPE_8
4051,TCM,IO-550-N,,FAA_TYPE_1
4052,TCM,O-200-D4B,,FAA_TYPE_8
4053,TCM,TSIOF-550J,,FAA_TYPE_1
4054,TCM CONT,TSIO 520 SER,,FAA_TYPE_1
4055,TECHNIFY,TAE125-02-114,,FAA_TYPE_1
4056,TECHNIFY,TAE125-02-99,,FAA_TYPE_8
4057,THIELERT,CENTURION 1.7,,FAA_TYPE_1
4058,THIELERT,CENTURION 4.0,,FAA_TYPE_1
4059,THIELERT,TAE 125-02-99,,FAA_TYPE_1
4060,THIELERT,TAE-125-01,,FAA_TYPE_1
4061,THIELERT,TAE125-02-114,,FAA_TYPE_1
4062,TITAN,340,,FAA_TYPE_1
4063,TITAN,IO-340,,FAA_TYPE_1
4064,TITAN,IO-360 SERIES,,FAA_TYPE_8
4065,TITAN,IO-361,,FAA_TYPE_8
4066,TITAN,IOX-320 SERIE,,FAA_TYPE_8
4067,TITAN,IOX-340 SERIE,,FAA_TYPE_8
4068,TITAN,IOX-360 SERIE,,FAA_TYPE_8
4069,TITAN,IOX-370 SERIE,,FAA_TYPE_8
4070,TITAN,O-340,,FAA_TYPE_1
4071,TITAN,O-360-B1B,,FAA_TYPE_1
4072,TITAN,OX-340-D2B,,FAA_TYPE_1
4073,TITAN,OX-340CC,,FAA_TYPE_8
4074,TITAN,OX-360 SERIES,,FAA_TYPE_1
4075,TITAN,OX-370 SERIES,,FAA_TYPE_1
4076,TITAN,X-320,,FAA_TYPE_8
4077,TITAN,X-340 SERIES,,FAA_TYPE_8
4078,TITAN,X370,,FAA_TYPE_8
4079,TRACE,TE600D,,FAA_TYPE_1
4080,TRIUMPH,T SERIES,,FAA_TYPE_1
4081,TURBOMECA,ARRIEL 1,,FAA_TYPE_3
4082,TURBOMECA,ARRIEL 1A,,FAA_TYPE_3
4083,TURBOMECA,ARRIEL 1A1,,FAA_TYPE_3
4084,TURBOMECA,ARRIEL 1A2,,FAA_TYPE_3
4085,TURBOMECA,ARRIEL 1B,,FAA_TYPE_3
4086,TURBOMECA,ARRIEL 1B2,,FAA_TYPE_3
4087,TURBOMECA,ARRIEL 1C,,FAA_TYPE_3
4088,TURBOMECA,ARRIEL 1C1,,FAA_TYPE_3
4089,TURBOMECA,ARRIEL 1C2,,FAA_TYPE_3
4090,TURBOMECA,ARRIEL 1D,,FAA_TYPE_3
4091,TURBOMECA,ARRIEL 1D1,,FAA_TYPE_3
4092,TURBOMECA,ARRIEL 1E,,FAA_TYPE_3
4093,TURBOMECA,ARRIEL 1E2,,FAA_TYPE_3
4094,TURBOMECA,ARRIEL 1K1,,FAA_TYPE_3
4095,TURBOMECA,ARRIEL 1M,,FAA_TYPE_3
4096,TURBOMECA,ARRIEL 1S,,FAA_TYPE_3
4097,TURBOMECA,ARRIEL 1S1,,FAA_TYPE_3
4098,TURBOMECA,ARRIEL 1SER,,FAA_TYPE_3
4099,TURBOMECA,ARRIEL 2B,,FAA_TYPE_3
4100,TURBOMECA,ARRIEL 2B1,,FAA_TYPE_3
4101,TURBOMECA,ARRIEL 2C,,FAA_TYPE_3
4102,TURBOMECA,ARRIEL 2C1,,FAA_TYPE_3
4103,TURBOMECA,ARRIEL 2C2,,FAA_TYPE_3
4104,TURBOMECA,ARRIEL 2D,,FAA_TYPE_3
4105,TURBOMECA,ARRIEL 2S1,,FAA_TYPE_3
4106,TURBOMECA,ARRIEL 2S2,,FAA_TYPE_3
4107,TURBOMECA,ARRIEL SERIES,,FAA_TYPE_3
4108,TURBOMECA,ARRIUS 1A,,FAA_TYPE_3
4109,TURBOMECA,ARRIUS 2B,,FAA_TYPE_3
4110,TURBOMECA,ARRIUS 2B1,,FAA_TYPE_3
4111,TURBOMECA,ARRIUS 2B1A,,FAA_TYPE_3
4112,TURBOMECA,ARRIUS 2B2,,FAA_TYPE_3
4113,TURBOMECA,ARRIUS 2F,,FAA_TYPE_3
4114,TURBOMECA,ARRIUS 2K1,,FAA_TYPE_3
4115,TURBOMECA,ARRIUS 2R,,FAA_TYPE_3
4116,TURBOMECA,ARTOUSTE II,,FAA_TYPE_3
4117,TURBOMECA,ARTOUSTE IIB1,,FAA_TYPE_3
4118,TURBOMECA,ARTOUSTE IIC,,FAA_TYPE_3
4119,TURBOMECA,ARTOUSTE IIC1,,FAA_TYPE_3
4120,TURBOMECA,ARTOUSTE IIC2,,FAA_TYPE_3
4121,TURBOMECA,ARTOUSTE IIC5,,FAA_TYPE_3
4122,TURBOMECA,ARTOUSTE IIC6,,FAA_TYPE_3
4123,TURBOMECA,ARTOUSTE IIID,,FAA_TYPE_3
4124,TURBOMECA,ARTOUSTEIIIB,,FAA_TYPE_3
4125,TURBOMECA,ARTOUSTEIIIB1,,FAA_TYPE_3
4126,TURBOMECA,ASTAZOU 111A,,FAA_TYPE_3
4127,TURBOMECA,ASTAZOU II C,,FAA_TYPE_2
4128,TURBOMECA,ASTAZOU II D,,FAA_TYPE_2
4129,TURBOMECA,ASTAZOU II E,,FAA_TYPE_2
4130,TURBOMECA,ASTAZOU II G,,FAA_TYPE_2
4131,TURBOMECA,ASTAZOU II J,,FAA_TYPE_2
4132,TURBOMECA,ASTAZOU II K,,FAA_TYPE_2
4133,TURBOMECA,ASTAZOU IIA,,FAA_TYPE_2_3
4134,TURBOMECA,ASTAZOU IIIC2,,FAA_TYPE_3
4135,TURBOMECA,ASTAZOU SER,,FAA_TYPE_3
4136,TURBOMECA,ASTAZOU XIIH1,,FAA_TYPE_2
4137,TURBOMECA,ASTAZOU XIV B,,FAA_TYPE_3
4138,TURBOMECA,ASTAZOU XIV H,,FAA_TYPE_3
4139,TURBOMECA,ASTAZOU XIVC,,FAA_TYPE_2
4140,TURBOMECA,ASTAZOU XIVC1,,FAA_TYPE_2
4141,TURBOMECA,ASTAZOU XIVM1,,FAA_TYPE_3
4142,TURBOMECA,ASTAZOU XVI-F,,FAA_TYPE_2
4143,TURBOMECA,ASTAZOU XVIC1,,FAA_TYPE_2
4144,TURBOMECA,ASTAZOU XVIF1,,FAA_TYPE_2
4145,TURBOMECA,ASTAZOUXV111A,,FAA_TYPE_3
4146,TURBOMECA,BASTAN VI SER,,FAA_TYPE_2
4147,TURBOMECA,BASTAN VI-C1,,FAA_TYPE_2
4148,TURBOMECA,MAKILA 1A,,FAA_TYPE_3
4149,TURBOMECA,MAKILA 1A1,,FAA_TYPE_3
4150,TURBOMECA,MAKILA 1A2,,FAA_TYPE_3
4151,TURBOMECA,MAKILA 2A,,FAA_TYPE_3
4152,TURBOMECA,MAKILA 2A1,,FAA_TYPE_3
4153,TURBOMECA,MAKILA SERIES,,FAA_TYPE_3
4154,TURBOMECA,MARBORE II F3,,FAA_TYPE_4
4155,TURBOMECA,MARBORE IIC,,FAA_TYPE_4
4156,TURBOMECA,MARBORE VIC,,FAA_TYPE_4
4157,TURBOMECA,MARBORE VIJ,,FAA_TYPE_4
4158,TURBOMECA,TURMO III C5,,FAA_TYPE_3
4159,TURBOMECA,TURMO IV SER,,FAA_TYPE_3
4160,TURBOMECA,TURMO IVA,,FAA_TYPE_3
4161,TURBOMECA,TURMO IVC,,FAA_TYPE_3
4162,TURBOTECH,TP-R150,,FAA_TYPE_2
4163,TURBOTECH,TP-R90,,FAA_TYPE_2
4164,U/A CANADA,JT15D-1,,FAA_TYPE_5
4165,U/A CANADA,JT15D-4,,FAA_TYPE_5
4166,U/A CANADA,PT6 SER 578HP,,FAA_TYPE_2_3
4167,U/A CANADA,PT6A SERIES,,FAA_TYPE_2
4168,U/A CANADA,PT6A-11,,FAA_TYPE_2
4169,U/A CANADA,PT6A-110,,FAA_TYPE_2
4170,U/A CANADA,PT6A-112,,FAA_TYPE_2
4171,U/A CANADA,PT6A-114,,FAA_TYPE_2
4172,U/A CANADA,PT6A-114A,,FAA_TYPE_2
4173,U/A CANADA,PT6A-116,,FAA_TYPE_2
4174,U/A CANADA,PT6A-11AG,,FAA_TYPE_2
4175,U/A CANADA,PT6A-121,,FAA_TYPE_2
4176,U/A CANADA,PT6A-135,,FAA_TYPE_2
4177,U/A CANADA,PT6A-135A,,FAA_TYPE_2
4178,U/A CANADA,PT6A-15AG,,FAA_TYPE_2
4179,U/A CANADA,PT6A-20,,FAA_TYPE_2
4180,U/A CANADA,PT6A-20A,,FAA_TYPE_2
4181,U/A CANADA,PT6A-20B,,FAA_TYPE_2
4182,U/A CANADA,PT6A-21,,FAA_TYPE_2
4183,U/A CANADA,PT6A-25,,FAA_TYPE_2
4184,U/A CANADA,PT6A-25A,,FAA_TYPE_2
4185,U/A CANADA,PT6A-25C,,FAA_TYPE_2
4186,U/A CANADA,PT6A-27,,FAA_TYPE_2
4187,U/A CANADA,PT6A-27-28,,FAA_TYPE_2
4188,U/A CANADA,PT6A-28,,FAA_TYPE_2
4189,U/A CANADA,PT6A-29,,FAA_TYPE_2
4190,U/A CANADA,PT6A-34,,FAA_TYPE_2
4191,U/A CANADA,PT6A-34AG,,FAA_TYPE_2
4192,U/A CANADA,PT6A-34B,,FAA_TYPE_2
4193,U/A CANADA,PT6A-35,,FAA_TYPE_2
4194,U/A CANADA,PT6A-36,,FAA_TYPE_2
4195,U/A CANADA,PT6A-38,,FAA_TYPE_2
4196,U/A CANADA,PT6A-40,,FAA_TYPE_2
4197,U/A CANADA,PT6A-41,,FAA_TYPE_2
4198,U/A CANADA,PT6A-41AG,,FAA_TYPE_2
4199,U/A CANADA,PT6A-42,,FAA_TYPE_2
4200,U/A CANADA,PT6A-42A,,FAA_TYPE_2
4201,U/A CANADA,PT6A-45,,FAA_TYPE_2
4202,U/A CANADA,PT6A-45A,,FAA_TYPE_2
4203,U/A CANADA,PT6A-45R,,FAA_TYPE_2
4204,U/A CANADA,PT6A-50,,FAA_TYPE_2
4205,U/A CANADA,PT6A-6,,FAA_TYPE_2
4206,U/A CANADA,PT6A-6/C20,,FAA_TYPE_2
4207,U/A CANADA,PT6A-60,,FAA_TYPE_2
4208,U/A CANADA,PT6A-60A,,FAA_TYPE_2
4209,U/A CANADA,PT6A-60AG,,FAA_TYPE_2
4210,U/A CANADA,PT6A-61,,FAA_TYPE_2
4211,U/A CANADA,PT6A-61A,,FAA_TYPE_2
4212,U/A CANADA,PT6A-65AG,,FAA_TYPE_2
4213,U/A CANADA,PT6A-65AR,,FAA_TYPE_2
4214,U/A CANADA,PT6A-65B,,FAA_TYPE_2
4215,U/A CANADA,PT6A-65R,,FAA_TYPE_2
4216,U/A CANADA,PT6A-6A,,FAA_TYPE_2
4217,U/A CANADA,PT6A-6A&6B,,FAA_TYPE_2
4218,U/A CANADA,PT6A-6B,,FAA_TYPE_2
4219,U/A CANADA,PT6B-35F,,FAA_TYPE_3
4220,U/A CANADA,PT6B-9,,FAA_TYPE_3
4221,U/A CANADA,PT6D-114A,,FAA_TYPE_2
4222,U/A CANADA,PT6T SERIES,,FAA_TYPE_3
4223,U/A CANADA,PT6T-3,,FAA_TYPE_3
4224,U/A CANADA,PT6T-3A,,FAA_TYPE_3
4225,U/A CANADA,PT6T-3B,,FAA_TYPE_3
4226,U/A CANADA,PT6T-3BE,,FAA_TYPE_3
4227,U/A CANADA,PT6T-3BF,,FAA_TYPE_3
4228,U/A CANADA,PT6T-3BG,,FAA_TYPE_3
4229,U/A CANADA,PT6T-3D,,FAA_TYPE_3
4230,U/A CANADA,PT6T-3DE,,FAA_TYPE_3
4231,U/A CANADA,PT6T-3DF,,FAA_TYPE_3
4232,U/A CANADA,PT6T-6,,FAA_TYPE_3
4233,U/A CANADA,PT6T-9,,FAA_TYPE_3
4234,UEL,AR-741-1100,,FAA_TYPE_8
4235,ULPOWER,260 ISA,,FAA_TYPE_1
4236,ULPOWER,350I,,FAA_TYPE_8
4237,ULPOWER,350IS,,FAA_TYPE_8
4238,ULPOWER,390IS,,FAA_TYPE_1
4239,ULPOWER,520IS,,FAA_TYPE_1
4240,ULPOWER,UL 520 SERIES,,FAA_TYPE_8
4241,ULPOWER,UL260I,,FAA_TYPE_1
4242,ULPOWER,UL260IS,,FAA_TYPE_1
4243,ULPOWER,UL350I,,FAA_TYPE_8
4244,ULPOWER,UL350IS,,FAA_TYPE_8
4245,UNIVERSAL,VELIE M5,,FAA_TYPE_1
4246,VALLEY ENG,BIG TWIN,,FAA_TYPE_1
4247,VALLEY ENG,VOLKSWAGON,,FAA_TYPE_1
4248,VANDERSARL,40,,FAA_TYPE_1
4249,VANTAGE,O-360-A3A2,,FAA_TYPE_8
4250,VEDENEYEV,M-14D,,FAA_TYPE_1
4251,VEDENEYEV,M-9F,,FAA_TYPE_1
4252,VEDENEYEV,M14-PF,,FAA_TYPE_1
4253,VEDENEYEV,M14B,,FAA_TYPE_1
4254,VEDENEYEV,M14P,,FAA_TYPE_1
4255,VERNER,SCARLETT 5S,,FAA_TYPE_8
4256,VERNER,SCARLETT 5VL,,FAA_TYPE_8
4257,VERNER,SCARLETT 7U,,FAA_TYPE_8
4258,VERNER,SCARLETT 9S,,FAA_TYPE_8
4259,VERNER,SVS-1400,,FAA_TYPE_8
4260,VERNER MTR,133MK,,FAA_TYPE_7
4261,VERNER MTR,VM133M,,FAA_TYPE_8
4262,VIKING,110,,FAA_TYPE_1
4263,VIKING,130,,FAA_TYPE_1
4264,VIKING,130 GDI,,FAA_TYPE_1
4265,VIKING,150,,FAA_TYPE_1
4266,VIKING,180,,FAA_TYPE_1
4267,VIKING,195T,,FAA_TYPE_1
4268,VIKING,90,,FAA_TYPE_1
4269,VIKING HON,1.5L,,FAA_TYPE_1
4270,VIKING HON,FIT 130 L15B1,,FAA_TYPE_1
4271,VIKING HON,R18Z9,,FAA_TYPE_1
4272,VOLKSWAGEN,1600CC,,FAA_TYPE_1
4273,VOLKSWAGEN,1700 CC,,FAA_TYPE_1
4274,VOLKSWAGEN,1800 CC SERIE,,FAA_TYPE_1
4275,VOLKSWAGEN,2130,,FAA_TYPE_8
4276,VOLKSWAGEN,2165CC,,FAA_TYPE_1
4277,VOLKSWAGEN,2180CC,,FAA_TYPE_8
4278,VOLKSWAGEN,2276CC,,FAA_TYPE_8
4279,VOLKSWAGEN,2400,,FAA_TYPE_8
4280,VOLKSWAGEN,AEROVEE 2180,,FAA_TYPE_8
4281,VOLKSWAGEN,CONVERSION,,FAA_TYPE_1
4282,VOLKSWAGEN,TYPE 1,,FAA_TYPE_8
4283,VOLVO FLYG,RM6C,,FAA_TYPE_4
4284,WALT MINOR,4 111,,FAA_TYPE_1
4285,WALT MINOR,MINOR 6 III,,FAA_TYPE_1
4286,WALTER,601D,,FAA_TYPE_2
4287,WALTER,601E,,FAA_TYPE_2
4288,WALTER,601EX,,FAA_TYPE_2
4289,WALTER,M337,,FAA_TYPE_1
4290,WALTER,M601 SER,,FAA_TYPE_1_2
4291,WALTER,M601D-11,,FAA_TYPE_2
4292,WALTER,M601E-11,,FAA_TYPE_2
4293,WALTER,M601E-11A,,FAA_TYPE_2
4294,WALTER,M601E-11AS,,FAA_TYPE_2
4295,WALTER,M601E-11S,,FAA_TYPE_2
4296,WALTER,M601F,,FAA_TYPE_2
4297,WALTER,NZ,,FAA_TYPE_1
4298,WARNER,165,,FAA_TYPE_1
4299,WARNER,165-A,,FAA_TYPE_1
4300,WARNER,165-B,,FAA_TYPE_1
4301,WARNER,165-D,,FAA_TYPE_1
4302,WARNER,185,,FAA_TYPE_1
4303,WARNER,185J,,FAA_TYPE_1
4304,WARNER,185K,,FAA_TYPE_1
4305,WARNER,28,,FAA_TYPE_1
4306,WARNER,29,,FAA_TYPE_1
4307,WARNER,30,,FAA_TYPE_1
4308,WARNER,40,,FAA_TYPE_1
4309,WARNER,50,,FAA_TYPE_1
4310,WARNER,SCA JR SERIES,,FAA_TYPE_1
4311,WARNER,SCARAB SERIES,,FAA_TYPE_1
4312,WARNER,SS165 SERIES,,FAA_TYPE_1
4313,WARNER,SS185 SERIES,,FAA_TYPE_1
4314,WARNER,SS40&50,,FAA_TYPE_1
4315,WARNER,SS50A,,FAA_TYPE_1
4316,WARNER,SUPER 40,,FAA_TYPE_1
4317,WARNER,SUPER 50,,FAA_TYPE_1
4318,WEST BEND,82006,,FAA_TYPE_1
4319,WESTINGHSE,24C4D-1,,FAA_TYPE_4
4320,WESTINGHSE,J34-WE-34,,FAA_TYPE_4
4321,WESTINGHSE,J34-WE-34-1,,FAA_TYPE_4
4322,WESTINGHSE,J34-WE-34-2,,FAA_TYPE_4
4323,WESTINGHSE,J34WE & J30D,,FAA_TYPE_4
4324,WESTINGHSE,W-340,,FAA_TYPE_4
4325,WESTINGHSE,W-340-1,,FAA_TYPE_4
4326,WESTINGHSE,W-340-2,,FAA_TYPE_4
4327,WILLIAMS,FJ 44 SERIES,,FAA_TYPE_5
4328,WILLIAMS,FJ22,,FAA_TYPE_4
4329,WILLIAMS,FJ33-4,,FAA_TYPE_5
4330,WILLIAMS,FJ33-4A-15,,FAA_TYPE_5
4331,WILLIAMS,FJ33-4A-19,,FAA_TYPE_5
4332,WILLIAMS,FJ33-5A,,FAA_TYPE_5
4333,WILLIAMS,FJ44-1A,,FAA_TYPE_5
4334,WILLIAMS,FJ44-2A,,FAA_TYPE_5
4335,WILLIAMS,FJ44-2C,,FAA_TYPE_5
4336,WILLIAMS,FJ44-3A,,FAA_TYPE_5
4337,WILLIAMS,FJ44-3A-24,,FAA_TYPE_5
4338,WILLIAMS,FJ44-3AP,,FAA_TYPE_5
4339,WILLIAMS,FJ44-4A,,FAA_TYPE_5
4340,WILLIAMS,FJ44-4A-32,,FAA_TYPE_5
4341,WILLIAMS,FJ44-4A-QPM,,FAA_TYPE_5
4342,WILLIS-MOR,OX-5,,FAA_TYPE_1
4343,WMSINTL,FJ44-1AP,,FAA_TYPE_5
4344,WRIGHT,1820-84C,,FAA_TYPE_1
4345,WRIGHT,1820F2 F2A,,FAA_TYPE_1
4346,WRIGHT,1820F2B-F52,,FAA_TYPE_1
4347,WRIGHT,1820F56,,FAA_TYPE_1
4348,WRIGHT,1820G-2-3&5,,FAA_TYPE_1
4349,WRIGHT,1820G102 105,,FAA_TYPE_1
4350,WRIGHT,332C14AB1,,FAA_TYPE_1
4351,WRIGHT,332C14AB2,,FAA_TYPE_1
4352,WRIGHT,540,,FAA_TYPE_1
4353,WRIGHT,579C14AC1,,FAA_TYPE_1
4354,WRIGHT,579C14AC2,,FAA_TYPE_1
4355,WRIGHT,585C14BA1,,FAA_TYPE_1
4356,WRIGHT,585C14BA2,,FAA_TYPE_1
4357,WRIGHT,586C14BA1,,FAA_TYPE_1
4358,WRIGHT,586C14BA2,,FAA_TYPE_1
4359,WRIGHT,702C9GC1,,FAA_TYPE_1
4360,WRIGHT,702C9GC2,,FAA_TYPE_1
4361,WRIGHT,702C9GC3,,FAA_TYPE_1
4362,WRIGHT,702C9GC4,,FAA_TYPE_1
4363,WRIGHT,702C9GC5,,FAA_TYPE_1
4364,WRIGHT,702C9GC6,,FAA_TYPE_1
4365,WRIGHT,704C9GC1,,FAA_TYPE_1
4366,WRIGHT,704C9GC2,,FAA_TYPE_1
4367,WRIGHT,704C9GC3,,FAA_TYPE_1
4368,WRIGHT,704C9GC4,,FAA_TYPE_1
4369,WRIGHT,704C9GC5,,FAA_TYPE_1
4370,WRIGHT,709C14AC1,,FAA_TYPE_1
4371,WRIGHT,709C14AC2,,FAA_TYPE_1
4372,WRIGHT,718C9GB1,,FAA_TYPE_1
4373,WRIGHT,726C14AB1,,FAA_TYPE_1
4374,WRIGHT,726C14AB2,,FAA_TYPE_1
4375,WRIGHT,728C9GC1,,FAA_TYPE_1
4376,WRIGHT,728C9GC2,,FAA_TYPE_1
4377,WRIGHT,728C9GC3,,FAA_TYPE_1
4378,WRIGHT,728C9GC4,,FAA_TYPE_1
4379,WRIGHT,728C9GC5,,FAA_TYPE_1
4380,WRIGHT,728C9GC6,,FAA_TYPE_1
4381,WRIGHT,730C9GD1,,FAA_TYPE_1
4382,WRIGHT,730C9GD2,,FAA_TYPE_1
4383,WRIGHT,730C9GD3,,FAA_TYPE_1
4384,WRIGHT,730C9GD4,,FAA_TYPE_1
4385,WRIGHT,730C9GD5,,FAA_TYPE_1
4386,WRIGHT,730C9GD6,,FAA_TYPE_1
4387,WRIGHT,731C9GC1,,FAA_TYPE_1
4388,WRIGHT,731C9GC2,,FAA_TYPE_1
4389,WRIGHT,736C9HD1,,FAA_TYPE_1
4390,WRIGHT,736C9HD2,,FAA_TYPE_1
4391,WRIGHT,736C9HD3,,FAA_TYPE_1
4392,WRIGHT,737C9HD1,,FAA_TYPE_1
4393,WRIGHT,737C9HD2,,FAA_TYPE_1
4394,WRIGHT,737C9HD3,,FAA_TYPE_1
4395,WRIGHT,737C9HD4,,FAA_TYPE_1
4396,WRIGHT,739C18BA3,,FAA_TYPE_1
4397,WRIGHT,73C9HD4,,FAA_TYPE_1
4398,WRIGHT,740C9HD1,,FAA_TYPE_1
4399,WRIGHT,740C9HD2,,FAA_TYPE_1
4400,WRIGHT,742C14BB1,,FAA_TYPE_1
4401,WRIGHT,742C14BB2,,FAA_TYPE_1
4402,WRIGHT,742C14BB3,,FAA_TYPE_1
4403,WRIGHT,745C18BA3,,FAA_TYPE_1
4404,WRIGHT,745C18BA4,,FAA_TYPE_1
4405,WRIGHT,749C18BD1,,FAA_TYPE_1
4406,WRIGHT,749C18BD3,,FAA_TYPE_1
4407,WRIGHT,760A B D E&ET,,FAA_TYPE_1
4408,WRIGHT,760E-1,,FAA_TYPE_1
4409,WRIGHT,760E-2,,FAA_TYPE_1
4410,WRIGHT,955C9HE1,,FAA_TYPE_1
4411,WRIGHT,955C9HE2,,FAA_TYPE_1
4412,WRIGHT,956C18CA1,,FAA_TYPE_1
4413,WRIGHT,957C7BA1,,FAA_TYPE_1
4414,WRIGHT,959C9HE1,,FAA_TYPE_1
4415,WRIGHT,959C9HE2,,FAA_TYPE_1
4416,WRIGHT,960C9HE1,,FAA_TYPE_1
4417,WRIGHT,960C9HE2,,FAA_TYPE_1
4418,WRIGHT,961C9HE1,,FAA_TYPE_1
4419,WRIGHT,961C9HE2,,FAA_TYPE_1
4420,WRIGHT,962C9HE1,,FAA_TYPE_1
4421,WRIGHT,962C9HE2,,FAA_TYPE_1
4422,WRIGHT,963C9HE1,,FAA_TYPE_1
4423,WRIGHT,963C9HE2,,FAA_TYPE_1
4424,WRIGHT,967C9HE2,,FAA_TYPE_1
4425,WRIGHT,968C9HE1,,FAA_TYPE_1
4426,WRIGHT,968C9HE2,,FAA_TYPE_1
4427,WRIGHT,969C9HE1,,FAA_TYPE_1
4428,WRIGHT,969C9HE2,,FAA_TYPE_1
4429,WRIGHT,972TC18DA1,,FAA_TYPE_1
4430,WRIGHT,972TC18DA2,,FAA_TYPE_1
4431,WRIGHT,972TC18DA3,,FAA_TYPE_1
4432,WRIGHT,972TC18DA4,,FAA_TYPE_1
4433,WRIGHT,975 A B D&E,,FAA_TYPE_1
4434,WRIGHT,975C18CB1,,FAA_TYPE_1
4435,WRIGHT,975E&F-2&3,,FAA_TYPE_1
4436,WRIGHT,975E-1,,FAA_TYPE_1
4437,WRIGHT,977C9HD1,,FAA_TYPE_1
4438,WRIGHT,977C9HD2,,FAA_TYPE_1
4439,WRIGHT,977C9HD3,,FAA_TYPE_1
4440,WRIGHT,981TC18EA1,,FAA_TYPE_1
4441,WRIGHT,982C9HE1,,FAA_TYPE_1
4442,WRIGHT,982C9HE2,,FAA_TYPE_1
4443,WRIGHT,982C9HE3,,FAA_TYPE_1
4444,WRIGHT,987C9HD1,,FAA_TYPE_1
4445,WRIGHT,988TC18EA SER,,FAA_TYPE_1
4446,WRIGHT,988TC18EA2,,FAA_TYPE_1
4447,WRIGHT,988TC18EA5,,FAA_TYPE_1
4448,WRIGHT,989C9HE1,,FAA_TYPE_1
4449,WRIGHT,989C9HE2,,FAA_TYPE_1
4450,WRIGHT,98TC18EA1,,FAA_TYPE_1
4451,WRIGHT,98TC18EA3,,FAA_TYPE_1
4452,WRIGHT,98TC18EA4,,FAA_TYPE_1
4453,WRIGHT,98TC18EA6,,FAA_TYPE_1
4454,WRIGHT,990C7BA1,,FAA_TYPE_1
4455,WRIGHT,C14AB AC BA,,FAA_TYPE_1
4456,WRIGHT,C14BB SERIES,,FAA_TYPE_1
4457,WRIGHT,C18BA SERIES,,FAA_TYPE_1
4458,WRIGHT,C18BD SERIES,,FAA_TYPE_1
4459,WRIGHT,C18CA CB SER,,FAA_TYPE_1
4460,WRIGHT,C7BA SERIES,,FAA_TYPE_1
4461,WRIGHT,C9GC&D SERIES,,FAA_TYPE_1
4462,WRIGHT,C9HD SERIES,,FAA_TYPE_1
4463,WRIGHT,C9HE SERIES,,FAA_TYPE_1
4464,WRIGHT,CHAL R600,,FAA_TYPE_1
4465,WRIGHT,CURTISS 0XX6,,FAA_TYPE_1
4466,WRIGHT,CURTISS OX5,,FAA_TYPE_1
4467,WRIGHT,GIPSY L320,,FAA_TYPE_1
4468,WRIGHT,GR-1820F-2A,,FAA_TYPE_1
4469,WRIGHT,GR-1820F-3A,,FAA_TYPE_1
4470,WRIGHT,GR-1820F-52,,FAA_TYPE_1
4471,WRIGHT,GR-1820F-55,,FAA_TYPE_1
4472,WRIGHT,GR-1820F-56,,FAA_TYPE_1
4473,WRIGHT,GR-1820F-62,,FAA_TYPE_1
4474,WRIGHT,GR-1820F-65,,FAA_TYPE_1
4475,WRIGHT,GR-1820G-102,,FAA_TYPE_1
4476,WRIGHT,GR-1820G-102A,,FAA_TYPE_1
4477,WRIGHT,GR-1820G-102B,,FAA_TYPE_1
4478,WRIGHT,GR-1820G-103,,FAA_TYPE_1
4479,WRIGHT,GR-1820G-103A,,FAA_TYPE_1
4480,WRIGHT,GR-1820G-105,,FAA_TYPE_1
4481,WRIGHT,GR-1820G-105A,,FAA_TYPE_1
4482,WRIGHT,GR-1820G-2,,FAA_TYPE_1
4483,WRIGHT,GR-1820G-3,,FAA_TYPE_1
4484,WRIGHT,GR-1820G-3B,,FAA_TYPE_1
4485,WRIGHT,GR-1820G-5,,FAA_TYPE_1
4486,WRIGHT,GR-1820G-5E,,FAA_TYPE_1
4487,WRIGHT,GR-2600-A2,,FAA_TYPE_1
4488,WRIGHT,GR-2600-A2A,,FAA_TYPE_1
4489,WRIGHT,GR-2600-A2B,,FAA_TYPE_1
4490,WRIGHT,GR-2600-B2,,FAA_TYPE_1
4491,WRIGHT,GR-2600-B5,,FAA_TYPE_1
4492,WRIGHT,GR-540E,,FAA_TYPE_1
4493,WRIGHT,GR-975C,,FAA_TYPE_1
4494,WRIGHT,HISPANO A,,FAA_TYPE_1
4495,WRIGHT,HISPANO A&I,,FAA_TYPE_1
4496,WRIGHT,HISPANO E,,FAA_TYPE_1
4497,WRIGHT,J-5,,FAA_TYPE_1
4498,WRIGHT,J-5A,,FAA_TYPE_1
4499,WRIGHT,J65-W SERIES,,FAA_TYPE_4
4500,WRIGHT,R-1300 SER,,FAA_TYPE_1
4501,WRIGHT,R-1300-1A,,FAA_TYPE_1
4502,WRIGHT,R-1300-1B,,FAA_TYPE_1
4503,WRIGHT,R-1300-3,,FAA_TYPE_1
4504,WRIGHT,R-1300-3A,,FAA_TYPE_1
4505,WRIGHT,R-1300-3B,,FAA_TYPE_1
4506,WRIGHT,R-1300-3C,,FAA_TYPE_1
4507,WRIGHT,R-1300-3D,,FAA_TYPE_1
4508,WRIGHT,R-1820 SER,,FAA_TYPE_1
4509,WRIGHT,R-1820-103,,FAA_TYPE_1
4510,WRIGHT,R-1820-103A,,FAA_TYPE_1
4511,WRIGHT,R-1820-103AM1,,FAA_TYPE_1
4512,WRIGHT,R-1820-103M1,,FAA_TYPE_1
4513,WRIGHT,R-1820-3,,FAA_TYPE_1
4514,WRIGHT,R-1820-40,,FAA_TYPE_1
4515,WRIGHT,R-1820-40C,,FAA_TYPE_1
4516,WRIGHT,R-1820-45,,FAA_TYPE_1
4517,WRIGHT,R-1820-50,,FAA_TYPE_1
4518,WRIGHT,R-1820-56AM1,,FAA_TYPE_1
4519,WRIGHT,R-1820-56AM5,,FAA_TYPE_1
4520,WRIGHT,R-1820-56M5,,FAA_TYPE_1
4521,WRIGHT,R-1820-57,,FAA_TYPE_1
4522,WRIGHT,R-1820-60,,FAA_TYPE_1
4523,WRIGHT,R-1820-62,,FAA_TYPE_1
4524,WRIGHT,R-1820-62A,,FAA_TYPE_1
4525,WRIGHT,R-1820-62AM1,,FAA_TYPE_1
4526,WRIGHT,R-1820-62AM2,,FAA_TYPE_1
4527,WRIGHT,R-1820-62M1,,FAA_TYPE_1
4528,WRIGHT,R-1820-62M2,,FAA_TYPE_1
4529,WRIGHT,R-1820-66,,FAA_TYPE_1
4530,WRIGHT,R-1820-66M2,,FAA_TYPE_1
4531,WRIGHT,R-1820-70,,FAA_TYPE_1
4532,WRIGHT,R-1820-70M1,,FAA_TYPE_1
4533,WRIGHT,R-1820-71,,FAA_TYPE_1
4534,WRIGHT,R-1820-72AM2,,FAA_TYPE_1
4535,WRIGHT,R-1820-72AM5,,FAA_TYPE_1
4536,WRIGHT,R-1820-72AM6,,FAA_TYPE_1
4537,WRIGHT,R-1820-72M2,,FAA_TYPE_1
4538,WRIGHT,R-1820-74,,FAA_TYPE_1
4539,WRIGHT,R-1820-75,,FAA_TYPE_1
4540,WRIGHT,R-1820-76A,,FAA_TYPE_1
4541,WRIGHT,R-1820-76AM1,,FAA_TYPE_1
4542,WRIGHT,R-1820-76B,,FAA_TYPE_1
4543,WRIGHT,R-1820-76BM1,,FAA_TYPE_1
4544,WRIGHT,R-1820-76D,,FAA_TYPE_1
4545,WRIGHT,R-1820-77,,FAA_TYPE_1
4546,WRIGHT,R-1820-79,,FAA_TYPE_1
4547,WRIGHT,R-1820-80,,FAA_TYPE_1
4548,WRIGHT,R-1820-81,,FAA_TYPE_1
4549,WRIGHT,R-1820-82,,FAA_TYPE_1
4550,WRIGHT,R-1820-82B,,FAA_TYPE_1
4551,WRIGHT,R-1820-83,,FAA_TYPE_1
4552,WRIGHT,R-1820-85,,FAA_TYPE_1
4553,WRIGHT,R-1820-86,,FAA_TYPE_1
4554,WRIGHT,R-1820-89,,FAA_TYPE_1
4555,WRIGHT,R-1820-97,,FAA_TYPE_1
4556,WRIGHT,R-1820-99,,FAA_TYPE_1
4557,WRIGHT,R-1820F-3A,,FAA_TYPE_1
4558,WRIGHT,R-1820F-55,,FAA_TYPE_1
4559,WRIGHT,R-1820F-56,,FAA_TYPE_1
4560,WRIGHT,R-1820F-62,,FAA_TYPE_1
4561,WRIGHT,R-1820F-65,,FAA_TYPE_1
4562,WRIGHT,R-1820F-A,,FAA_TYPE_1
4563,WRIGHT,R-1820G-2,,FAA_TYPE_1
4564,WRIGHT,R-1820G-3B,,FAA_TYPE_1
4565,WRIGHT,R-1820G-5,,FAA_TYPE_1
4566,WRIGHT,R-1820G-5E,,FAA_TYPE_1
4567,WRIGHT,R-2600 SER,,FAA_TYPE_1
4568,WRIGHT,R-2600-11,,FAA_TYPE_1
4569,WRIGHT,R-2600-13,,FAA_TYPE_1
4570,WRIGHT,R-2600-20,,FAA_TYPE_1
4571,WRIGHT,R-2600-23,,FAA_TYPE_1
4572,WRIGHT,R-2600-29,,FAA_TYPE_1
4573,WRIGHT,R-2600-29A,,FAA_TYPE_1
4574,WRIGHT,R-2600-3,,FAA_TYPE_1
4575,WRIGHT,R-2600-35,,FAA_TYPE_1
4576,WRIGHT,R-2600-8,,FAA_TYPE_1
4577,WRIGHT,R-3350-34,,FAA_TYPE_1
4578,WRIGHT,R-3350-34&91,,FAA_TYPE_4
4579,WRIGHT,R-3350-91,,FAA_TYPE_1
4580,WRIGHT,R-540E,,FAA_TYPE_1
4581,WRIGHT,R-600,,FAA_TYPE_1
4582,WRIGHT,R-760-2,,FAA_TYPE_1
4583,WRIGHT,R-760-4,,FAA_TYPE_1
4584,WRIGHT,R-760-8,,FAA_TYPE_1
4585,WRIGHT,R-760E,,FAA_TYPE_1
4586,WRIGHT,R-760E-1,,FAA_TYPE_1
4587,WRIGHT,R-760E-2,,FAA_TYPE_1
4588,WRIGHT,R-760E-T,,FAA_TYPE_1
4589,WRIGHT,R-975,,FAA_TYPE_1
4590,WRIGHT,R-975-11,,FAA_TYPE_1
4591,WRIGHT,R-975-28,,FAA_TYPE_1
4592,WRIGHT,R-975-30,,FAA_TYPE_1
4593,WRIGHT,R-975-32,,FAA_TYPE_1
4594,WRIGHT,R-975-F,,FAA_TYPE_1
4595,WRIGHT,R-975C,,FAA_TYPE_1
4596,WRIGHT,R-975E,,FAA_TYPE_1
4597,WRIGHT,R-975E-1,,FAA_TYPE_1
4598,WRIGHT,R-975E-2,,FAA_TYPE_1
4599,WRIGHT,R-975E-3,,FAA_TYPE_1
4600,WRIGHT,R3350 SERIES,,FAA_TYPE_1
4601,WRIGHT,R3350-26WD,,FAA_TYPE_1
4602,WRIGHT,R3350-32WA,,FAA_TYPE_1
4603,WRIGHT,R3350-42,,FAA_TYPE_1
4604,WRIGHT,R760,,FAA_TYPE_1
4605,WRIGHT,SGR-1820-F-3B,,FAA_TYPE_1
4606,WRIGHT,SGR-1820-F-53,,FAA_TYPE_1
4607,WRIGHT,SGR-1820F-2,,FAA_TYPE_1
4608,WRIGHT,SGR-1820F-2B,,FAA_TYPE_1
4609,WRIGHT,SGR-1820F-3,,FAA_TYPE_1
4610,WRIGHT,SGR-1820F-31,,FAA_TYPE_1
4611,WRIGHT,SGR-1820F-52A,,FAA_TYPE_1
4612,WRIGHT,SGR-1820F-56,,FAA_TYPE_1
4613,WRIGHT,SR-1820-F-3B,,FAA_TYPE_1
4614,WRIGHT,SR-1820-F-53,,FAA_TYPE_1
4615,WRIGHT,SR-1820F-2,,FAA_TYPE_1
4616,WRIGHT,SR-1820F-2B,,FAA_TYPE_1
4617,WRIGHT,SR-1820F-3,,FAA_TYPE_1
4618,WRIGHT,SR-1820F-31,,FAA_TYPE_1
4619,WRIGHT,SR-1820F-52,,FAA_TYPE_1
4620,WRIGHT,TC18DA SERIES,,FAA_TYPE_1
4621,WRIGHT,TC18EA SERIES,,FAA_TYPE_1
4622,WRIGHT,WWJ SERIES,,FAA_TYPE_1
4623,WRIGHT WW,J4-B,,FAA_TYPE_1
4624,WSK-PZL,2A-120-A,,FAA_TYPE_1
4625,WSK-PZL,2A-120-B,,FAA_TYPE_1
4626,WSK-PZL,2A-120-C,,FAA_TYPE_1
4627,WSK-PZL,2A-120-D,,FAA_TYPE_1
4628,WSK-PZL,4A-235-B,,FAA_TYPE_1
4629,WSK-PZL,4A-235-B2,,FAA_TYPE_1
4630,WSK-PZL,4A-235-B3,,FAA_TYPE_1
4631,WSK-PZL,4A-235-B31,,FAA_TYPE_1
4632,WSK-PZL,4A-235-B4,,FAA_TYPE_1
4633,WSK-PZL,4A-235-B6,,FAA_TYPE_1
4634,WSK-PZL,4A4-100-B2,,FAA_TYPE_1
4635,WSK-PZL,4A4-100-B3,,FAA_TYPE_1
4636,WSK-PZL,4A4-75-A2,,FAA_TYPE_1
4637,WSK-PZL,4A4-75-A3,,FAA_TYPE_1
4638,WSK-PZL,4A4-75-B2,,FAA_TYPE_1
4639,WSK-PZL,4A4-75-B3,,FAA_TYPE_1
4640,WSK-PZL,4A4-85-A2,,FAA_TYPE_1
4641,WSK-PZL,4A4-85-A3,,FAA_TYPE_1
4642,WSK-PZL,4A4-85-B2,,FAA_TYPE_1
4643,WSK-PZL,4A4-85-B3,,FAA_TYPE_1
4644,WSK-PZL,4A4-95-A2,,FAA_TYPE_1
4645,WSK-PZL,4A4-95-A3,,FAA_TYPE_1
4646,WSK-PZL,4A4-95-B2,,FAA_TYPE_1
4647,WSK-PZL,4A4-95-B3,,FAA_TYPE_1
4648,WSK-PZL,6A-335-B,,FAA_TYPE_1
4649,WSK-PZL,6A-335-B1,,FAA_TYPE_1
4650,WSK-PZL,6A-335-B1A,,FAA_TYPE_1
4651,WSK-PZL,6A-335-D,,FAA_TYPE_1
4652,WSK-PZL,6A-350-C1,,FAA_TYPE_1
4653,WSK-PZL,6A-350-C1A,,FAA_TYPE_1
4654,WSK-PZL,6A-350-C1L,,FAA_TYPE_1
4655,WSK-PZL,6A-350-C1R,,FAA_TYPE_1
4656,WSK-PZL,6A-350-C2,,FAA_TYPE_1
4657,WSK-PZL,6A-350-C2A,,FAA_TYPE_1
4658,WSK-PZL,6A-350-D,,FAA_TYPE_1
4659,WSK-PZL,6A-350-D1,,FAA_TYPE_1
4660,WSK-PZL,6A-350-D1A,,FAA_TYPE_1
4661,WSK-PZL,6A-350-D1B,,FAA_TYPE_1
4662,WSK-PZL,6A4-150-B3,,FAA_TYPE_1
4663,WSK-PZL,6A4-150-B31,,FAA_TYPE_1
4664,WSK-PZL,6A4-150-B4,,FAA_TYPE_1
4665,WSK-PZL,6A4-165-B3,,FAA_TYPE_1
4666,WSK-PZL,6A4-165-B4,,FAA_TYPE_1
4667,WSK-PZL,6A4-165-B6,,FAA_TYPE_1
4668,WSK-PZL,6A4-200-C6,,FAA_TYPE_1
4669,WSK-PZL,6A8-215-B7F,,FAA_TYPE_1
4670,WSK-PZL,6A8-215-B8F,,FAA_TYPE_1
4671,WSK-PZL,6A8-215-B9F,,FAA_TYPE_1
4672,WSK-PZL,6AS-335-A,,FAA_TYPE_1
4673,WSK-PZL,6AS-335-B,,FAA_TYPE_1
4674,WSK-PZL,6V-335-A,,FAA_TYPE_1
4675,WSK-PZL,6V-335-A(2),,FAA_TYPE_1
4676,WSK-PZL,6V-335-V(1),,FAA_TYPE_1
4677,WSK-PZL,6V4-178-B3,,FAA_TYPE_1
4678,WSK-PZL,6V4-178-B31,,FAA_TYPE_1
4679,WSK-PZL,6V4-178-B32,,FAA_TYPE_1
4680,WSK-PZL,6V4-178-B33,,FAA_TYPE_1
4681,WSK-PZL,6V4-200-C32,,FAA_TYPE_1
4682,WSK-PZL,6V4-200-C33,,FAA_TYPE_1
4683,WSK-PZL,6VS-335-A,,FAA_TYPE_1
4684,WSK-PZL,6VS-335-A1,,FAA_TYPE_1
4685,WSK-PZL,6VS-335-A1A,,FAA_TYPE_1
4686,WSK-PZL,6VS-335-A1B,,FAA_TYPE_1
4687,WSK-PZL,6VS-335-B,,FAA_TYPE_1
4688,WSK-PZL,6VS-335-B1,,FAA_TYPE_1
4689,WSK-PZL,ASZ-621R,,FAA_TYPE_1
4690,WSK-PZL,ASZ-621R-16,,FAA_TYPE_1
4691,WSK-PZL,ASZ-621R-M18,,FAA_TYPE_1
4692,WSK-PZL,ASZ621RM18K9B,,FAA_TYPE_1
4693,WSK-PZL,PZL AI-14 SER,,FAA_TYPE_1
4694,WSK-PZL,PZL-3S,,FAA_TYPE_1
4695,WSK-PZL,PZL-3S 2ND SE,,FAA_TYPE_1
4696,WSK-PZL,PZL-3SR,,FAA_TYPE_1
4697,WSK-PZL-K,AI-14R SERIES,,FAA_TYPE_1
4698,WSK-PZL-K,PZL ASZ-62IR,,FAA_TYPE_1
4699,XENOAH,G44BW,,FAA_TYPE_1
4700,XENOAH,G72C-C,,FAA_TYPE_1
4701,XENOAH,G72CFA,,FAA_TYPE_1
4702,YAMAHA,998T,,FAA_TYPE_8
4703,YAMAHA,ALL MDLS A/B,,FAA_TYPE_1
4704,YAMAHA,APEX 998CC,,FAA_TYPE_8
4705,YAMAHA,EPEX300TI,,FAA_TYPE_1
4706,YAMAHA,RX-1,,FAA_TYPE_8
4707,YAMAHA,SIDEWINDER,,FAA_TYPE_1
4708,YAMAHA,SRV10TBEG,,FAA_TYPE_8
4709,YASA MOTOR,YASA P400HC,,FAA_TYPE_10
4710,YUNEEC,PD25,,FAA_TYPE_10
4711,ZENOAH,ALL MDLS A/B,,FAA_TYPE_7
4712,ZHUZHOU,HS6A,,FAA_TYPE_1
