product_id,category_id,product_name,manufacturer,part_number,product_type,description,technical_specs,is_active,created_at
1,3,Engine Ignition Lead 001,Demo Aero Components 2,DEMO-PART-00001,COMPONENT,Custom educational catalog item; technical identity and fitment are generated for the demo.,"{""demo_engine_model_id"": 524, ""is_demo"": true, ""source_is_repairable"": false, ""source_part_family"": ""Electrical"", ""source_part_id"": ""P00001"", ""source_shelf_life_days"": 735, ""source_supplier_id"": ""SUP004"", ""source_unit_cost"": ""2323.45""}",true,2026-09-01 00:00:00
2,2,Cabin Control Panel 002,Demo Aero Components 3,DEMO-PART-00002,COMPONENT,Custom educational catalog item; technical identity and fitment are generated for the demo.,"{""demo_engine_model_id"": null, ""is_demo"": true, ""source_is_repairable"": false, ""source_part_family"": ""Cabin"", ""source_part_id"": ""P00002"", ""source_shelf_life_days"": null, ""source_supplier_id"": ""SUP028"", ""source_unit_cost"": ""670.84""}",true,2026-09-01 00:00:00
3,1,Navigation Interface 003,Demo Aero Components 4,DEMO-PART-00003,COMPONENT,Custom educational catalog item; technical identity and fitment are generated for the demo.,"{""demo_engine_model_id"": null, ""is_demo"": true, ""source_is_repairable"": true, ""source_part_family"": ""Avionics"", ""source_part_id"": ""P00003"", ""source_shelf_life_days"": null, ""source_supplier_id"": ""SUP040"", ""source_unit_cost"": ""219.44""}",true,2026-09-01 00:00:00
4,3,Engine Starter Relay 004,Demo Aero Components 5,DEMO-PART-00004,COMPONENT,Custom educational catalog item; technical identity and fitment are generated for the demo.,"{""demo_engine_model_id"": 528, ""is_demo"": true, ""source_is_repairable"": false, ""source_part_family"": ""Electrical"", ""source_part_id"": ""P00004"", ""source_shelf_life_days"": null, ""source_supplier_id"": ""SUP034"", ""source_unit_cost"": ""12488.80""}",true,2026-09-01 00:00:00
5,2,Cabin Air Filter 005,Demo Aero Components 1,DEMO-PART-00005,COMPONENT,Custom educational catalog item; technical identity and fitment are generated for the demo.,"{""demo_engine_model_id"": null, ""is_demo"": true, ""source_is_repairable"": false, ""source_part_family"": ""Cabin"", ""source_part_id"": ""P00005"", ""source_shelf_life_days"": null, ""source_supplier_id"": ""SUP024"", ""source_unit_cost"": ""1319.96""}",true,2026-09-01 00:00:00
6,2,Cabin Control Panel 006,Demo Aero Components 2,DEMO-PART-00006,COMPONENT,Custom educational catalog item; technical identity and fitment are generated for the demo.,"{""demo_engine_model_id"": null, ""is_demo"": true, ""source_is_repairable"": false, ""source_part_family"": ""Cabin"", ""source_part_id"": ""P00006"", ""source_shelf_life_days"": null, ""source_supplier_id"": ""SUP002"", ""source_unit_cost"": ""665.36""}",true,2026-09-01 00:00:00
7,5,Engine Mount Bolt Kit 007,Demo Aero Components 3,DEMO-PART-00007,COMPONENT,Custom educational catalog item; technical identity and fitment are generated for the demo.,"{""demo_engine_model_id"": 542, ""is_demo"": true, ""source_is_repairable"": false, ""source_part_family"": ""Fasteners"", ""source_part_id"": ""P00007"", ""source_shelf_life_days"": null, ""source_supplier_id"": ""SUP040"", ""source_unit_cost"": ""2665.22""}",true,2026-09-01 00:00:00
8,1,Communication Control Unit 008,Demo Aero Components 4,DEMO-PART-00008,MODULE,Custom educational catalog item; technical identity and fitment are generated for the demo.,"{""demo_engine_model_id"": null, ""is_demo"": true, ""source_is_repairable"": true, ""source_part_family"": ""Avionics"", ""source_part_id"": ""P00008"", ""source_shelf_life_days"": null, ""source_supplier_id"": ""SUP018"", ""source_unit_cost"": ""289.66""}",true,2026-09-01 00:00:00
9,8,Access Panel 009,Demo Aero Components 5,DEMO-PART-00009,COMPONENT,Custom educational catalog item; technical identity and fitment are generated for the demo.,"{""demo_engine_model_id"": null, ""is_demo"": true, ""source_is_repairable"": false, ""source_part_family"": ""Structure"", ""source_part_id"": ""P00009"", ""source_shelf_life_days"": null, ""source_supplier_id"": ""SUP012"", ""source_unit_cost"": ""3012.47""}",true,2026-09-01 00:00:00
10,3,Engine Starter Relay 010,Demo Aero Components 1,DEMO-PART-00010,COMPONENT,Custom educational catalog item; technical identity and fitment are generated for the demo.,"{""demo_engine_model_id"": 550, ""is_demo"": true, ""source_is_repairable"": false, ""source_part_family"": ""Electrical"", ""source_part_id"": ""P00010"", ""source_shelf_life_days"": null, ""source_supplier_id"": ""SUP036"", ""source_unit_cost"": ""1488.91""}",true,2026-09-01 00:00:00
11,5,Engine Mount Bolt Kit 011,Demo Aero Components 2,DEMO-PART-00011,COMPONENT,Custom educational catalog item; technical identity and fitment are generated for the demo.,"{""demo_engine_model_id"": 553, ""is_demo"": true, ""source_is_repairable"": false, ""source_part_family"": ""Fasteners"", ""source_part_id"": ""P00011"", ""source_shelf_life_days"": null, ""source_supplier_id"": ""SUP030"", ""source_unit_cost"": ""538.02""}",true,2026-09-01 00:00:00
12,4,Compressor Service Module 012,Demo Aero Components 3,DEMO-PART-00012,MODULE,Custom educational catalog item; technical identity and fitment are generated for the demo.,"{""demo_engine_model_id"": 554, ""is_demo"": true, ""source_is_repairable"": true, ""source_part_family"": ""Engine"", ""source_part_id"": ""P00012"", ""source_shelf_life_days"": null, ""source_supplier_id"": ""SUP030"", ""source_unit_cost"": ""355.03""}",true,2026-09-01 00:00:00
13,1,Navigation Interface 013,Demo Aero Components 4,DEMO-PART-00013,COMPONENT,Custom educational catalog item; technical identity and fitment are generated for the demo.,"{""demo_engine_model_id"": null, ""is_demo"": true, ""source_is_repairable"": false, ""source_part_family"": ""Avionics"", ""source_part_id"": ""P00013"", ""source_shelf_life_days"": null, ""source_supplier_id"": ""SUP012"", ""source_unit_cost"": ""1751.39""}",true,2026-09-01 00:00:00
14,6,Hydraulic Valve Assembly 014,Demo Aero Components 5,DEMO-PART-00014,COMPONENT,Custom educational catalog item; technical identity and fitment are generated for the demo.,"{""demo_engine_model_id"": null, ""is_demo"": true, ""source_is_repairable"": true, ""source_part_family"": ""Hydraulics"", ""source_part_id"": ""P00014"", ""source_shelf_life_days"": null, ""source_supplier_id"": ""SUP040"", ""source_unit_cost"": ""188.10""}",true,2026-09-01 00:00:00
15,4,Compressor Service Module 015,Demo Aero Components 1,DEMO-PART-00015,MODULE,Custom educational catalog item; technical identity and fitment are generated for the demo.,"{""demo_engine_model_id"": 527, ""is_demo"": true, ""source_is_repairable"": false, ""source_part_family"": ""Engine"", ""source_part_id"": ""P00015"", ""source_shelf_life_days"": null, ""source_supplier_id"": ""SUP019"", ""source_unit_cost"": ""3003.43""}",true,2026-09-01 00:00:00
16,7,Landing Gear Sensor 016,Demo Aero Components 2,DEMO-PART-00016,COMPONENT,Custom educational catalog item; technical identity and fitment are generated for the demo.,"{""demo_engine_model_id"": null, ""is_demo"": true, ""source_is_repairable"": true, ""source_part_family"": ""LandingGear"", ""source_part_id"": ""P00016"", ""source_shelf_life_days"": null, ""source_supplier_id"": ""SUP022"", ""source_unit_cost"": ""2044.15""}",true,2026-09-01 00:00:00
17,2,Cabin Air Filter 017,Demo Aero Components 3,DEMO-PART-00017,COMPONENT,Custom educational catalog item; technical identity and fitment are generated for the demo.,"{""demo_engine_model_id"": null, ""is_demo"": true, ""source_is_repairable"": false, ""source_part_family"": ""Cabin"", ""source_part_id"": ""P00017"", ""source_shelf_life_days"": null, ""source_supplier_id"": ""SUP031"", ""source_unit_cost"": ""6462.47""}",true,2026-09-01 00:00:00
18,2,Cabin Control Panel 018,Demo Aero Components 4,DEMO-PART-00018,COMPONENT,Custom educational catalog item; technical identity and fitment are generated for the demo.,"{""demo_engine_model_id"": null, ""is_demo"": true, ""source_is_repairable"": false, ""source_part_family"": ""Cabin"", ""source_part_id"": ""P00018"", ""source_shelf_life_days"": null, ""source_supplier_id"": ""SUP027"", ""source_unit_cost"": ""1153.39""}",true,2026-09-01 00:00:00
19,5,Engine Mount Bolt Kit 019,Demo Aero Components 5,DEMO-PART-00019,COMPONENT,Custom educational catalog item; technical identity and fitment are generated for the demo.,"{""demo_engine_model_id"": 542, ""is_demo"": true, ""source_is_repairable"": false, ""source_part_family"": ""Fasteners"", ""source_part_id"": ""P00019"", ""source_shelf_life_days"": null, ""source_supplier_id"": ""SUP007"", ""source_unit_cost"": ""2838.25""}",true,2026-09-01 00:00:00
20,6,Hydraulic Valve Assembly 020,Demo Aero Components 1,DEMO-PART-00020,COMPONENT,Custom educational catalog item; technical identity and fitment are generated for the demo.,"{""demo_engine_model_id"": null, ""is_demo"": true, ""source_is_repairable"": true, ""source_part_family"": ""Hydraulics"", ""source_part_id"": ""P00020"", ""source_shelf_life_days"": 950, ""source_supplier_id"": ""SUP013"", ""source_unit_cost"": ""295.40""}",true,2026-09-01 00:00:00
21,6,Hydraulic Filter 021,Demo Aero Components 2,DEMO-PART-00021,COMPONENT,Custom educational catalog item; technical identity and fitment are generated for the demo.,"{""demo_engine_model_id"": null, ""is_demo"": true, ""source_is_repairable"": true, ""source_part_family"": ""Hydraulics"", ""source_part_id"": ""P00021"", ""source_shelf_life_days"": 709, ""source_supplier_id"": ""SUP015"", ""source_unit_cost"": ""415.37""}",true,2026-09-01 00:00:00
22,6,Hydraulic Valve Assembly 022,Demo Aero Components 3,DEMO-PART-00022,COMPONENT,Custom educational catalog item; technical identity and fitment are generated for the demo.,"{""demo_engine_model_id"": null, ""is_demo"": true, ""source_is_repairable"": true, ""source_part_family"": ""Hydraulics"", ""source_part_id"": ""P00022"", ""source_shelf_life_days"": null, ""source_supplier_id"": ""SUP038"", ""source_unit_cost"": ""5429.21""}",true,2026-09-01 00:00:00
23,8,Access Panel 023,Demo Aero Components 4,DEMO-PART-00023,COMPONENT,Custom educational catalog item; technical identity and fitment are generated for the demo.,"{""demo_engine_model_id"": null, ""is_demo"": true, ""source_is_repairable"": false, ""source_part_family"": ""Structure"", ""source_part_id"": ""P00023"", ""source_shelf_life_days"": null, ""source_supplier_id"": ""SUP029"", ""source_unit_cost"": ""2333.09""}",true,2026-09-01 00:00:00
24,5,Engine Housing Fastener Set 024,Demo Aero Components 5,DEMO-PART-00024,COMPONENT,Custom educational catalog item; technical identity and fitment are generated for the demo.,"{""demo_engine_model_id"": 554, ""is_demo"": true, ""source_is_repairable"": false, ""source_part_family"": ""Fasteners"", ""source_part_id"": ""P00024"", ""source_shelf_life_days"": null, ""source_supplier_id"": ""SUP015"", ""source_unit_cost"": ""7635.37""}",true,2026-09-01 00:00:00
25,8,Access Panel 025,Demo Aero Components 1,DEMO-PART-00025,COMPONENT,Custom educational catalog item; technical identity and fitment are generated for the demo.,"{""demo_engine_model_id"": null, ""is_demo"": true, ""source_is_repairable"": false, ""source_part_family"": ""Structure"", ""source_part_id"": ""P00025"", ""source_shelf_life_days"": null, ""source_supplier_id"": ""SUP030"", ""source_unit_cost"": ""449.80""}",true,2026-09-01 00:00:00
26,5,Engine Housing Fastener Set 026,Demo Aero Components 2,DEMO-PART-00026,COMPONENT,Custom educational catalog item; technical identity and fitment are generated for the demo.,"{""demo_engine_model_id"": 526, ""is_demo"": true, ""source_is_repairable"": false, ""source_part_family"": ""Fasteners"", ""source_part_id"": ""P00026"", ""source_shelf_life_days"": null, ""source_supplier_id"": ""SUP030"", ""source_unit_cost"": ""1094.97""}",true,2026-09-01 00:00:00
27,1,Navigation Interface 027,Demo Aero Components 3,DEMO-PART-00027,COMPONENT,Custom educational catalog item; technical identity and fitment are generated for the demo.,"{""demo_engine_model_id"": null, ""is_demo"": true, ""source_is_repairable"": false, ""source_part_family"": ""Avionics"", ""source_part_id"": ""P00027"", ""source_shelf_life_days"": null, ""source_supplier_id"": ""SUP016"", ""source_unit_cost"": ""850.73""}",true,2026-09-01 00:00:00
28,4,Engine Oil Filter 028,Demo Aero Components 4,DEMO-PART-00028,COMPONENT,Custom educational catalog item; technical identity and fitment are generated for the demo.,"{""demo_engine_model_id"": 528, ""is_demo"": true, ""source_is_repairable"": true, ""source_part_family"": ""Engine"", ""source_part_id"": ""P00028"", ""source_shelf_life_days"": null, ""source_supplier_id"": ""SUP017"", ""source_unit_cost"": ""471.91""}",true,2026-09-01 00:00:00
29,8,Access Panel 029,Demo Aero Components 5,DEMO-PART-00029,COMPONENT,Custom educational catalog item; technical identity and fitment are generated for the demo.,"{""demo_engine_model_id"": null, ""is_demo"": true, ""source_is_repairable"": false, ""source_part_family"": ""Structure"", ""source_part_id"": ""P00029"", ""source_shelf_life_days"": null, ""source_supplier_id"": ""SUP036"", ""source_unit_cost"": ""4196.96""}",true,2026-09-01 00:00:00
30,6,Hydraulic Valve Assembly 030,Demo Aero Components 1,DEMO-PART-00030,COMPONENT,Custom educational catalog item; technical identity and fitment are generated for the demo.,"{""demo_engine_model_id"": null, ""is_demo"": true, ""source_is_repairable"": true, ""source_part_family"": ""Hydraulics"", ""source_part_id"": ""P00030"", ""source_shelf_life_days"": null, ""source_supplier_id"": ""SUP023"", ""source_unit_cost"": ""294.96""}",true,2026-09-01 00:00:00
31,4,Engine Oil Filter 031,Demo Aero Components 2,DEMO-PART-00031,COMPONENT,Custom educational catalog item; technical identity and fitment are generated for the demo.,"{""demo_engine_model_id"": 542, ""is_demo"": true, ""source_is_repairable"": false, ""source_part_family"": ""Engine"", ""source_part_id"": ""P00031"", ""source_shelf_life_days"": null, ""source_supplier_id"": ""SUP006"", ""source_unit_cost"": ""472.16""}",true,2026-09-01 00:00:00
32,3,Engine Starter Relay 032,Demo Aero Components 3,DEMO-PART-00032,COMPONENT,Custom educational catalog item; technical identity and fitment are generated for the demo.,"{""demo_engine_model_id"": 547, ""is_demo"": true, ""source_is_repairable"": false, ""source_part_family"": ""Electrical"", ""source_part_id"": ""P00032"", ""source_shelf_life_days"": null, ""source_supplier_id"": ""SUP029"", ""source_unit_cost"": ""991.12""}",true,2026-09-01 00:00:00
33,6,Hydraulic Filter 033,Demo Aero Components 4,DEMO-PART-00033,COMPONENT,Custom educational catalog item; technical identity and fitment are generated for the demo.,"{""demo_engine_model_id"": null, ""is_demo"": true, ""source_is_repairable"": false, ""source_part_family"": ""Hydraulics"", ""source_part_id"": ""P00033"", ""source_shelf_life_days"": null, ""source_supplier_id"": ""SUP024"", ""source_unit_cost"": ""276.87""}",true,2026-09-01 00:00:00
34,5,Engine Housing Fastener Set 034,Demo Aero Components 5,DEMO-PART-00034,COMPONENT,Custom educational catalog item; technical identity and fitment are generated for the demo.,"{""demo_engine_model_id"": 550, ""is_demo"": true, ""source_is_repairable"": false, ""source_part_family"": ""Fasteners"", ""source_part_id"": ""P00034"", ""source_shelf_life_days"": null, ""source_supplier_id"": ""SUP021"", ""source_unit_cost"": ""684.58""}",true,2026-09-01 00:00:00
35,6,Hydraulic Filter 035,Demo Aero Components 1,DEMO-PART-00035,COMPONENT,Custom educational catalog item; technical identity and fitment are generated for the demo.,"{""demo_engine_model_id"": null, ""is_demo"": true, ""source_is_repairable"": false, ""source_part_family"": ""Hydraulics"", ""source_part_id"": ""P00035"", ""source_shelf_life_days"": null, ""source_supplier_id"": ""SUP030"", ""source_unit_cost"": ""4780.74""}",true,2026-09-01 00:00:00
36,8,Structural Bracket 036,Demo Aero Components 2,DEMO-PART-00036,COMPONENT,Custom educational catalog item; technical identity and fitment are generated for the demo.,"{""demo_engine_model_id"": null, ""is_demo"": true, ""source_is_repairable"": false, ""source_part_family"": ""Structure"", ""source_part_id"": ""P00036"", ""source_shelf_life_days"": null, ""source_supplier_id"": ""SUP037"", ""source_unit_cost"": ""855.05""}",true,2026-09-01 00:00:00
37,3,Engine Ignition Lead 037,Demo Aero Components 3,DEMO-PART-00037,COMPONENT,Custom educational catalog item; technical identity and fitment are generated for the demo.,"{""demo_engine_model_id"": 524, ""is_demo"": true, ""source_is_repairable"": false, ""source_part_family"": ""Electrical"", ""source_part_id"": ""P00037"", ""source_shelf_life_days"": 530, ""source_supplier_id"": ""SUP014"", ""source_unit_cost"": ""6621.05""}",true,2026-09-01 00:00:00
38,5,Engine Housing Fastener Set 038,Demo Aero Components 4,DEMO-PART-00038,COMPONENT,Custom educational catalog item; technical identity and fitment are generated for the demo.,"{""demo_engine_model_id"": 526, ""is_demo"": true, ""source_is_repairable"": false, ""source_part_family"": ""Fasteners"", ""source_part_id"": ""P00038"", ""source_shelf_life_days"": null, ""source_supplier_id"": ""SUP017"", ""source_unit_cost"": ""1144.08""}",true,2026-09-01 00:00:00
39,7,Landing Gear Seal Kit 039,Demo Aero Components 5,DEMO-PART-00039,COMPONENT,Custom educational catalog item; technical identity and fitment are generated for the demo.,"{""demo_engine_model_id"": null, ""is_demo"": true, ""source_is_repairable"": true, ""source_part_family"": ""LandingGear"", ""source_part_id"": ""P00039"", ""source_shelf_life_days"": null, ""source_supplier_id"": ""SUP008"", ""source_unit_cost"": ""1599.03""}",true,2026-09-01 00:00:00
40,8,Structural Bracket 040,Demo Aero Components 1,DEMO-PART-00040,COMPONENT,Custom educational catalog item; technical identity and fitment are generated for the demo.,"{""demo_engine_model_id"": null, ""is_demo"": true, ""source_is_repairable"": false, ""source_part_family"": ""Structure"", ""source_part_id"": ""P00040"", ""source_shelf_life_days"": null, ""source_supplier_id"": ""SUP026"", ""source_unit_cost"": ""166.51""}",true,2026-09-01 00:00:00
41,5,Engine Mount Bolt Kit 041,Demo Aero Components 2,DEMO-PART-00041,COMPONENT,Custom educational catalog item; technical identity and fitment are generated for the demo.,"{""demo_engine_model_id"": 529, ""is_demo"": true, ""source_is_repairable"": false, ""source_part_family"": ""Fasteners"", ""source_part_id"": ""P00041"", ""source_shelf_life_days"": null, ""source_supplier_id"": ""SUP017"", ""source_unit_cost"": ""700.78""}",true,2026-09-01 00:00:00
42,5,Engine Housing Fastener Set 042,Demo Aero Components 3,DEMO-PART-00042,COMPONENT,Custom educational catalog item; technical identity and fitment are generated for the demo.,"{""demo_engine_model_id"": 530, ""is_demo"": true, ""source_is_repairable"": false, ""source_part_family"": ""Fasteners"", ""source_part_id"": ""P00042"", ""source_shelf_life_days"": null, ""source_supplier_id"": ""SUP014"", ""source_unit_cost"": ""2238.82""}",true,2026-09-01 00:00:00
43,3,Engine Ignition Lead 043,Demo Aero Components 4,DEMO-PART-00043,COMPONENT,Custom educational catalog item; technical identity and fitment are generated for the demo.,"{""demo_engine_model_id"": 542, ""is_demo"": true, ""source_is_repairable"": false, ""source_part_family"": ""Electrical"", ""source_part_id"": ""P00043"", ""source_shelf_life_days"": 500, ""source_supplier_id"": ""SUP028"", ""source_unit_cost"": ""1779.33""}",true,2026-09-01 00:00:00
44,6,Hydraulic Valve Assembly 044,Demo Aero Components 5,DEMO-PART-00044,COMPONENT,Custom educational catalog item; technical identity and fitment are generated for the demo.,"{""demo_engine_model_id"": null, ""is_demo"": true, ""source_is_repairable"": true, ""source_part_family"": ""Hydraulics"", ""source_part_id"": ""P00044"", ""source_shelf_life_days"": null, ""source_supplier_id"": ""SUP017"", ""source_unit_cost"": ""1222.57""}",true,2026-09-01 00:00:00
45,5,Engine Mount Bolt Kit 045,Demo Aero Components 1,DEMO-PART-00045,COMPONENT,Custom educational catalog item; technical identity and fitment are generated for the demo.,"{""demo_engine_model_id"": 548, ""is_demo"": true, ""source_is_repairable"": false, ""source_part_family"": ""Fasteners"", ""source_part_id"": ""P00045"", ""source_shelf_life_days"": null, ""source_supplier_id"": ""SUP019"", ""source_unit_cost"": ""4045.15""}",true,2026-09-01 00:00:00
46,1,Communication Control Unit 046,Demo Aero Components 2,DEMO-PART-00046,MODULE,Custom educational catalog item; technical identity and fitment are generated for the demo.,"{""demo_engine_model_id"": null, ""is_demo"": true, ""source_is_repairable"": false, ""source_part_family"": ""Avionics"", ""source_part_id"": ""P00046"", ""source_shelf_life_days"": null, ""source_supplier_id"": ""SUP018"", ""source_unit_cost"": ""174.12""}",true,2026-09-01 00:00:00
47,1,Navigation Interface 047,Demo Aero Components 3,DEMO-PART-00047,COMPONENT,Custom educational catalog item; technical identity and fitment are generated for the demo.,"{""demo_engine_model_id"": null, ""is_demo"": true, ""source_is_repairable"": true, ""source_part_family"": ""Avionics"", ""source_part_id"": ""P00047"", ""source_shelf_life_days"": null, ""source_supplier_id"": ""SUP011"", ""source_unit_cost"": ""175.38""}",true,2026-09-01 00:00:00
48,5,Engine Housing Fastener Set 048,Demo Aero Components 4,DEMO-PART-00048,COMPONENT,Custom educational catalog item; technical identity and fitment are generated for the demo.,"{""demo_engine_model_id"": 554, ""is_demo"": true, ""source_is_repairable"": false, ""source_part_family"": ""Fasteners"", ""source_part_id"": ""P00048"", ""source_shelf_life_days"": null, ""source_supplier_id"": ""SUP006"", ""source_unit_cost"": ""1384.03""}",true,2026-09-01 00:00:00
49,5,Engine Mount Bolt Kit 049,Demo Aero Components 5,DEMO-PART-00049,COMPONENT,Custom educational catalog item; technical identity and fitment are generated for the demo.,"{""demo_engine_model_id"": 524, ""is_demo"": true, ""source_is_repairable"": false, ""source_part_family"": ""Fasteners"", ""source_part_id"": ""P00049"", ""source_shelf_life_days"": null, ""source_supplier_id"": ""SUP034"", ""source_unit_cost"": ""10717.62""}",true,2026-09-01 00:00:00
50,8,Structural Bracket 050,Demo Aero Components 1,DEMO-PART-00050,COMPONENT,Custom educational catalog item; technical identity and fitment are generated for the demo.,"{""demo_engine_model_id"": null, ""is_demo"": true, ""source_is_repairable"": false, ""source_part_family"": ""Structure"", ""source_part_id"": ""P00050"", ""source_shelf_life_days"": null, ""source_supplier_id"": ""SUP004"", ""source_unit_cost"": ""448.26""}",true,2026-09-01 00:00:00
51,7,Landing Gear Seal Kit 051,Demo Aero Components 2,DEMO-PART-00051,COMPONENT,Custom educational catalog item; technical identity and fitment are generated for the demo.,"{""demo_engine_model_id"": null, ""is_demo"": true, ""source_is_repairable"": true, ""source_part_family"": ""LandingGear"", ""source_part_id"": ""P00051"", ""source_shelf_life_days"": null, ""source_supplier_id"": ""SUP013"", ""source_unit_cost"": ""8954.31""}",true,2026-09-01 00:00:00
52,3,Engine Starter Relay 052,Demo Aero Components 3,DEMO-PART-00052,COMPONENT,Custom educational catalog item; technical identity and fitment are generated for the demo.,"{""demo_engine_model_id"": 528, ""is_demo"": true, ""source_is_repairable"": false, ""source_part_family"": ""Electrical"", ""source_part_id"": ""P00052"", ""source_shelf_life_days"": null, ""source_supplier_id"": ""SUP027"", ""source_unit_cost"": ""1176.07""}",true,2026-09-01 00:00:00
53,4,Fuel Nozzle Assembly 053,Demo Aero Components 4,DEMO-PART-00053,COMPONENT,Custom educational catalog item; technical identity and fitment are generated for the demo.,"{""demo_engine_model_id"": 529, ""is_demo"": true, ""source_is_repairable"": false, ""source_part_family"": ""Engine"", ""source_part_id"": ""P00053"", ""source_shelf_life_days"": null, ""source_supplier_id"": ""SUP006"", ""source_unit_cost"": ""501.15""}",true,2026-09-01 00:00:00
54,5,Engine Housing Fastener Set 054,Demo Aero Components 5,DEMO-PART-00054,COMPONENT,Custom educational catalog item; technical identity and fitment are generated for the demo.,"{""demo_engine_model_id"": 530, ""is_demo"": true, ""source_is_repairable"": false, ""source_part_family"": ""Fasteners"", ""source_part_id"": ""P00054"", ""source_shelf_life_days"": null, ""source_supplier_id"": ""SUP027"", ""source_unit_cost"": ""4059.97""}",true,2026-09-01 00:00:00
55,8,Access Panel 055,Demo Aero Components 1,DEMO-PART-00055,COMPONENT,Custom educational catalog item; technical identity and fitment are generated for the demo.,"{""demo_engine_model_id"": null, ""is_demo"": true, ""source_is_repairable"": false, ""source_part_family"": ""Structure"", ""source_part_id"": ""P00055"", ""source_shelf_life_days"": null, ""source_supplier_id"": ""SUP030"", ""source_unit_cost"": ""4354.59""}",true,2026-09-01 00:00:00
56,2,Cabin Control Panel 056,Demo Aero Components 2,DEMO-PART-00056,COMPONENT,Custom educational catalog item; technical identity and fitment are generated for the demo.,"{""demo_engine_model_id"": null, ""is_demo"": true, ""source_is_repairable"": false, ""source_part_family"": ""Cabin"", ""source_part_id"": ""P00056"", ""source_shelf_life_days"": null, ""source_supplier_id"": ""SUP027"", ""source_unit_cost"": ""1158.25""}",true,2026-09-01 00:00:00
57,1,Navigation Interface 057,Demo Aero Components 3,DEMO-PART-00057,COMPONENT,Custom educational catalog item; technical identity and fitment are generated for the demo.,"{""demo_engine_model_id"": null, ""is_demo"": true, ""source_is_repairable"": true, ""source_part_family"": ""Avionics"", ""source_part_id"": ""P00057"", ""source_shelf_life_days"": null, ""source_supplier_id"": ""SUP013"", ""source_unit_cost"": ""118.18""}",true,2026-09-01 00:00:00
58,6,Hydraulic Valve Assembly 058,Demo Aero Components 4,DEMO-PART-00058,COMPONENT,Custom educational catalog item; technical identity and fitment are generated for the demo.,"{""demo_engine_model_id"": null, ""is_demo"": true, ""source_is_repairable"": true, ""source_part_family"": ""Hydraulics"", ""source_part_id"": ""P00058"", ""source_shelf_life_days"": 842, ""source_supplier_id"": ""SUP001"", ""source_unit_cost"": ""1572.49""}",true,2026-09-01 00:00:00
59,2,Cabin Air Filter 059,Demo Aero Components 5,DEMO-PART-00059,COMPONENT,Custom educational catalog item; technical identity and fitment are generated for the demo.,"{""demo_engine_model_id"": null, ""is_demo"": true, ""source_is_repairable"": false, ""source_part_family"": ""Cabin"", ""source_part_id"": ""P00059"", ""source_shelf_life_days"": null, ""source_supplier_id"": ""SUP036"", ""source_unit_cost"": ""1183.97""}",true,2026-09-01 00:00:00
60,2,Cabin Control Panel 060,Demo Aero Components 1,DEMO-PART-00060,COMPONENT,Custom educational catalog item; technical identity and fitment are generated for the demo.,"{""demo_engine_model_id"": null, ""is_demo"": true, ""source_is_repairable"": false, ""source_part_family"": ""Cabin"", ""source_part_id"": ""P00060"", ""source_shelf_life_days"": null, ""source_supplier_id"": ""SUP014"", ""source_unit_cost"": ""546.59""}",true,2026-09-01 00:00:00
61,8,Access Panel 061,Demo Aero Components 2,DEMO-PART-00061,COMPONENT,Custom educational catalog item; technical identity and fitment are generated for the demo.,"{""demo_engine_model_id"": null, ""is_demo"": true, ""source_is_repairable"": false, ""source_part_family"": ""Structure"", ""source_part_id"": ""P00061"", ""source_shelf_life_days"": null, ""source_supplier_id"": ""SUP033"", ""source_unit_cost"": ""192.94""}",true,2026-09-01 00:00:00
62,3,Engine Starter Relay 062,Demo Aero Components 3,DEMO-PART-00062,COMPONENT,Custom educational catalog item; technical identity and fitment are generated for the demo.,"{""demo_engine_model_id"": 526, ""is_demo"": true, ""source_is_repairable"": false, ""source_part_family"": ""Electrical"", ""source_part_id"": ""P00062"", ""source_shelf_life_days"": null, ""source_supplier_id"": ""SUP008"", ""source_unit_cost"": ""9803.25""}",true,2026-09-01 00:00:00
63,1,Navigation Interface 063,Demo Aero Components 4,DEMO-PART-00063,COMPONENT,Custom educational catalog item; technical identity and fitment are generated for the demo.,"{""demo_engine_model_id"": null, ""is_demo"": true, ""source_is_repairable"": false, ""source_part_family"": ""Avionics"", ""source_part_id"": ""P00063"", ""source_shelf_life_days"": null, ""source_supplier_id"": ""SUP007"", ""source_unit_cost"": ""359.45""}",true,2026-09-01 00:00:00
64,8,Structural Bracket 064,Demo Aero Components 5,DEMO-PART-00064,COMPONENT,Custom educational catalog item; technical identity and fitment are generated for the demo.,"{""demo_engine_model_id"": null, ""is_demo"": true, ""source_is_repairable"": false, ""source_part_family"": ""Structure"", ""source_part_id"": ""P00064"", ""source_shelf_life_days"": null, ""source_supplier_id"": ""SUP032"", ""source_unit_cost"": ""1813.76""}",true,2026-09-01 00:00:00
65,5,Engine Mount Bolt Kit 065,Demo Aero Components 1,DEMO-PART-00065,COMPONENT,Custom educational catalog item; technical identity and fitment are generated for the demo.,"{""demo_engine_model_id"": 529, ""is_demo"": true, ""source_is_repairable"": false, ""source_part_family"": ""Fasteners"", ""source_part_id"": ""P00065"", ""source_shelf_life_days"": null, ""source_supplier_id"": ""SUP038"", ""source_unit_cost"": ""1417.61""}",true,2026-09-01 00:00:00
66,5,Engine Housing Fastener Set 066,Demo Aero Components 2,DEMO-PART-00066,COMPONENT,Custom educational catalog item; technical identity and fitment are generated for the demo.,"{""demo_engine_model_id"": 530, ""is_demo"": true, ""source_is_repairable"": false, ""source_part_family"": ""Fasteners"", ""source_part_id"": ""P00066"", ""source_shelf_life_days"": null, ""source_supplier_id"": ""SUP035"", ""source_unit_cost"": ""1038.90""}",true,2026-09-01 00:00:00
67,7,Landing Gear Seal Kit 067,Demo Aero Components 3,DEMO-PART-00067,COMPONENT,Custom educational catalog item; technical identity and fitment are generated for the demo.,"{""demo_engine_model_id"": null, ""is_demo"": true, ""source_is_repairable"": true, ""source_part_family"": ""LandingGear"", ""source_part_id"": ""P00067"", ""source_shelf_life_days"": null, ""source_supplier_id"": ""SUP031"", ""source_unit_cost"": ""788.20""}",true,2026-09-01 00:00:00
68,7,Landing Gear Sensor 068,Demo Aero Components 4,DEMO-PART-00068,COMPONENT,Custom educational catalog item; technical identity and fitment are generated for the demo.,"{""demo_engine_model_id"": null, ""is_demo"": true, ""source_is_repairable"": true, ""source_part_family"": ""LandingGear"", ""source_part_id"": ""P00068"", ""source_shelf_life_days"": null, ""source_supplier_id"": ""SUP010"", ""source_unit_cost"": ""1081.77""}",true,2026-09-01 00:00:00
69,1,Navigation Interface 069,Demo Aero Components 5,DEMO-PART-00069,COMPONENT,Custom educational catalog item; technical identity and fitment are generated for the demo.,"{""demo_engine_model_id"": null, ""is_demo"": true, ""source_is_repairable"": true, ""source_part_family"": ""Avionics"", ""source_part_id"": ""P00069"", ""source_shelf_life_days"": null, ""source_supplier_id"": ""SUP037"", ""source_unit_cost"": ""2074.07""}",true,2026-09-01 00:00:00
70,3,Engine Starter Relay 070,Demo Aero Components 1,DEMO-PART-00070,COMPONENT,Custom educational catalog item; technical identity and fitment are generated for the demo.,"{""demo_engine_model_id"": 550, ""is_demo"": true, ""source_is_repairable"": false, ""source_part_family"": ""Electrical"", ""source_part_id"": ""P00070"", ""source_shelf_life_days"": 887, ""source_supplier_id"": ""SUP027"", ""source_unit_cost"": ""747.93""}",true,2026-09-01 00:00:00
71,1,Navigation Interface 071,Demo Aero Components 2,DEMO-PART-00071,COMPONENT,Custom educational catalog item; technical identity and fitment are generated for the demo.,"{""demo_engine_model_id"": null, ""is_demo"": true, ""source_is_repairable"": true, ""source_part_family"": ""Avionics"", ""source_part_id"": ""P00071"", ""source_shelf_life_days"": null, ""source_supplier_id"": ""SUP007"", ""source_unit_cost"": ""1389.28""}",true,2026-09-01 00:00:00
72,5,Engine Housing Fastener Set 072,Demo Aero Components 3,DEMO-PART-00072,COMPONENT,Custom educational catalog item; technical identity and fitment are generated for the demo.,"{""demo_engine_model_id"": 554, ""is_demo"": true, ""source_is_repairable"": false, ""source_part_family"": ""Fasteners"", ""source_part_id"": ""P00072"", ""source_shelf_life_days"": null, ""source_supplier_id"": ""SUP006"", ""source_unit_cost"": ""5776.32""}",true,2026-09-01 00:00:00
73,1,Navigation Interface 073,Demo Aero Components 4,DEMO-PART-00073,COMPONENT,Custom educational catalog item; technical identity and fitment are generated for the demo.,"{""demo_engine_model_id"": null, ""is_demo"": true, ""source_is_repairable"": true, ""source_part_family"": ""Avionics"", ""source_part_id"": ""P00073"", ""source_shelf_life_days"": null, ""source_supplier_id"": ""SUP035"", ""source_unit_cost"": ""3427.65""}",true,2026-09-01 00:00:00
74,3,Engine Starter Relay 074,Demo Aero Components 5,DEMO-PART-00074,COMPONENT,Custom educational catalog item; technical identity and fitment are generated for the demo.,"{""demo_engine_model_id"": 526, ""is_demo"": true, ""source_is_repairable"": false, ""source_part_family"": ""Electrical"", ""source_part_id"": ""P00074"", ""source_shelf_life_days"": 1049, ""source_supplier_id"": ""SUP012"", ""source_unit_cost"": ""6860.32""}",true,2026-09-01 00:00:00
75,4,Compressor Service Module 075,Demo Aero Components 1,DEMO-PART-00075,MODULE,Custom educational catalog item; technical identity and fitment are generated for the demo.,"{""demo_engine_model_id"": 527, ""is_demo"": true, ""source_is_repairable"": false, ""source_part_family"": ""Engine"", ""source_part_id"": ""P00075"", ""source_shelf_life_days"": null, ""source_supplier_id"": ""SUP031"", ""source_unit_cost"": ""1671.55""}",true,2026-09-01 00:00:00
76,8,Structural Bracket 076,Demo Aero Components 2,DEMO-PART-00076,COMPONENT,Custom educational catalog item; technical identity and fitment are generated for the demo.,"{""demo_engine_model_id"": null, ""is_demo"": true, ""source_is_repairable"": false, ""source_part_family"": ""Structure"", ""source_part_id"": ""P00076"", ""source_shelf_life_days"": null, ""source_supplier_id"": ""SUP006"", ""source_unit_cost"": ""1209.39""}",true,2026-09-01 00:00:00
77,5,Engine Mount Bolt Kit 077,Demo Aero Components 3,DEMO-PART-00077,COMPONENT,Custom educational catalog item; technical identity and fitment are generated for the demo.,"{""demo_engine_model_id"": 529, ""is_demo"": true, ""source_is_repairable"": false, ""source_part_family"": ""Fasteners"", ""source_part_id"": ""P00077"", ""source_shelf_life_days"": null, ""source_supplier_id"": ""SUP012"", ""source_unit_cost"": ""3610.51""}",true,2026-09-01 00:00:00
78,3,Engine Starter Relay 078,Demo Aero Components 4,DEMO-PART-00078,COMPONENT,Custom educational catalog item; technical identity and fitment are generated for the demo.,"{""demo_engine_model_id"": 530, ""is_demo"": true, ""source_is_repairable"": false, ""source_part_family"": ""Electrical"", ""source_part_id"": ""P00078"", ""source_shelf_life_days"": 795, ""source_supplier_id"": ""SUP012"", ""source_unit_cost"": ""1652.36""}",true,2026-09-01 00:00:00
79,3,Engine Ignition Lead 079,Demo Aero Components 5,DEMO-PART-00079,COMPONENT,Custom educational catalog item; technical identity and fitment are generated for the demo.,"{""demo_engine_model_id"": 542, ""is_demo"": true, ""source_is_repairable"": false, ""source_part_family"": ""Electrical"", ""source_part_id"": ""P00079"", ""source_shelf_life_days"": null, ""source_supplier_id"": ""SUP012"", ""source_unit_cost"": ""1332.70""}",true,2026-09-01 00:00:00
80,2,Cabin Control Panel 080,Demo Aero Components 1,DEMO-PART-00080,COMPONENT,Custom educational catalog item; technical identity and fitment are generated for the demo.,"{""demo_engine_model_id"": null, ""is_demo"": true, ""source_is_repairable"": false, ""source_part_family"": ""Cabin"", ""source_part_id"": ""P00080"", ""source_shelf_life_days"": null, ""source_supplier_id"": ""SUP027"", ""source_unit_cost"": ""2645.52""}",true,2026-09-01 00:00:00
81,3,Engine Ignition Lead 081,Demo Aero Components 2,DEMO-PART-00081,COMPONENT,Custom educational catalog item; technical identity and fitment are generated for the demo.,"{""demo_engine_model_id"": 548, ""is_demo"": true, ""source_is_repairable"": false, ""source_part_family"": ""Electrical"", ""source_part_id"": ""P00081"", ""source_shelf_life_days"": null, ""source_supplier_id"": ""SUP037"", ""source_unit_cost"": ""3484.88""}",true,2026-09-01 00:00:00
82,3,Engine Starter Relay 082,Demo Aero Components 3,DEMO-PART-00082,COMPONENT,Custom educational catalog item; technical identity and fitment are generated for the demo.,"{""demo_engine_model_id"": 550, ""is_demo"": true, ""source_is_repairable"": false, ""source_part_family"": ""Electrical"", ""source_part_id"": ""P00082"", ""source_shelf_life_days"": null, ""source_supplier_id"": ""SUP037"", ""source_unit_cost"": ""3141.79""}",true,2026-09-01 00:00:00
83,5,Engine Mount Bolt Kit 083,Demo Aero Components 4,DEMO-PART-00083,COMPONENT,Custom educational catalog item; technical identity and fitment are generated for the demo.,"{""demo_engine_model_id"": 553, ""is_demo"": true, ""source_is_repairable"": false, ""source_part_family"": ""Fasteners"", ""source_part_id"": ""P00083"", ""source_shelf_life_days"": null, ""source_supplier_id"": ""SUP030"", ""source_unit_cost"": ""633.81""}",true,2026-09-01 00:00:00
84,1,Communication Control Unit 084,Demo Aero Components 5,DEMO-PART-00084,MODULE,Custom educational catalog item; technical identity and fitment are generated for the demo.,"{""demo_engine_model_id"": null, ""is_demo"": true, ""source_is_repairable"": false, ""source_part_family"": ""Avionics"", ""source_part_id"": ""P00084"", ""source_shelf_life_days"": null, ""source_supplier_id"": ""SUP009"", ""source_unit_cost"": ""698.37""}",true,2026-09-01 00:00:00
85,2,Cabin Air Filter 085,Demo Aero Components 1,DEMO-PART-00085,COMPONENT,Custom educational catalog item; technical identity and fitment are generated for the demo.,"{""demo_engine_model_id"": null, ""is_demo"": true, ""source_is_repairable"": false, ""source_part_family"": ""Cabin"", ""source_part_id"": ""P00085"", ""source_shelf_life_days"": null, ""source_supplier_id"": ""SUP039"", ""source_unit_cost"": ""5707.21""}",true,2026-09-01 00:00:00
86,2,Cabin Control Panel 086,Demo Aero Components 2,DEMO-PART-00086,COMPONENT,Custom educational catalog item; technical identity and fitment are generated for the demo.,"{""demo_engine_model_id"": null, ""is_demo"": true, ""source_is_repairable"": false, ""source_part_family"": ""Cabin"", ""source_part_id"": ""P00086"", ""source_shelf_life_days"": null, ""source_supplier_id"": ""SUP022"", ""source_unit_cost"": ""1304.63""}",true,2026-09-01 00:00:00
87,5,Engine Mount Bolt Kit 087,Demo Aero Components 3,DEMO-PART-00087,COMPONENT,Custom educational catalog item; technical identity and fitment are generated for the demo.,"{""demo_engine_model_id"": 527, ""is_demo"": true, ""source_is_repairable"": false, ""source_part_family"": ""Fasteners"", ""source_part_id"": ""P00087"", ""source_shelf_life_days"": null, ""source_supplier_id"": ""SUP022"", ""source_unit_cost"": ""5571.11""}",true,2026-09-01 00:00:00
88,8,Structural Bracket 088,Demo Aero Components 4,DEMO-PART-00088,COMPONENT,Custom educational catalog item; technical identity and fitment are generated for the demo.,"{""demo_engine_model_id"": null, ""is_demo"": true, ""source_is_repairable"": false, ""source_part_family"": ""Structure"", ""source_part_id"": ""P00088"", ""source_shelf_life_days"": null, ""source_supplier_id"": ""SUP029"", ""source_unit_cost"": ""1770.73""}",true,2026-09-01 00:00:00
89,2,Cabin Air Filter 089,Demo Aero Components 5,DEMO-PART-00089,COMPONENT,Custom educational catalog item; technical identity and fitment are generated for the demo.,"{""demo_engine_model_id"": null, ""is_demo"": true, ""source_is_repairable"": false, ""source_part_family"": ""Cabin"", ""source_part_id"": ""P00089"", ""source_shelf_life_days"": null, ""source_supplier_id"": ""SUP031"", ""source_unit_cost"": ""1257.21""}",true,2026-09-01 00:00:00
90,1,Communication Control Unit 090,Demo Aero Components 1,DEMO-PART-00090,MODULE,Custom educational catalog item; technical identity and fitment are generated for the demo.,"{""demo_engine_model_id"": null, ""is_demo"": true, ""source_is_repairable"": true, ""source_part_family"": ""Avionics"", ""source_part_id"": ""P00090"", ""source_shelf_life_days"": null, ""source_supplier_id"": ""SUP039"", ""source_unit_cost"": ""283.75""}",true,2026-09-01 00:00:00
91,3,Engine Ignition Lead 091,Demo Aero Components 2,DEMO-PART-00091,COMPONENT,Custom educational catalog item; technical identity and fitment are generated for the demo.,"{""demo_engine_model_id"": 542, ""is_demo"": true, ""source_is_repairable"": false, ""source_part_family"": ""Electrical"", ""source_part_id"": ""P00091"", ""source_shelf_life_days"": null, ""source_supplier_id"": ""SUP024"", ""source_unit_cost"": ""1711.80""}",true,2026-09-01 00:00:00
92,1,Communication Control Unit 092,Demo Aero Components 3,DEMO-PART-00092,MODULE,Custom educational catalog item; technical identity and fitment are generated for the demo.,"{""demo_engine_model_id"": null, ""is_demo"": true, ""source_is_repairable"": true, ""source_part_family"": ""Avionics"", ""source_part_id"": ""P00092"", ""source_shelf_life_days"": null, ""source_supplier_id"": ""SUP025"", ""source_unit_cost"": ""260.60""}",true,2026-09-01 00:00:00
93,4,Compressor Service Module 093,Demo Aero Components 4,DEMO-PART-00093,MODULE,Custom educational catalog item; technical identity and fitment are generated for the demo.,"{""demo_engine_model_id"": 548, ""is_demo"": true, ""source_is_repairable"": false, ""source_part_family"": ""Engine"", ""source_part_id"": ""P00093"", ""source_shelf_life_days"": null, ""source_supplier_id"": ""SUP030"", ""source_unit_cost"": ""509.04""}",true,2026-09-01 00:00:00
94,7,Landing Gear Sensor 094,Demo Aero Components 5,DEMO-PART-00094,COMPONENT,Custom educational catalog item; technical identity and fitment are generated for the demo.,"{""demo_engine_model_id"": null, ""is_demo"": true, ""source_is_repairable"": true, ""source_part_family"": ""LandingGear"", ""source_part_id"": ""P00094"", ""source_shelf_life_days"": null, ""source_supplier_id"": ""SUP011"", ""source_unit_cost"": ""1920.47""}",true,2026-09-01 00:00:00
95,4,Fuel Nozzle Assembly 095,Demo Aero Components 1,DEMO-PART-00095,COMPONENT,Custom educational catalog item; technical identity and fitment are generated for the demo.,"{""demo_engine_model_id"": 553, ""is_demo"": true, ""source_is_repairable"": true, ""source_part_family"": ""Engine"", ""source_part_id"": ""P00095"", ""source_shelf_life_days"": null, ""source_supplier_id"": ""SUP013"", ""source_unit_cost"": ""544.85""}",true,2026-09-01 00:00:00
96,4,Compressor Service Module 096,Demo Aero Components 2,DEMO-PART-00096,MODULE,Custom educational catalog item; technical identity and fitment are generated for the demo.,"{""demo_engine_model_id"": 554, ""is_demo"": true, ""source_is_repairable"": true, ""source_part_family"": ""Engine"", ""source_part_id"": ""P00096"", ""source_shelf_life_days"": null, ""source_supplier_id"": ""SUP026"", ""source_unit_cost"": ""484.29""}",true,2026-09-01 00:00:00
97,6,Hydraulic Filter 097,Demo Aero Components 3,DEMO-PART-00097,COMPONENT,Custom educational catalog item; technical identity and fitment are generated for the demo.,"{""demo_engine_model_id"": null, ""is_demo"": true, ""source_is_repairable"": false, ""source_part_family"": ""Hydraulics"", ""source_part_id"": ""P00097"", ""source_shelf_life_days"": null, ""source_supplier_id"": ""SUP003"", ""source_unit_cost"": ""701.96""}",true,2026-09-01 00:00:00
98,3,Engine Starter Relay 098,Demo Aero Components 4,DEMO-PART-00098,COMPONENT,Custom educational catalog item; technical identity and fitment are generated for the demo.,"{""demo_engine_model_id"": 526, ""is_demo"": true, ""source_is_repairable"": false, ""source_part_family"": ""Electrical"", ""source_part_id"": ""P00098"", ""source_shelf_life_days"": null, ""source_supplier_id"": ""SUP013"", ""source_unit_cost"": ""1048.02""}",true,2026-09-01 00:00:00
99,4,Compressor Service Module 099,Demo Aero Components 5,DEMO-PART-00099,MODULE,Custom educational catalog item; technical identity and fitment are generated for the demo.,"{""demo_engine_model_id"": 527, ""is_demo"": true, ""source_is_repairable"": true, ""source_part_family"": ""Engine"", ""source_part_id"": ""P00099"", ""source_shelf_life_days"": null, ""source_supplier_id"": ""SUP029"", ""source_unit_cost"": ""1205.13""}",true,2026-09-01 00:00:00
100,1,Communication Control Unit 100,Demo Aero Components 1,DEMO-PART-00100,MODULE,Custom educational catalog item; technical identity and fitment are generated for the demo.,"{""demo_engine_model_id"": null, ""is_demo"": true, ""source_is_repairable"": false, ""source_part_family"": ""Avionics"", ""source_part_id"": ""P00100"", ""source_shelf_life_days"": null, ""source_supplier_id"": ""SUP040"", ""source_unit_cost"": ""486.84""}",true,2026-09-01 00:00:00
101,2,Cabin Air Filter 101,Demo Aero Components 2,DEMO-PART-00101,COMPONENT,Custom educational catalog item; technical identity and fitment are generated for the demo.,"{""demo_engine_model_id"": null, ""is_demo"": true, ""source_is_repairable"": false, ""source_part_family"": ""Cabin"", ""source_part_id"": ""P00101"", ""source_shelf_life_days"": null, ""source_supplier_id"": ""SUP021"", ""source_unit_cost"": ""1068.38""}",true,2026-09-01 00:00:00
102,3,Engine Starter Relay 102,Demo Aero Components 3,DEMO-PART-00102,COMPONENT,Custom educational catalog item; technical identity and fitment are generated for the demo.,"{""demo_engine_model_id"": 530, ""is_demo"": true, ""source_is_repairable"": false, ""source_part_family"": ""Electrical"", ""source_part_id"": ""P00102"", ""source_shelf_life_days"": null, ""source_supplier_id"": ""SUP016"", ""source_unit_cost"": ""1071.25""}",true,2026-09-01 00:00:00
103,5,Engine Mount Bolt Kit 103,Demo Aero Components 4,DEMO-PART-00103,COMPONENT,Custom educational catalog item; technical identity and fitment are generated for the demo.,"{""demo_engine_model_id"": 542, ""is_demo"": true, ""source_is_repairable"": false, ""source_part_family"": ""Fasteners"", ""source_part_id"": ""P00103"", ""source_shelf_life_days"": null, ""source_supplier_id"": ""SUP018"", ""source_unit_cost"": ""1290.90""}",true,2026-09-01 00:00:00
104,4,Fuel Nozzle Assembly 104,Demo Aero Components 5,DEMO-PART-00104,COMPONENT,Custom educational catalog item; technical identity and fitment are generated for the demo.,"{""demo_engine_model_id"": 547, ""is_demo"": true, ""source_is_repairable"": true, ""source_part_family"": ""Engine"", ""source_part_id"": ""P00104"", ""source_shelf_life_days"": null, ""source_supplier_id"": ""SUP028"", ""source_unit_cost"": ""481.56""}",true,2026-09-01 00:00:00
105,8,Access Panel 105,Demo Aero Components 1,DEMO-PART-00105,COMPONENT,Custom educational catalog item; technical identity and fitment are generated for the demo.,"{""demo_engine_model_id"": null, ""is_demo"": true, ""source_is_repairable"": false, ""source_part_family"": ""Structure"", ""source_part_id"": ""P00105"", ""source_shelf_life_days"": null, ""source_supplier_id"": ""SUP022"", ""source_unit_cost"": ""344.57""}",true,2026-09-01 00:00:00
106,1,Communication Control Unit 106,Demo Aero Components 2,DEMO-PART-00106,MODULE,Custom educational catalog item; technical identity and fitment are generated for the demo.,"{""demo_engine_model_id"": null, ""is_demo"": true, ""source_is_repairable"": true, ""source_part_family"": ""Avionics"", ""source_part_id"": ""P00106"", ""source_shelf_life_days"": null, ""source_supplier_id"": ""SUP001"", ""source_unit_cost"": ""177.67""}",true,2026-09-01 00:00:00
107,4,Fuel Nozzle Assembly 107,Demo Aero Components 3,DEMO-PART-00107,COMPONENT,Custom educational catalog item; technical identity and fitment are generated for the demo.,"{""demo_engine_model_id"": 553, ""is_demo"": true, ""source_is_repairable"": true, ""source_part_family"": ""Engine"", ""source_part_id"": ""P00107"", ""source_shelf_life_days"": null, ""source_supplier_id"": ""SUP022"", ""source_unit_cost"": ""1175.42""}",true,2026-09-01 00:00:00
108,2,Cabin Control Panel 108,Demo Aero Components 4,DEMO-PART-00108,COMPONENT,Custom educational catalog item; technical identity and fitment are generated for the demo.,"{""demo_engine_model_id"": null, ""is_demo"": true, ""source_is_repairable"": false, ""source_part_family"": ""Cabin"", ""source_part_id"": ""P00108"", ""source_shelf_life_days"": null, ""source_supplier_id"": ""SUP017"", ""source_unit_cost"": ""601.72""}",true,2026-09-01 00:00:00
109,4,Engine Oil Filter 109,Demo Aero Components 5,DEMO-PART-00109,COMPONENT,Custom educational catalog item; technical identity and fitment are generated for the demo.,"{""demo_engine_model_id"": 524, ""is_demo"": true, ""source_is_repairable"": true, ""source_part_family"": ""Engine"", ""source_part_id"": ""P00109"", ""source_shelf_life_days"": null, ""source_supplier_id"": ""SUP029"", ""source_unit_cost"": ""800.02""}",true,2026-09-01 00:00:00
110,5,Engine Housing Fastener Set 110,Demo Aero Components 1,DEMO-PART-00110,COMPONENT,Custom educational catalog item; technical identity and fitment are generated for the demo.,"{""demo_engine_model_id"": 526, ""is_demo"": true, ""source_is_repairable"": false, ""source_part_family"": ""Fasteners"", ""source_part_id"": ""P00110"", ""source_shelf_life_days"": null, ""source_supplier_id"": ""SUP036"", ""source_unit_cost"": ""12558.79""}",true,2026-09-01 00:00:00
111,2,Cabin Air Filter 111,Demo Aero Components 2,DEMO-PART-00111,COMPONENT,Custom educational catalog item; technical identity and fitment are generated for the demo.,"{""demo_engine_model_id"": null, ""is_demo"": true, ""source_is_repairable"": false, ""source_part_family"": ""Cabin"", ""source_part_id"": ""P00111"", ""source_shelf_life_days"": null, ""source_supplier_id"": ""SUP039"", ""source_unit_cost"": ""7951.34""}",true,2026-09-01 00:00:00
112,6,Hydraulic Valve Assembly 112,Demo Aero Components 3,DEMO-PART-00112,COMPONENT,Custom educational catalog item; technical identity and fitment are generated for the demo.,"{""demo_engine_model_id"": null, ""is_demo"": true, ""source_is_repairable"": true, ""source_part_family"": ""Hydraulics"", ""source_part_id"": ""P00112"", ""source_shelf_life_days"": 728, ""source_supplier_id"": ""SUP025"", ""source_unit_cost"": ""226.73""}",true,2026-09-01 00:00:00
113,4,Fuel Nozzle Assembly 113,Demo Aero Components 4,DEMO-PART-00113,COMPONENT,Custom educational catalog item; technical identity and fitment are generated for the demo.,"{""demo_engine_model_id"": 529, ""is_demo"": true, ""source_is_repairable"": true, ""source_part_family"": ""Engine"", ""source_part_id"": ""P00113"", ""source_shelf_life_days"": null, ""source_supplier_id"": ""SUP015"", ""source_unit_cost"": ""4031.30""}",true,2026-09-01 00:00:00
114,7,Landing Gear Sensor 114,Demo Aero Components 5,DEMO-PART-00114,COMPONENT,Custom educational catalog item; technical identity and fitment are generated for the demo.,"{""demo_engine_model_id"": null, ""is_demo"": true, ""source_is_repairable"": true, ""source_part_family"": ""LandingGear"", ""source_part_id"": ""P00114"", ""source_shelf_life_days"": null, ""source_supplier_id"": ""SUP018"", ""source_unit_cost"": ""3989.96""}",true,2026-09-01 00:00:00
115,2,Cabin Air Filter 115,Demo Aero Components 1,DEMO-PART-00115,COMPONENT,Custom educational catalog item; technical identity and fitment are generated for the demo.,"{""demo_engine_model_id"": null, ""is_demo"": true, ""source_is_repairable"": false, ""source_part_family"": ""Cabin"", ""source_part_id"": ""P00115"", ""source_shelf_life_days"": null, ""source_supplier_id"": ""SUP008"", ""source_unit_cost"": ""2958.23""}",true,2026-09-01 00:00:00
116,2,Cabin Control Panel 116,Demo Aero Components 2,DEMO-PART-00116,COMPONENT,Custom educational catalog item; technical identity and fitment are generated for the demo.,"{""demo_engine_model_id"": null, ""is_demo"": true, ""source_is_repairable"": false, ""source_part_family"": ""Cabin"", ""source_part_id"": ""P00116"", ""source_shelf_life_days"": null, ""source_supplier_id"": ""SUP038"", ""source_unit_cost"": ""2923.87""}",true,2026-09-01 00:00:00
117,4,Compressor Service Module 117,Demo Aero Components 3,DEMO-PART-00117,MODULE,Custom educational catalog item; technical identity and fitment are generated for the demo.,"{""demo_engine_model_id"": 548, ""is_demo"": true, ""source_is_repairable"": true, ""source_part_family"": ""Engine"", ""source_part_id"": ""P00117"", ""source_shelf_life_days"": null, ""source_supplier_id"": ""SUP034"", ""source_unit_cost"": ""1256.23""}",true,2026-09-01 00:00:00
118,4,Engine Oil Filter 118,Demo Aero Components 4,DEMO-PART-00118,COMPONENT,Custom educational catalog item; technical identity and fitment are generated for the demo.,"{""demo_engine_model_id"": 550, ""is_demo"": true, ""source_is_repairable"": true, ""source_part_family"": ""Engine"", ""source_part_id"": ""P00118"", ""source_shelf_life_days"": null, ""source_supplier_id"": ""SUP035"", ""source_unit_cost"": ""352.76""}",true,2026-09-01 00:00:00
119,3,Engine Ignition Lead 119,Demo Aero Components 5,DEMO-PART-00119,COMPONENT,Custom educational catalog item; technical identity and fitment are generated for the demo.,"{""demo_engine_model_id"": 553, ""is_demo"": true, ""source_is_repairable"": false, ""source_part_family"": ""Electrical"", ""source_part_id"": ""P00119"", ""source_shelf_life_days"": null, ""source_supplier_id"": ""SUP014"", ""source_unit_cost"": ""6480.24""}",true,2026-09-01 00:00:00
120,5,Engine Housing Fastener Set 120,Demo Aero Components 1,DEMO-PART-00120,COMPONENT,Custom educational catalog item; technical identity and fitment are generated for the demo.,"{""demo_engine_model_id"": 554, ""is_demo"": true, ""source_is_repairable"": false, ""source_part_family"": ""Fasteners"", ""source_part_id"": ""P00120"", ""source_shelf_life_days"": null, ""source_supplier_id"": ""SUP013"", ""source_unit_cost"": ""1334.93""}",true,2026-09-01 00:00:00
121,1,Navigation Interface 121,Demo Aero Components 2,DEMO-PART-00121,COMPONENT,Custom educational catalog item; technical identity and fitment are generated for the demo.,"{""demo_engine_model_id"": null, ""is_demo"": true, ""source_is_repairable"": true, ""source_part_family"": ""Avionics"", ""source_part_id"": ""P00121"", ""source_shelf_life_days"": null, ""source_supplier_id"": ""SUP035"", ""source_unit_cost"": ""296.35""}",true,2026-09-01 00:00:00
122,5,Engine Housing Fastener Set 122,Demo Aero Components 3,DEMO-PART-00122,COMPONENT,Custom educational catalog item; technical identity and fitment are generated for the demo.,"{""demo_engine_model_id"": 526, ""is_demo"": true, ""source_is_repairable"": false, ""source_part_family"": ""Fasteners"", ""source_part_id"": ""P00122"", ""source_shelf_life_days"": null, ""source_supplier_id"": ""SUP022"", ""source_unit_cost"": ""4852.65""}",true,2026-09-01 00:00:00
123,2,Cabin Air Filter 123,Demo Aero Components 4,DEMO-PART-00123,COMPONENT,Custom educational catalog item; technical identity and fitment are generated for the demo.,"{""demo_engine_model_id"": null, ""is_demo"": true, ""source_is_repairable"": false, ""source_part_family"": ""Cabin"", ""source_part_id"": ""P00123"", ""source_shelf_life_days"": null, ""source_supplier_id"": ""SUP029"", ""source_unit_cost"": ""3000.73""}",true,2026-09-01 00:00:00
124,3,Engine Starter Relay 124,Demo Aero Components 5,DEMO-PART-00124,COMPONENT,Custom educational catalog item; technical identity and fitment are generated for the demo.,"{""demo_engine_model_id"": 528, ""is_demo"": true, ""source_is_repairable"": false, ""source_part_family"": ""Electrical"", ""source_part_id"": ""P00124"", ""source_shelf_life_days"": 891, ""source_supplier_id"": ""SUP020"", ""source_unit_cost"": ""1018.72""}",true,2026-09-01 00:00:00
125,1,Navigation Interface 125,Demo Aero Components 1,DEMO-PART-00125,COMPONENT,Custom educational catalog item; technical identity and fitment are generated for the demo.,"{""demo_engine_model_id"": null, ""is_demo"": true, ""source_is_repairable"": false, ""source_part_family"": ""Avionics"", ""source_part_id"": ""P00125"", ""source_shelf_life_days"": null, ""source_supplier_id"": ""SUP018"", ""source_unit_cost"": ""1490.01""}",true,2026-09-01 00:00:00
126,3,Engine Starter Relay 126,Demo Aero Components 2,DEMO-PART-00126,COMPONENT,Custom educational catalog item; technical identity and fitment are generated for the demo.,"{""demo_engine_model_id"": 530, ""is_demo"": true, ""source_is_repairable"": false, ""source_part_family"": ""Electrical"", ""source_part_id"": ""P00126"", ""source_shelf_life_days"": 831, ""source_supplier_id"": ""SUP026"", ""source_unit_cost"": ""2493.86""}",true,2026-09-01 00:00:00
127,8,Access Panel 127,Demo Aero Components 3,DEMO-PART-00127,COMPONENT,Custom educational catalog item; technical identity and fitment are generated for the demo.,"{""demo_engine_model_id"": null, ""is_demo"": true, ""source_is_repairable"": false, ""source_part_family"": ""Structure"", ""source_part_id"": ""P00127"", ""source_shelf_life_days"": null, ""source_supplier_id"": ""SUP033"", ""source_unit_cost"": ""399.15""}",true,2026-09-01 00:00:00
128,5,Engine Housing Fastener Set 128,Demo Aero Components 4,DEMO-PART-00128,COMPONENT,Custom educational catalog item; technical identity and fitment are generated for the demo.,"{""demo_engine_model_id"": 547, ""is_demo"": true, ""source_is_repairable"": false, ""source_part_family"": ""Fasteners"", ""source_part_id"": ""P00128"", ""source_shelf_life_days"": null, ""source_supplier_id"": ""SUP014"", ""source_unit_cost"": ""1102.45""}",true,2026-09-01 00:00:00
129,6,Hydraulic Filter 129,Demo Aero Components 5,DEMO-PART-00129,COMPONENT,Custom educational catalog item; technical identity and fitment are generated for the demo.,"{""demo_engine_model_id"": null, ""is_demo"": true, ""source_is_repairable"": true, ""source_part_family"": ""Hydraulics"", ""source_part_id"": ""P00129"", ""source_shelf_life_days"": null, ""source_supplier_id"": ""SUP033"", ""source_unit_cost"": ""346.14""}",true,2026-09-01 00:00:00
130,8,Structural Bracket 130,Demo Aero Components 1,DEMO-PART-00130,COMPONENT,Custom educational catalog item; technical identity and fitment are generated for the demo.,"{""demo_engine_model_id"": null, ""is_demo"": true, ""source_is_repairable"": false, ""source_part_family"": ""Structure"", ""source_part_id"": ""P00130"", ""source_shelf_life_days"": null, ""source_supplier_id"": ""SUP010"", ""source_unit_cost"": ""1056.28""}",true,2026-09-01 00:00:00
131,4,Fuel Nozzle Assembly 131,Demo Aero Components 2,DEMO-PART-00131,COMPONENT,Custom educational catalog item; technical identity and fitment are generated for the demo.,"{""demo_engine_model_id"": 553, ""is_demo"": true, ""source_is_repairable"": false, ""source_part_family"": ""Engine"", ""source_part_id"": ""P00131"", ""source_shelf_life_days"": null, ""source_supplier_id"": ""SUP017"", ""source_unit_cost"": ""397.49""}",true,2026-09-01 00:00:00
132,5,Engine Housing Fastener Set 132,Demo Aero Components 3,DEMO-PART-00132,COMPONENT,Custom educational catalog item; technical identity and fitment are generated for the demo.,"{""demo_engine_model_id"": 554, ""is_demo"": true, ""source_is_repairable"": false, ""source_part_family"": ""Fasteners"", ""source_part_id"": ""P00132"", ""source_shelf_life_days"": null, ""source_supplier_id"": ""SUP037"", ""source_unit_cost"": ""949.75""}",true,2026-09-01 00:00:00
133,3,Engine Ignition Lead 133,Demo Aero Components 4,DEMO-PART-00133,COMPONENT,Custom educational catalog item; technical identity and fitment are generated for the demo.,"{""demo_engine_model_id"": 524, ""is_demo"": true, ""source_is_repairable"": false, ""source_part_family"": ""Electrical"", ""source_part_id"": ""P00133"", ""source_shelf_life_days"": null, ""source_supplier_id"": ""SUP039"", ""source_unit_cost"": ""3109.70""}",true,2026-09-01 00:00:00
134,6,Hydraulic Valve Assembly 134,Demo Aero Components 5,DEMO-PART-00134,COMPONENT,Custom educational catalog item; technical identity and fitment are generated for the demo.,"{""demo_engine_model_id"": null, ""is_demo"": true, ""source_is_repairable"": false, ""source_part_family"": ""Hydraulics"", ""source_part_id"": ""P00134"", ""source_shelf_life_days"": null, ""source_supplier_id"": ""SUP037"", ""source_unit_cost"": ""368.12""}",true,2026-09-01 00:00:00
135,3,Engine Ignition Lead 135,Demo Aero Components 1,DEMO-PART-00135,COMPONENT,Custom educational catalog item; technical identity and fitment are generated for the demo.,"{""demo_engine_model_id"": 527, ""is_demo"": true, ""source_is_repairable"": false, ""source_part_family"": ""Electrical"", ""source_part_id"": ""P00135"", ""source_shelf_life_days"": null, ""source_supplier_id"": ""SUP013"", ""source_unit_cost"": ""10313.86""}",true,2026-09-01 00:00:00
136,7,Landing Gear Sensor 136,Demo Aero Components 2,DEMO-PART-00136,COMPONENT,Custom educational catalog item; technical identity and fitment are generated for the demo.,"{""demo_engine_model_id"": null, ""is_demo"": true, ""source_is_repairable"": true, ""source_part_family"": ""LandingGear"", ""source_part_id"": ""P00136"", ""source_shelf_life_days"": null, ""source_supplier_id"": ""SUP034"", ""source_unit_cost"": ""3098.46""}",true,2026-09-01 00:00:00
137,5,Engine Mount Bolt Kit 137,Demo Aero Components 3,DEMO-PART-00137,COMPONENT,Custom educational catalog item; technical identity and fitment are generated for the demo.,"{""demo_engine_model_id"": 529, ""is_demo"": true, ""source_is_repairable"": false, ""source_part_family"": ""Fasteners"", ""source_part_id"": ""P00137"", ""source_shelf_life_days"": null, ""source_supplier_id"": ""SUP038"", ""source_unit_cost"": ""794.11""}",true,2026-09-01 00:00:00
138,7,Landing Gear Sensor 138,Demo Aero Components 4,DEMO-PART-00138,COMPONENT,Custom educational catalog item; technical identity and fitment are generated for the demo.,"{""demo_engine_model_id"": null, ""is_demo"": true, ""source_is_repairable"": false, ""source_part_family"": ""LandingGear"", ""source_part_id"": ""P00138"", ""source_shelf_life_days"": null, ""source_supplier_id"": ""SUP040"", ""source_unit_cost"": ""2379.41""}",true,2026-09-01 00:00:00
139,8,Access Panel 139,Demo Aero Components 5,DEMO-PART-00139,COMPONENT,Custom educational catalog item; technical identity and fitment are generated for the demo.,"{""demo_engine_model_id"": null, ""is_demo"": true, ""source_is_repairable"": false, ""source_part_family"": ""Structure"", ""source_part_id"": ""P00139"", ""source_shelf_life_days"": null, ""source_supplier_id"": ""SUP001"", ""source_unit_cost"": ""1599.14""}",true,2026-09-01 00:00:00
140,8,Structural Bracket 140,Demo Aero Components 1,DEMO-PART-00140,COMPONENT,Custom educational catalog item; technical identity and fitment are generated for the demo.,"{""demo_engine_model_id"": null, ""is_demo"": true, ""source_is_repairable"": false, ""source_part_family"": ""Structure"", ""source_part_id"": ""P00140"", ""source_shelf_life_days"": null, ""source_supplier_id"": ""SUP030"", ""source_unit_cost"": ""246.31""}",true,2026-09-01 00:00:00
141,7,Landing Gear Seal Kit 141,Demo Aero Components 2,DEMO-PART-00141,COMPONENT,Custom educational catalog item; technical identity and fitment are generated for the demo.,"{""demo_engine_model_id"": null, ""is_demo"": true, ""source_is_repairable"": false, ""source_part_family"": ""LandingGear"", ""source_part_id"": ""P00141"", ""source_shelf_life_days"": null, ""source_supplier_id"": ""SUP040"", ""source_unit_cost"": ""513.64""}",true,2026-09-01 00:00:00
142,7,Landing Gear Sensor 142,Demo Aero Components 3,DEMO-PART-00142,COMPONENT,Custom educational catalog item; technical identity and fitment are generated for the demo.,"{""demo_engine_model_id"": null, ""is_demo"": true, ""source_is_repairable"": true, ""source_part_family"": ""LandingGear"", ""source_part_id"": ""P00142"", ""source_shelf_life_days"": null, ""source_supplier_id"": ""SUP031"", ""source_unit_cost"": ""561.55""}",true,2026-09-01 00:00:00
143,1,Navigation Interface 143,Demo Aero Components 4,DEMO-PART-00143,COMPONENT,Custom educational catalog item; technical identity and fitment are generated for the demo.,"{""demo_engine_model_id"": null, ""is_demo"": true, ""source_is_repairable"": true, ""source_part_family"": ""Avionics"", ""source_part_id"": ""P00143"", ""source_shelf_life_days"": null, ""source_supplier_id"": ""SUP010"", ""source_unit_cost"": ""262.16""}",true,2026-09-01 00:00:00
144,5,Engine Housing Fastener Set 144,Demo Aero Components 5,DEMO-PART-00144,COMPONENT,Custom educational catalog item; technical identity and fitment are generated for the demo.,"{""demo_engine_model_id"": 554, ""is_demo"": true, ""source_is_repairable"": false, ""source_part_family"": ""Fasteners"", ""source_part_id"": ""P00144"", ""source_shelf_life_days"": null, ""source_supplier_id"": ""SUP031"", ""source_unit_cost"": ""1196.12""}",true,2026-09-01 00:00:00
145,6,Hydraulic Filter 145,Demo Aero Components 1,DEMO-PART-00145,COMPONENT,Custom educational catalog item; technical identity and fitment are generated for the demo.,"{""demo_engine_model_id"": null, ""is_demo"": true, ""source_is_repairable"": true, ""source_part_family"": ""Hydraulics"", ""source_part_id"": ""P00145"", ""source_shelf_life_days"": 950, ""source_supplier_id"": ""SUP005"", ""source_unit_cost"": ""3608.96""}",true,2026-09-01 00:00:00
146,3,Engine Starter Relay 146,Demo Aero Components 2,DEMO-PART-00146,COMPONENT,Custom educational catalog item; technical identity and fitment are generated for the demo.,"{""demo_engine_model_id"": 526, ""is_demo"": true, ""source_is_repairable"": false, ""source_part_family"": ""Electrical"", ""source_part_id"": ""P00146"", ""source_shelf_life_days"": null, ""source_supplier_id"": ""SUP020"", ""source_unit_cost"": ""4265.18""}",true,2026-09-01 00:00:00
147,6,Hydraulic Filter 147,Demo Aero Components 3,DEMO-PART-00147,COMPONENT,Custom educational catalog item; technical identity and fitment are generated for the demo.,"{""demo_engine_model_id"": null, ""is_demo"": true, ""source_is_repairable"": true, ""source_part_family"": ""Hydraulics"", ""source_part_id"": ""P00147"", ""source_shelf_life_days"": null, ""source_supplier_id"": ""SUP026"", ""source_unit_cost"": ""434.55""}",true,2026-09-01 00:00:00
148,5,Engine Housing Fastener Set 148,Demo Aero Components 4,DEMO-PART-00148,COMPONENT,Custom educational catalog item; technical identity and fitment are generated for the demo.,"{""demo_engine_model_id"": 528, ""is_demo"": true, ""source_is_repairable"": false, ""source_part_family"": ""Fasteners"", ""source_part_id"": ""P00148"", ""source_shelf_life_days"": null, ""source_supplier_id"": ""SUP019"", ""source_unit_cost"": ""12062.12""}",true,2026-09-01 00:00:00
149,5,Engine Mount Bolt Kit 149,Demo Aero Components 5,DEMO-PART-00149,COMPONENT,Custom educational catalog item; technical identity and fitment are generated for the demo.,"{""demo_engine_model_id"": 529, ""is_demo"": true, ""source_is_repairable"": false, ""source_part_family"": ""Fasteners"", ""source_part_id"": ""P00149"", ""source_shelf_life_days"": null, ""source_supplier_id"": ""SUP028"", ""source_unit_cost"": ""2043.71""}",true,2026-09-01 00:00:00
150,5,Engine Housing Fastener Set 150,Demo Aero Components 1,DEMO-PART-00150,COMPONENT,Custom educational catalog item; technical identity and fitment are generated for the demo.,"{""demo_engine_model_id"": 530, ""is_demo"": true, ""source_is_repairable"": false, ""source_part_family"": ""Fasteners"", ""source_part_id"": ""P00150"", ""source_shelf_life_days"": null, ""source_supplier_id"": ""SUP010"", ""source_unit_cost"": ""2083.89""}",true,2026-09-01 00:00:00
151,6,Hydraulic Filter 151,Demo Aero Components 2,DEMO-PART-00151,COMPONENT,Custom educational catalog item; technical identity and fitment are generated for the demo.,"{""demo_engine_model_id"": null, ""is_demo"": true, ""source_is_repairable"": true, ""source_part_family"": ""Hydraulics"", ""source_part_id"": ""P00151"", ""source_shelf_life_days"": null, ""source_supplier_id"": ""SUP025"", ""source_unit_cost"": ""969.59""}",true,2026-09-01 00:00:00
152,3,Engine Starter Relay 152,Demo Aero Components 3,DEMO-PART-00152,COMPONENT,Custom educational catalog item; technical identity and fitment are generated for the demo.,"{""demo_engine_model_id"": 547, ""is_demo"": true, ""source_is_repairable"": false, ""source_part_family"": ""Electrical"", ""source_part_id"": ""P00152"", ""source_shelf_life_days"": null, ""source_supplier_id"": ""SUP026"", ""source_unit_cost"": ""2142.57""}",true,2026-09-01 00:00:00
153,5,Engine Mount Bolt Kit 153,Demo Aero Components 4,DEMO-PART-00153,COMPONENT,Custom educational catalog item; technical identity and fitment are generated for the demo.,"{""demo_engine_model_id"": 548, ""is_demo"": true, ""source_is_repairable"": false, ""source_part_family"": ""Fasteners"", ""source_part_id"": ""P00153"", ""source_shelf_life_days"": null, ""source_supplier_id"": ""SUP026"", ""source_unit_cost"": ""2261.29""}",true,2026-09-01 00:00:00
154,1,Communication Control Unit 154,Demo Aero Components 5,DEMO-PART-00154,MODULE,Custom educational catalog item; technical identity and fitment are generated for the demo.,"{""demo_engine_model_id"": null, ""is_demo"": true, ""source_is_repairable"": false, ""source_part_family"": ""Avionics"", ""source_part_id"": ""P00154"", ""source_shelf_life_days"": null, ""source_supplier_id"": ""SUP012"", ""source_unit_cost"": ""231.50""}",true,2026-09-01 00:00:00
155,1,Navigation Interface 155,Demo Aero Components 1,DEMO-PART-00155,COMPONENT,Custom educational catalog item; technical identity and fitment are generated for the demo.,"{""demo_engine_model_id"": null, ""is_demo"": true, ""source_is_repairable"": false, ""source_part_family"": ""Avionics"", ""source_part_id"": ""P00155"", ""source_shelf_life_days"": null, ""source_supplier_id"": ""SUP013"", ""source_unit_cost"": ""3795.73""}",true,2026-09-01 00:00:00
156,2,Cabin Control Panel 156,Demo Aero Components 2,DEMO-PART-00156,COMPONENT,Custom educational catalog item; technical identity and fitment are generated for the demo.,"{""demo_engine_model_id"": null, ""is_demo"": true, ""source_is_repairable"": false, ""source_part_family"": ""Cabin"", ""source_part_id"": ""P00156"", ""source_shelf_life_days"": null, ""source_supplier_id"": ""SUP011"", ""source_unit_cost"": ""3884.32""}",true,2026-09-01 00:00:00
157,7,Landing Gear Seal Kit 157,Demo Aero Components 3,DEMO-PART-00157,COMPONENT,Custom educational catalog item; technical identity and fitment are generated for the demo.,"{""demo_engine_model_id"": null, ""is_demo"": true, ""source_is_repairable"": true, ""source_part_family"": ""LandingGear"", ""source_part_id"": ""P00157"", ""source_shelf_life_days"": null, ""source_supplier_id"": ""SUP019"", ""source_unit_cost"": ""2503.54""}",true,2026-09-01 00:00:00
158,8,Structural Bracket 158,Demo Aero Components 4,DEMO-PART-00158,COMPONENT,Custom educational catalog item; technical identity and fitment are generated for the demo.,"{""demo_engine_model_id"": null, ""is_demo"": true, ""source_is_repairable"": false, ""source_part_family"": ""Structure"", ""source_part_id"": ""P00158"", ""source_shelf_life_days"": null, ""source_supplier_id"": ""SUP024"", ""source_unit_cost"": ""1883.28""}",true,2026-09-01 00:00:00
159,8,Access Panel 159,Demo Aero Components 5,DEMO-PART-00159,COMPONENT,Custom educational catalog item; technical identity and fitment are generated for the demo.,"{""demo_engine_model_id"": null, ""is_demo"": true, ""source_is_repairable"": false, ""source_part_family"": ""Structure"", ""source_part_id"": ""P00159"", ""source_shelf_life_days"": null, ""source_supplier_id"": ""SUP015"", ""source_unit_cost"": ""374.56""}",true,2026-09-01 00:00:00
160,6,Hydraulic Valve Assembly 160,Demo Aero Components 1,DEMO-PART-00160,COMPONENT,Custom educational catalog item; technical identity and fitment are generated for the demo.,"{""demo_engine_model_id"": null, ""is_demo"": true, ""source_is_repairable"": false, ""source_part_family"": ""Hydraulics"", ""source_part_id"": ""P00160"", ""source_shelf_life_days"": null, ""source_supplier_id"": ""SUP017"", ""source_unit_cost"": ""2045.90""}",true,2026-09-01 00:00:00
161,4,Fuel Nozzle Assembly 161,Demo Aero Components 2,DEMO-PART-00161,COMPONENT,Custom educational catalog item; technical identity and fitment are generated for the demo.,"{""demo_engine_model_id"": 529, ""is_demo"": true, ""source_is_repairable"": true, ""source_part_family"": ""Engine"", ""source_part_id"": ""P00161"", ""source_shelf_life_days"": null, ""source_supplier_id"": ""SUP012"", ""source_unit_cost"": ""4072.98""}",true,2026-09-01 00:00:00
162,7,Landing Gear Sensor 162,Demo Aero Components 3,DEMO-PART-00162,COMPONENT,Custom educational catalog item; technical identity and fitment are generated for the demo.,"{""demo_engine_model_id"": null, ""is_demo"": true, ""source_is_repairable"": false, ""source_part_family"": ""LandingGear"", ""source_part_id"": ""P00162"", ""source_shelf_life_days"": null, ""source_supplier_id"": ""SUP009"", ""source_unit_cost"": ""2948.08""}",true,2026-09-01 00:00:00
163,1,Navigation Interface 163,Demo Aero Components 4,DEMO-PART-00163,COMPONENT,Custom educational catalog item; technical identity and fitment are generated for the demo.,"{""demo_engine_model_id"": null, ""is_demo"": true, ""source_is_repairable"": true, ""source_part_family"": ""Avionics"", ""source_part_id"": ""P00163"", ""source_shelf_life_days"": null, ""source_supplier_id"": ""SUP027"", ""source_unit_cost"": ""294.92""}",true,2026-09-01 00:00:00
164,4,Fuel Nozzle Assembly 164,Demo Aero Components 5,DEMO-PART-00164,COMPONENT,Custom educational catalog item; technical identity and fitment are generated for the demo.,"{""demo_engine_model_id"": 547, ""is_demo"": true, ""source_is_repairable"": false, ""source_part_family"": ""Engine"", ""source_part_id"": ""P00164"", ""source_shelf_life_days"": null, ""source_supplier_id"": ""SUP033"", ""source_unit_cost"": ""1442.53""}",true,2026-09-01 00:00:00
165,3,Engine Ignition Lead 165,Demo Aero Components 1,DEMO-PART-00165,COMPONENT,Custom educational catalog item; technical identity and fitment are generated for the demo.,"{""demo_engine_model_id"": 548, ""is_demo"": true, ""source_is_repairable"": false, ""source_part_family"": ""Electrical"", ""source_part_id"": ""P00165"", ""source_shelf_life_days"": null, ""source_supplier_id"": ""SUP012"", ""source_unit_cost"": ""1437.31""}",true,2026-09-01 00:00:00
166,4,Engine Oil Filter 166,Demo Aero Components 2,DEMO-PART-00166,COMPONENT,Custom educational catalog item; technical identity and fitment are generated for the demo.,"{""demo_engine_model_id"": 550, ""is_demo"": true, ""source_is_repairable"": false, ""source_part_family"": ""Engine"", ""source_part_id"": ""P00166"", ""source_shelf_life_days"": null, ""source_supplier_id"": ""SUP035"", ""source_unit_cost"": ""370.19""}",true,2026-09-01 00:00:00
167,1,Navigation Interface 167,Demo Aero Components 3,DEMO-PART-00167,COMPONENT,Custom educational catalog item; technical identity and fitment are generated for the demo.,"{""demo_engine_model_id"": null, ""is_demo"": true, ""source_is_repairable"": true, ""source_part_family"": ""Avionics"", ""source_part_id"": ""P00167"", ""source_shelf_life_days"": null, ""source_supplier_id"": ""SUP023"", ""source_unit_cost"": ""364.28""}",true,2026-09-01 00:00:00
168,4,Compressor Service Module 168,Demo Aero Components 4,DEMO-PART-00168,MODULE,Custom educational catalog item; technical identity and fitment are generated for the demo.,"{""demo_engine_model_id"": 554, ""is_demo"": true, ""source_is_repairable"": true, ""source_part_family"": ""Engine"", ""source_part_id"": ""P00168"", ""source_shelf_life_days"": null, ""source_supplier_id"": ""SUP007"", ""source_unit_cost"": ""3707.61""}",true,2026-09-01 00:00:00
169,8,Access Panel 169,Demo Aero Components 5,DEMO-PART-00169,COMPONENT,Custom educational catalog item; technical identity and fitment are generated for the demo.,"{""demo_engine_model_id"": null, ""is_demo"": true, ""source_is_repairable"": false, ""source_part_family"": ""Structure"", ""source_part_id"": ""P00169"", ""source_shelf_life_days"": null, ""source_supplier_id"": ""SUP015"", ""source_unit_cost"": ""814.51""}",true,2026-09-01 00:00:00
170,8,Structural Bracket 170,Demo Aero Components 1,DEMO-PART-00170,COMPONENT,Custom educational catalog item; technical identity and fitment are generated for the demo.,"{""demo_engine_model_id"": null, ""is_demo"": true, ""source_is_repairable"": false, ""source_part_family"": ""Structure"", ""source_part_id"": ""P00170"", ""source_shelf_life_days"": null, ""source_supplier_id"": ""SUP001"", ""source_unit_cost"": ""508.42""}",true,2026-09-01 00:00:00
171,8,Access Panel 171,Demo Aero Components 2,DEMO-PART-00171,COMPONENT,Custom educational catalog item; technical identity and fitment are generated for the demo.,"{""demo_engine_model_id"": null, ""is_demo"": true, ""source_is_repairable"": false, ""source_part_family"": ""Structure"", ""source_part_id"": ""P00171"", ""source_shelf_life_days"": null, ""source_supplier_id"": ""SUP002"", ""source_unit_cost"": ""977.38""}",true,2026-09-01 00:00:00
172,4,Engine Oil Filter 172,Demo Aero Components 3,DEMO-PART-00172,COMPONENT,Custom educational catalog item; technical identity and fitment are generated for the demo.,"{""demo_engine_model_id"": 528, ""is_demo"": true, ""source_is_repairable"": false, ""source_part_family"": ""Engine"", ""source_part_id"": ""P00172"", ""source_shelf_life_days"": null, ""source_supplier_id"": ""SUP014"", ""source_unit_cost"": ""522.73""}",true,2026-09-01 00:00:00
173,8,Access Panel 173,Demo Aero Components 4,DEMO-PART-00173,COMPONENT,Custom educational catalog item; technical identity and fitment are generated for the demo.,"{""demo_engine_model_id"": null, ""is_demo"": true, ""source_is_repairable"": false, ""source_part_family"": ""Structure"", ""source_part_id"": ""P00173"", ""source_shelf_life_days"": null, ""source_supplier_id"": ""SUP019"", ""source_unit_cost"": ""971.55""}",true,2026-09-01 00:00:00
174,6,Hydraulic Valve Assembly 174,Demo Aero Components 5,DEMO-PART-00174,COMPONENT,Custom educational catalog item; technical identity and fitment are generated for the demo.,"{""demo_engine_model_id"": null, ""is_demo"": true, ""source_is_repairable"": true, ""source_part_family"": ""Hydraulics"", ""source_part_id"": ""P00174"", ""source_shelf_life_days"": 966, ""source_supplier_id"": ""SUP032"", ""source_unit_cost"": ""476.71""}",true,2026-09-01 00:00:00
175,2,Cabin Air Filter 175,Demo Aero Components 1,DEMO-PART-00175,COMPONENT,Custom educational catalog item; technical identity and fitment are generated for the demo.,"{""demo_engine_model_id"": null, ""is_demo"": true, ""source_is_repairable"": false, ""source_part_family"": ""Cabin"", ""source_part_id"": ""P00175"", ""source_shelf_life_days"": null, ""source_supplier_id"": ""SUP006"", ""source_unit_cost"": ""906.57""}",true,2026-09-01 00:00:00
176,5,Engine Housing Fastener Set 176,Demo Aero Components 2,DEMO-PART-00176,COMPONENT,Custom educational catalog item; technical identity and fitment are generated for the demo.,"{""demo_engine_model_id"": 547, ""is_demo"": true, ""source_is_repairable"": false, ""source_part_family"": ""Fasteners"", ""source_part_id"": ""P00176"", ""source_shelf_life_days"": null, ""source_supplier_id"": ""SUP034"", ""source_unit_cost"": ""600.69""}",true,2026-09-01 00:00:00
177,1,Navigation Interface 177,Demo Aero Components 3,DEMO-PART-00177,COMPONENT,Custom educational catalog item; technical identity and fitment are generated for the demo.,"{""demo_engine_model_id"": null, ""is_demo"": true, ""source_is_repairable"": true, ""source_part_family"": ""Avionics"", ""source_part_id"": ""P00177"", ""source_shelf_life_days"": null, ""source_supplier_id"": ""SUP010"", ""source_unit_cost"": ""327.70""}",true,2026-09-01 00:00:00
178,5,Engine Housing Fastener Set 178,Demo Aero Components 4,DEMO-PART-00178,COMPONENT,Custom educational catalog item; technical identity and fitment are generated for the demo.,"{""demo_engine_model_id"": 550, ""is_demo"": true, ""source_is_repairable"": false, ""source_part_family"": ""Fasteners"", ""source_part_id"": ""P00178"", ""source_shelf_life_days"": null, ""source_supplier_id"": ""SUP006"", ""source_unit_cost"": ""839.09""}",true,2026-09-01 00:00:00
179,3,Engine Ignition Lead 179,Demo Aero Components 5,DEMO-PART-00179,COMPONENT,Custom educational catalog item; technical identity and fitment are generated for the demo.,"{""demo_engine_model_id"": 553, ""is_demo"": true, ""source_is_repairable"": false, ""source_part_family"": ""Electrical"", ""source_part_id"": ""P00179"", ""source_shelf_life_days"": null, ""source_supplier_id"": ""SUP028"", ""source_unit_cost"": ""644.05""}",true,2026-09-01 00:00:00
180,7,Landing Gear Sensor 180,Demo Aero Components 1,DEMO-PART-00180,COMPONENT,Custom educational catalog item; technical identity and fitment are generated for the demo.,"{""demo_engine_model_id"": null, ""is_demo"": true, ""source_is_repairable"": false, ""source_part_family"": ""LandingGear"", ""source_part_id"": ""P00180"", ""source_shelf_life_days"": null, ""source_supplier_id"": ""SUP031"", ""source_unit_cost"": ""2758.93""}",true,2026-09-01 00:00:00
181,8,Access Panel 181,Demo Aero Components 2,DEMO-PART-00181,COMPONENT,Custom educational catalog item; technical identity and fitment are generated for the demo.,"{""demo_engine_model_id"": null, ""is_demo"": true, ""source_is_repairable"": false, ""source_part_family"": ""Structure"", ""source_part_id"": ""P00181"", ""source_shelf_life_days"": null, ""source_supplier_id"": ""SUP025"", ""source_unit_cost"": ""995.65""}",true,2026-09-01 00:00:00
182,4,Fuel Nozzle Assembly 182,Demo Aero Components 3,DEMO-PART-00182,COMPONENT,Custom educational catalog item; technical identity and fitment are generated for the demo.,"{""demo_engine_model_id"": 526, ""is_demo"": true, ""source_is_repairable"": true, ""source_part_family"": ""Engine"", ""source_part_id"": ""P00182"", ""source_shelf_life_days"": null, ""source_supplier_id"": ""SUP005"", ""source_unit_cost"": ""371.98""}",true,2026-09-01 00:00:00
183,1,Navigation Interface 183,Demo Aero Components 4,DEMO-PART-00183,COMPONENT,Custom educational catalog item; technical identity and fitment are generated for the demo.,"{""demo_engine_model_id"": null, ""is_demo"": true, ""source_is_repairable"": true, ""source_part_family"": ""Avionics"", ""source_part_id"": ""P00183"", ""source_shelf_life_days"": null, ""source_supplier_id"": ""SUP005"", ""source_unit_cost"": ""3080.58""}",true,2026-09-01 00:00:00
184,1,Communication Control Unit 184,Demo Aero Components 5,DEMO-PART-00184,MODULE,Custom educational catalog item; technical identity and fitment are generated for the demo.,"{""demo_engine_model_id"": null, ""is_demo"": true, ""source_is_repairable"": true, ""source_part_family"": ""Avionics"", ""source_part_id"": ""P00184"", ""source_shelf_life_days"": null, ""source_supplier_id"": ""SUP016"", ""source_unit_cost"": ""423.99""}",true,2026-09-01 00:00:00
185,6,Hydraulic Filter 185,Demo Aero Components 1,DEMO-PART-00185,COMPONENT,Custom educational catalog item; technical identity and fitment are generated for the demo.,"{""demo_engine_model_id"": null, ""is_demo"": true, ""source_is_repairable"": true, ""source_part_family"": ""Hydraulics"", ""source_part_id"": ""P00185"", ""source_shelf_life_days"": null, ""source_supplier_id"": ""SUP019"", ""source_unit_cost"": ""367.48""}",true,2026-09-01 00:00:00
186,5,Engine Housing Fastener Set 186,Demo Aero Components 2,DEMO-PART-00186,COMPONENT,Custom educational catalog item; technical identity and fitment are generated for the demo.,"{""demo_engine_model_id"": 530, ""is_demo"": true, ""source_is_repairable"": false, ""source_part_family"": ""Fasteners"", ""source_part_id"": ""P00186"", ""source_shelf_life_days"": null, ""source_supplier_id"": ""SUP040"", ""source_unit_cost"": ""964.22""}",true,2026-09-01 00:00:00
187,8,Access Panel 187,Demo Aero Components 3,DEMO-PART-00187,COMPONENT,Custom educational catalog item; technical identity and fitment are generated for the demo.,"{""demo_engine_model_id"": null, ""is_demo"": true, ""source_is_repairable"": false, ""source_part_family"": ""Structure"", ""source_part_id"": ""P00187"", ""source_shelf_life_days"": null, ""source_supplier_id"": ""SUP012"", ""source_unit_cost"": ""951.17""}",true,2026-09-01 00:00:00
188,5,Engine Housing Fastener Set 188,Demo Aero Components 4,DEMO-PART-00188,COMPONENT,Custom educational catalog item; technical identity and fitment are generated for the demo.,"{""demo_engine_model_id"": 547, ""is_demo"": true, ""source_is_repairable"": false, ""source_part_family"": ""Fasteners"", ""source_part_id"": ""P00188"", ""source_shelf_life_days"": null, ""source_supplier_id"": ""SUP008"", ""source_unit_cost"": ""3409.48""}",true,2026-09-01 00:00:00
189,5,Engine Mount Bolt Kit 189,Demo Aero Components 5,DEMO-PART-00189,COMPONENT,Custom educational catalog item; technical identity and fitment are generated for the demo.,"{""demo_engine_model_id"": 548, ""is_demo"": true, ""source_is_repairable"": false, ""source_part_family"": ""Fasteners"", ""source_part_id"": ""P00189"", ""source_shelf_life_days"": null, ""source_supplier_id"": ""SUP038"", ""source_unit_cost"": ""2173.19""}",true,2026-09-01 00:00:00
190,8,Structural Bracket 190,Demo Aero Components 1,DEMO-PART-00190,COMPONENT,Custom educational catalog item; technical identity and fitment are generated for the demo.,"{""demo_engine_model_id"": null, ""is_demo"": true, ""source_is_repairable"": false, ""source_part_family"": ""Structure"", ""source_part_id"": ""P00190"", ""source_shelf_life_days"": null, ""source_supplier_id"": ""SUP007"", ""source_unit_cost"": ""4230.32""}",true,2026-09-01 00:00:00
191,7,Landing Gear Seal Kit 191,Demo Aero Components 2,DEMO-PART-00191,COMPONENT,Custom educational catalog item; technical identity and fitment are generated for the demo.,"{""demo_engine_model_id"": null, ""is_demo"": true, ""source_is_repairable"": false, ""source_part_family"": ""LandingGear"", ""source_part_id"": ""P00191"", ""source_shelf_life_days"": null, ""source_supplier_id"": ""SUP002"", ""source_unit_cost"": ""1101.47""}",true,2026-09-01 00:00:00
192,8,Structural Bracket 192,Demo Aero Components 3,DEMO-PART-00192,COMPONENT,Custom educational catalog item; technical identity and fitment are generated for the demo.,"{""demo_engine_model_id"": null, ""is_demo"": true, ""source_is_repairable"": false, ""source_part_family"": ""Structure"", ""source_part_id"": ""P00192"", ""source_shelf_life_days"": null, ""source_supplier_id"": ""SUP017"", ""source_unit_cost"": ""498.61""}",true,2026-09-01 00:00:00
193,3,Engine Ignition Lead 193,Demo Aero Components 4,DEMO-PART-00193,COMPONENT,Custom educational catalog item; technical identity and fitment are generated for the demo.,"{""demo_engine_model_id"": 524, ""is_demo"": true, ""source_is_repairable"": false, ""source_part_family"": ""Electrical"", ""source_part_id"": ""P00193"", ""source_shelf_life_days"": null, ""source_supplier_id"": ""SUP017"", ""source_unit_cost"": ""1404.96""}",true,2026-09-01 00:00:00
194,8,Structural Bracket 194,Demo Aero Components 5,DEMO-PART-00194,COMPONENT,Custom educational catalog item; technical identity and fitment are generated for the demo.,"{""demo_engine_model_id"": null, ""is_demo"": true, ""source_is_repairable"": false, ""source_part_family"": ""Structure"", ""source_part_id"": ""P00194"", ""source_shelf_life_days"": null, ""source_supplier_id"": ""SUP025"", ""source_unit_cost"": ""368.34""}",true,2026-09-01 00:00:00
195,7,Landing Gear Seal Kit 195,Demo Aero Components 1,DEMO-PART-00195,COMPONENT,Custom educational catalog item; technical identity and fitment are generated for the demo.,"{""demo_engine_model_id"": null, ""is_demo"": true, ""source_is_repairable"": true, ""source_part_family"": ""LandingGear"", ""source_part_id"": ""P00195"", ""source_shelf_life_days"": null, ""source_supplier_id"": ""SUP036"", ""source_unit_cost"": ""8850.56""}",true,2026-09-01 00:00:00
196,3,Engine Starter Relay 196,Demo Aero Components 2,DEMO-PART-00196,COMPONENT,Custom educational catalog item; technical identity and fitment are generated for the demo.,"{""demo_engine_model_id"": 528, ""is_demo"": true, ""source_is_repairable"": false, ""source_part_family"": ""Electrical"", ""source_part_id"": ""P00196"", ""source_shelf_life_days"": null, ""source_supplier_id"": ""SUP038"", ""source_unit_cost"": ""2689.41""}",true,2026-09-01 00:00:00
197,3,Engine Ignition Lead 197,Demo Aero Components 3,DEMO-PART-00197,COMPONENT,Custom educational catalog item; technical identity and fitment are generated for the demo.,"{""demo_engine_model_id"": 529, ""is_demo"": true, ""source_is_repairable"": false, ""source_part_family"": ""Electrical"", ""source_part_id"": ""P00197"", ""source_shelf_life_days"": null, ""source_supplier_id"": ""SUP012"", ""source_unit_cost"": ""1056.57""}",true,2026-09-01 00:00:00
198,7,Landing Gear Sensor 198,Demo Aero Components 4,DEMO-PART-00198,COMPONENT,Custom educational catalog item; technical identity and fitment are generated for the demo.,"{""demo_engine_model_id"": null, ""is_demo"": true, ""source_is_repairable"": true, ""source_part_family"": ""LandingGear"", ""source_part_id"": ""P00198"", ""source_shelf_life_days"": null, ""source_supplier_id"": ""SUP040"", ""source_unit_cost"": ""1165.95""}",true,2026-09-01 00:00:00
199,2,Cabin Air Filter 199,Demo Aero Components 5,DEMO-PART-00199,COMPONENT,Custom educational catalog item; technical identity and fitment are generated for the demo.,"{""demo_engine_model_id"": null, ""is_demo"": true, ""source_is_repairable"": false, ""source_part_family"": ""Cabin"", ""source_part_id"": ""P00199"", ""source_shelf_life_days"": null, ""source_supplier_id"": ""SUP026"", ""source_unit_cost"": ""1088.55""}",true,2026-09-01 00:00:00
200,6,Hydraulic Valve Assembly 200,Demo Aero Components 1,DEMO-PART-00200,COMPONENT,Custom educational catalog item; technical identity and fitment are generated for the demo.,"{""demo_engine_model_id"": null, ""is_demo"": true, ""source_is_repairable"": true, ""source_part_family"": ""Hydraulics"", ""source_part_id"": ""P00200"", ""source_shelf_life_days"": null, ""source_supplier_id"": ""SUP003"", ""source_unit_cost"": ""287.21""}",true,2026-09-01 00:00:00
201,2,Cabin Air Filter 201,Demo Aero Components 2,DEMO-PART-00201,COMPONENT,Custom educational catalog item; technical identity and fitment are generated for the demo.,"{""demo_engine_model_id"": null, ""is_demo"": true, ""source_is_repairable"": false, ""source_part_family"": ""Cabin"", ""source_part_id"": ""P00201"", ""source_shelf_life_days"": null, ""source_supplier_id"": ""SUP038"", ""source_unit_cost"": ""1354.83""}",true,2026-09-01 00:00:00
202,4,Engine Oil Filter 202,Demo Aero Components 3,DEMO-PART-00202,COMPONENT,Custom educational catalog item; technical identity and fitment are generated for the demo.,"{""demo_engine_model_id"": 550, ""is_demo"": true, ""source_is_repairable"": false, ""source_part_family"": ""Engine"", ""source_part_id"": ""P00202"", ""source_shelf_life_days"": null, ""source_supplier_id"": ""SUP006"", ""source_unit_cost"": ""323.40""}",true,2026-09-01 00:00:00
203,5,Engine Mount Bolt Kit 203,Demo Aero Components 4,DEMO-PART-00203,COMPONENT,Custom educational catalog item; technical identity and fitment are generated for the demo.,"{""demo_engine_model_id"": 553, ""is_demo"": true, ""source_is_repairable"": false, ""source_part_family"": ""Fasteners"", ""source_part_id"": ""P00203"", ""source_shelf_life_days"": null, ""source_supplier_id"": ""SUP024"", ""source_unit_cost"": ""1309.16""}",true,2026-09-01 00:00:00
204,5,Engine Housing Fastener Set 204,Demo Aero Components 5,DEMO-PART-00204,COMPONENT,Custom educational catalog item; technical identity and fitment are generated for the demo.,"{""demo_engine_model_id"": 554, ""is_demo"": true, ""source_is_repairable"": false, ""source_part_family"": ""Fasteners"", ""source_part_id"": ""P00204"", ""source_shelf_life_days"": null, ""source_supplier_id"": ""SUP032"", ""source_unit_cost"": ""1829.42""}",true,2026-09-01 00:00:00
205,7,Landing Gear Seal Kit 205,Demo Aero Components 1,DEMO-PART-00205,COMPONENT,Custom educational catalog item; technical identity and fitment are generated for the demo.,"{""demo_engine_model_id"": null, ""is_demo"": true, ""source_is_repairable"": true, ""source_part_family"": ""LandingGear"", ""source_part_id"": ""P00205"", ""source_shelf_life_days"": null, ""source_supplier_id"": ""SUP010"", ""source_unit_cost"": ""926.47""}",true,2026-09-01 00:00:00
206,5,Engine Housing Fastener Set 206,Demo Aero Components 2,DEMO-PART-00206,COMPONENT,Custom educational catalog item; technical identity and fitment are generated for the demo.,"{""demo_engine_model_id"": 526, ""is_demo"": true, ""source_is_repairable"": false, ""source_part_family"": ""Fasteners"", ""source_part_id"": ""P00206"", ""source_shelf_life_days"": null, ""source_supplier_id"": ""SUP011"", ""source_unit_cost"": ""492.96""}",true,2026-09-01 00:00:00
207,5,Engine Mount Bolt Kit 207,Demo Aero Components 3,DEMO-PART-00207,COMPONENT,Custom educational catalog item; technical identity and fitment are generated for the demo.,"{""demo_engine_model_id"": 527, ""is_demo"": true, ""source_is_repairable"": false, ""source_part_family"": ""Fasteners"", ""source_part_id"": ""P00207"", ""source_shelf_life_days"": null, ""source_supplier_id"": ""SUP020"", ""source_unit_cost"": ""651.73""}",true,2026-09-01 00:00:00
208,6,Hydraulic Valve Assembly 208,Demo Aero Components 4,DEMO-PART-00208,COMPONENT,Custom educational catalog item; technical identity and fitment are generated for the demo.,"{""demo_engine_model_id"": null, ""is_demo"": true, ""source_is_repairable"": false, ""source_part_family"": ""Hydraulics"", ""source_part_id"": ""P00208"", ""source_shelf_life_days"": null, ""source_supplier_id"": ""SUP036"", ""source_unit_cost"": ""2809.54""}",true,2026-09-01 00:00:00
209,1,Navigation Interface 209,Demo Aero Components 5,DEMO-PART-00209,COMPONENT,Custom educational catalog item; technical identity and fitment are generated for the demo.,"{""demo_engine_model_id"": null, ""is_demo"": true, ""source_is_repairable"": false, ""source_part_family"": ""Avionics"", ""source_part_id"": ""P00209"", ""source_shelf_life_days"": null, ""source_supplier_id"": ""SUP009"", ""source_unit_cost"": ""213.49""}",true,2026-09-01 00:00:00
210,4,Compressor Service Module 210,Demo Aero Components 1,DEMO-PART-00210,MODULE,Custom educational catalog item; technical identity and fitment are generated for the demo.,"{""demo_engine_model_id"": 530, ""is_demo"": true, ""source_is_repairable"": false, ""source_part_family"": ""Engine"", ""source_part_id"": ""P00210"", ""source_shelf_life_days"": null, ""source_supplier_id"": ""SUP027"", ""source_unit_cost"": ""1074.18""}",true,2026-09-01 00:00:00
211,5,Engine Mount Bolt Kit 211,Demo Aero Components 2,DEMO-PART-00211,COMPONENT,Custom educational catalog item; technical identity and fitment are generated for the demo.,"{""demo_engine_model_id"": 542, ""is_demo"": true, ""source_is_repairable"": false, ""source_part_family"": ""Fasteners"", ""source_part_id"": ""P00211"", ""source_shelf_life_days"": null, ""source_supplier_id"": ""SUP019"", ""source_unit_cost"": ""1199.34""}",true,2026-09-01 00:00:00
212,5,Engine Housing Fastener Set 212,Demo Aero Components 3,DEMO-PART-00212,COMPONENT,Custom educational catalog item; technical identity and fitment are generated for the demo.,"{""demo_engine_model_id"": 547, ""is_demo"": true, ""source_is_repairable"": false, ""source_part_family"": ""Fasteners"", ""source_part_id"": ""P00212"", ""source_shelf_life_days"": null, ""source_supplier_id"": ""SUP005"", ""source_unit_cost"": ""1060.94""}",true,2026-09-01 00:00:00
213,1,Navigation Interface 213,Demo Aero Components 4,DEMO-PART-00213,COMPONENT,Custom educational catalog item; technical identity and fitment are generated for the demo.,"{""demo_engine_model_id"": null, ""is_demo"": true, ""source_is_repairable"": false, ""source_part_family"": ""Avionics"", ""source_part_id"": ""P00213"", ""source_shelf_life_days"": null, ""source_supplier_id"": ""SUP029"", ""source_unit_cost"": ""374.67""}",true,2026-09-01 00:00:00
214,5,Engine Housing Fastener Set 214,Demo Aero Components 5,DEMO-PART-00214,COMPONENT,Custom educational catalog item; technical identity and fitment are generated for the demo.,"{""demo_engine_model_id"": 550, ""is_demo"": true, ""source_is_repairable"": false, ""source_part_family"": ""Fasteners"", ""source_part_id"": ""P00214"", ""source_shelf_life_days"": null, ""source_supplier_id"": ""SUP034"", ""source_unit_cost"": ""933.94""}",true,2026-09-01 00:00:00
215,5,Engine Mount Bolt Kit 215,Demo Aero Components 1,DEMO-PART-00215,COMPONENT,Custom educational catalog item; technical identity and fitment are generated for the demo.,"{""demo_engine_model_id"": 553, ""is_demo"": true, ""source_is_repairable"": false, ""source_part_family"": ""Fasteners"", ""source_part_id"": ""P00215"", ""source_shelf_life_days"": null, ""source_supplier_id"": ""SUP024"", ""source_unit_cost"": ""2286.79""}",true,2026-09-01 00:00:00
216,1,Communication Control Unit 216,Demo Aero Components 2,DEMO-PART-00216,MODULE,Custom educational catalog item; technical identity and fitment are generated for the demo.,"{""demo_engine_model_id"": null, ""is_demo"": true, ""source_is_repairable"": false, ""source_part_family"": ""Avionics"", ""source_part_id"": ""P00216"", ""source_shelf_life_days"": null, ""source_supplier_id"": ""SUP008"", ""source_unit_cost"": ""306.86""}",true,2026-09-01 00:00:00
217,5,Engine Mount Bolt Kit 217,Demo Aero Components 3,DEMO-PART-00217,COMPONENT,Custom educational catalog item; technical identity and fitment are generated for the demo.,"{""demo_engine_model_id"": 524, ""is_demo"": true, ""source_is_repairable"": false, ""source_part_family"": ""Fasteners"", ""source_part_id"": ""P00217"", ""source_shelf_life_days"": null, ""source_supplier_id"": ""SUP007"", ""source_unit_cost"": ""691.28""}",true,2026-09-01 00:00:00
218,2,Cabin Control Panel 218,Demo Aero Components 4,DEMO-PART-00218,COMPONENT,Custom educational catalog item; technical identity and fitment are generated for the demo.,"{""demo_engine_model_id"": null, ""is_demo"": true, ""source_is_repairable"": false, ""source_part_family"": ""Cabin"", ""source_part_id"": ""P00218"", ""source_shelf_life_days"": null, ""source_supplier_id"": ""SUP017"", ""source_unit_cost"": ""2340.25""}",true,2026-09-01 00:00:00
219,1,Navigation Interface 219,Demo Aero Components 5,DEMO-PART-00219,COMPONENT,Custom educational catalog item; technical identity and fitment are generated for the demo.,"{""demo_engine_model_id"": null, ""is_demo"": true, ""source_is_repairable"": false, ""source_part_family"": ""Avionics"", ""source_part_id"": ""P00219"", ""source_shelf_life_days"": null, ""source_supplier_id"": ""SUP021"", ""source_unit_cost"": ""2387.27""}",true,2026-09-01 00:00:00
220,3,Engine Starter Relay 220,Demo Aero Components 1,DEMO-PART-00220,COMPONENT,Custom educational catalog item; technical identity and fitment are generated for the demo.,"{""demo_engine_model_id"": 528, ""is_demo"": true, ""source_is_repairable"": false, ""source_part_family"": ""Electrical"", ""source_part_id"": ""P00220"", ""source_shelf_life_days"": null, ""source_supplier_id"": ""SUP023"", ""source_unit_cost"": ""8993.00""}",true,2026-09-01 00:00:00
221,3,Engine Ignition Lead 221,Demo Aero Components 2,DEMO-PART-00221,COMPONENT,Custom educational catalog item; technical identity and fitment are generated for the demo.,"{""demo_engine_model_id"": 529, ""is_demo"": true, ""source_is_repairable"": false, ""source_part_family"": ""Electrical"", ""source_part_id"": ""P00221"", ""source_shelf_life_days"": null, ""source_supplier_id"": ""SUP010"", ""source_unit_cost"": ""1860.27""}",true,2026-09-01 00:00:00
222,5,Engine Housing Fastener Set 222,Demo Aero Components 3,DEMO-PART-00222,COMPONENT,Custom educational catalog item; technical identity and fitment are generated for the demo.,"{""demo_engine_model_id"": 530, ""is_demo"": true, ""source_is_repairable"": false, ""source_part_family"": ""Fasteners"", ""source_part_id"": ""P00222"", ""source_shelf_life_days"": null, ""source_supplier_id"": ""SUP021"", ""source_unit_cost"": ""2487.27""}",true,2026-09-01 00:00:00
223,1,Navigation Interface 223,Demo Aero Components 4,DEMO-PART-00223,COMPONENT,Custom educational catalog item; technical identity and fitment are generated for the demo.,"{""demo_engine_model_id"": null, ""is_demo"": true, ""source_is_repairable"": true, ""source_part_family"": ""Avionics"", ""source_part_id"": ""P00223"", ""source_shelf_life_days"": null, ""source_supplier_id"": ""SUP012"", ""source_unit_cost"": ""533.73""}",true,2026-09-01 00:00:00
224,5,Engine Housing Fastener Set 224,Demo Aero Components 5,DEMO-PART-00224,COMPONENT,Custom educational catalog item; technical identity and fitment are generated for the demo.,"{""demo_engine_model_id"": 547, ""is_demo"": true, ""source_is_repairable"": false, ""source_part_family"": ""Fasteners"", ""source_part_id"": ""P00224"", ""source_shelf_life_days"": null, ""source_supplier_id"": ""SUP028"", ""source_unit_cost"": ""2857.81""}",true,2026-09-01 00:00:00
225,7,Landing Gear Seal Kit 225,Demo Aero Components 1,DEMO-PART-00225,COMPONENT,Custom educational catalog item; technical identity and fitment are generated for the demo.,"{""demo_engine_model_id"": null, ""is_demo"": true, ""source_is_repairable"": false, ""source_part_family"": ""LandingGear"", ""source_part_id"": ""P00225"", ""source_shelf_life_days"": null, ""source_supplier_id"": ""SUP032"", ""source_unit_cost"": ""689.10""}",true,2026-09-01 00:00:00
226,6,Hydraulic Valve Assembly 226,Demo Aero Components 2,DEMO-PART-00226,COMPONENT,Custom educational catalog item; technical identity and fitment are generated for the demo.,"{""demo_engine_model_id"": null, ""is_demo"": true, ""source_is_repairable"": true, ""source_part_family"": ""Hydraulics"", ""source_part_id"": ""P00226"", ""source_shelf_life_days"": 802, ""source_supplier_id"": ""SUP027"", ""source_unit_cost"": ""1134.87""}",true,2026-09-01 00:00:00
227,7,Landing Gear Seal Kit 227,Demo Aero Components 3,DEMO-PART-00227,COMPONENT,Custom educational catalog item; technical identity and fitment are generated for the demo.,"{""demo_engine_model_id"": null, ""is_demo"": true, ""source_is_repairable"": true, ""source_part_family"": ""LandingGear"", ""source_part_id"": ""P00227"", ""source_shelf_life_days"": null, ""source_supplier_id"": ""SUP001"", ""source_unit_cost"": ""739.27""}",true,2026-09-01 00:00:00
228,5,Engine Housing Fastener Set 228,Demo Aero Components 4,DEMO-PART-00228,COMPONENT,Custom educational catalog item; technical identity and fitment are generated for the demo.,"{""demo_engine_model_id"": 554, ""is_demo"": true, ""source_is_repairable"": false, ""source_part_family"": ""Fasteners"", ""source_part_id"": ""P00228"", ""source_shelf_life_days"": null, ""source_supplier_id"": ""SUP040"", ""source_unit_cost"": ""8071.81""}",true,2026-09-01 00:00:00
229,6,Hydraulic Filter 229,Demo Aero Components 5,DEMO-PART-00229,COMPONENT,Custom educational catalog item; technical identity and fitment are generated for the demo.,"{""demo_engine_model_id"": null, ""is_demo"": true, ""source_is_repairable"": false, ""source_part_family"": ""Hydraulics"", ""source_part_id"": ""P00229"", ""source_shelf_life_days"": 909, ""source_supplier_id"": ""SUP001"", ""source_unit_cost"": ""486.91""}",true,2026-09-01 00:00:00
230,1,Communication Control Unit 230,Demo Aero Components 1,DEMO-PART-00230,MODULE,Custom educational catalog item; technical identity and fitment are generated for the demo.,"{""demo_engine_model_id"": null, ""is_demo"": true, ""source_is_repairable"": false, ""source_part_family"": ""Avionics"", ""source_part_id"": ""P00230"", ""source_shelf_life_days"": null, ""source_supplier_id"": ""SUP040"", ""source_unit_cost"": ""315.21""}",true,2026-09-01 00:00:00
231,2,Cabin Air Filter 231,Demo Aero Components 2,DEMO-PART-00231,COMPONENT,Custom educational catalog item; technical identity and fitment are generated for the demo.,"{""demo_engine_model_id"": null, ""is_demo"": true, ""source_is_repairable"": false, ""source_part_family"": ""Cabin"", ""source_part_id"": ""P00231"", ""source_shelf_life_days"": null, ""source_supplier_id"": ""SUP002"", ""source_unit_cost"": ""628.39""}",true,2026-09-01 00:00:00
232,4,Engine Oil Filter 232,Demo Aero Components 3,DEMO-PART-00232,COMPONENT,Custom educational catalog item; technical identity and fitment are generated for the demo.,"{""demo_engine_model_id"": 528, ""is_demo"": true, ""source_is_repairable"": false, ""source_part_family"": ""Engine"", ""source_part_id"": ""P00232"", ""source_shelf_life_days"": null, ""source_supplier_id"": ""SUP021"", ""source_unit_cost"": ""669.91""}",true,2026-09-01 00:00:00
233,2,Cabin Air Filter 233,Demo Aero Components 4,DEMO-PART-00233,COMPONENT,Custom educational catalog item; technical identity and fitment are generated for the demo.,"{""demo_engine_model_id"": null, ""is_demo"": true, ""source_is_repairable"": false, ""source_part_family"": ""Cabin"", ""source_part_id"": ""P00233"", ""source_shelf_life_days"": null, ""source_supplier_id"": ""SUP005"", ""source_unit_cost"": ""10397.09""}",true,2026-09-01 00:00:00
234,3,Engine Starter Relay 234,Demo Aero Components 5,DEMO-PART-00234,COMPONENT,Custom educational catalog item; technical identity and fitment are generated for the demo.,"{""demo_engine_model_id"": 530, ""is_demo"": true, ""source_is_repairable"": false, ""source_part_family"": ""Electrical"", ""source_part_id"": ""P00234"", ""source_shelf_life_days"": 638, ""source_supplier_id"": ""SUP004"", ""source_unit_cost"": ""4609.98""}",true,2026-09-01 00:00:00
235,4,Engine Oil Filter 235,Demo Aero Components 1,DEMO-PART-00235,COMPONENT,Custom educational catalog item; technical identity and fitment are generated for the demo.,"{""demo_engine_model_id"": 542, ""is_demo"": true, ""source_is_repairable"": true, ""source_part_family"": ""Engine"", ""source_part_id"": ""P00235"", ""source_shelf_life_days"": null, ""source_supplier_id"": ""SUP028"", ""source_unit_cost"": ""5064.85""}",true,2026-09-01 00:00:00
236,6,Hydraulic Valve Assembly 236,Demo Aero Components 2,DEMO-PART-00236,COMPONENT,Custom educational catalog item; technical identity and fitment are generated for the demo.,"{""demo_engine_model_id"": null, ""is_demo"": true, ""source_is_repairable"": true, ""source_part_family"": ""Hydraulics"", ""source_part_id"": ""P00236"", ""source_shelf_life_days"": null, ""source_supplier_id"": ""SUP030"", ""source_unit_cost"": ""6060.44""}",true,2026-09-01 00:00:00
237,8,Access Panel 237,Demo Aero Components 3,DEMO-PART-00237,COMPONENT,Custom educational catalog item; technical identity and fitment are generated for the demo.,"{""demo_engine_model_id"": null, ""is_demo"": true, ""source_is_repairable"": false, ""source_part_family"": ""Structure"", ""source_part_id"": ""P00237"", ""source_shelf_life_days"": null, ""source_supplier_id"": ""SUP005"", ""source_unit_cost"": ""191.53""}",true,2026-09-01 00:00:00
238,2,Cabin Control Panel 238,Demo Aero Components 4,DEMO-PART-00238,COMPONENT,Custom educational catalog item; technical identity and fitment are generated for the demo.,"{""demo_engine_model_id"": null, ""is_demo"": true, ""source_is_repairable"": false, ""source_part_family"": ""Cabin"", ""source_part_id"": ""P00238"", ""source_shelf_life_days"": null, ""source_supplier_id"": ""SUP040"", ""source_unit_cost"": ""699.01""}",true,2026-09-01 00:00:00
239,8,Access Panel 239,Demo Aero Components 5,DEMO-PART-00239,COMPONENT,Custom educational catalog item; technical identity and fitment are generated for the demo.,"{""demo_engine_model_id"": null, ""is_demo"": true, ""source_is_repairable"": false, ""source_part_family"": ""Structure"", ""source_part_id"": ""P00239"", ""source_shelf_life_days"": null, ""source_supplier_id"": ""SUP013"", ""source_unit_cost"": ""273.10""}",true,2026-09-01 00:00:00
240,3,Engine Starter Relay 240,Demo Aero Components 1,DEMO-PART-00240,COMPONENT,Custom educational catalog item; technical identity and fitment are generated for the demo.,"{""demo_engine_model_id"": 554, ""is_demo"": true, ""source_is_repairable"": false, ""source_part_family"": ""Electrical"", ""source_part_id"": ""P00240"", ""source_shelf_life_days"": null, ""source_supplier_id"": ""SUP013"", ""source_unit_cost"": ""1112.44""}",true,2026-09-01 00:00:00
241,4,Engine Oil Filter 241,Demo Aero Components 2,DEMO-PART-00241,COMPONENT,Custom educational catalog item; technical identity and fitment are generated for the demo.,"{""demo_engine_model_id"": 524, ""is_demo"": true, ""source_is_repairable"": true, ""source_part_family"": ""Engine"", ""source_part_id"": ""P00241"", ""source_shelf_life_days"": null, ""source_supplier_id"": ""SUP012"", ""source_unit_cost"": ""388.21""}",true,2026-09-01 00:00:00
242,3,Engine Starter Relay 242,Demo Aero Components 3,DEMO-PART-00242,COMPONENT,Custom educational catalog item; technical identity and fitment are generated for the demo.,"{""demo_engine_model_id"": 526, ""is_demo"": true, ""source_is_repairable"": false, ""source_part_family"": ""Electrical"", ""source_part_id"": ""P00242"", ""source_shelf_life_days"": 823, ""source_supplier_id"": ""SUP019"", ""source_unit_cost"": ""1006.69""}",true,2026-09-01 00:00:00
243,7,Landing Gear Seal Kit 243,Demo Aero Components 4,DEMO-PART-00243,COMPONENT,Custom educational catalog item; technical identity and fitment are generated for the demo.,"{""demo_engine_model_id"": null, ""is_demo"": true, ""source_is_repairable"": true, ""source_part_family"": ""LandingGear"", ""source_part_id"": ""P00243"", ""source_shelf_life_days"": null, ""source_supplier_id"": ""SUP008"", ""source_unit_cost"": ""18478.00""}",true,2026-09-01 00:00:00
244,6,Hydraulic Valve Assembly 244,Demo Aero Components 5,DEMO-PART-00244,COMPONENT,Custom educational catalog item; technical identity and fitment are generated for the demo.,"{""demo_engine_model_id"": null, ""is_demo"": true, ""source_is_repairable"": true, ""source_part_family"": ""Hydraulics"", ""source_part_id"": ""P00244"", ""source_shelf_life_days"": 437, ""source_supplier_id"": ""SUP017"", ""source_unit_cost"": ""1043.57""}",true,2026-09-01 00:00:00
245,7,Landing Gear Seal Kit 245,Demo Aero Components 1,DEMO-PART-00245,COMPONENT,Custom educational catalog item; technical identity and fitment are generated for the demo.,"{""demo_engine_model_id"": null, ""is_demo"": true, ""source_is_repairable"": true, ""source_part_family"": ""LandingGear"", ""source_part_id"": ""P00245"", ""source_shelf_life_days"": null, ""source_supplier_id"": ""SUP009"", ""source_unit_cost"": ""1245.35""}",true,2026-09-01 00:00:00
246,7,Landing Gear Sensor 246,Demo Aero Components 2,DEMO-PART-00246,COMPONENT,Custom educational catalog item; technical identity and fitment are generated for the demo.,"{""demo_engine_model_id"": null, ""is_demo"": true, ""source_is_repairable"": true, ""source_part_family"": ""LandingGear"", ""source_part_id"": ""P00246"", ""source_shelf_life_days"": null, ""source_supplier_id"": ""SUP003"", ""source_unit_cost"": ""993.32""}",true,2026-09-01 00:00:00
247,3,Engine Ignition Lead 247,Demo Aero Components 3,DEMO-PART-00247,COMPONENT,Custom educational catalog item; technical identity and fitment are generated for the demo.,"{""demo_engine_model_id"": 542, ""is_demo"": true, ""source_is_repairable"": false, ""source_part_family"": ""Electrical"", ""source_part_id"": ""P00247"", ""source_shelf_life_days"": 1063, ""source_supplier_id"": ""SUP015"", ""source_unit_cost"": ""9723.56""}",true,2026-09-01 00:00:00
248,1,Communication Control Unit 248,Demo Aero Components 4,DEMO-PART-00248,MODULE,Custom educational catalog item; technical identity and fitment are generated for the demo.,"{""demo_engine_model_id"": null, ""is_demo"": true, ""source_is_repairable"": false, ""source_part_family"": ""Avionics"", ""source_part_id"": ""P00248"", ""source_shelf_life_days"": null, ""source_supplier_id"": ""SUP027"", ""source_unit_cost"": ""260.05""}",true,2026-09-01 00:00:00
249,6,Hydraulic Filter 249,Demo Aero Components 5,DEMO-PART-00249,COMPONENT,Custom educational catalog item; technical identity and fitment are generated for the demo.,"{""demo_engine_model_id"": null, ""is_demo"": true, ""source_is_repairable"": true, ""source_part_family"": ""Hydraulics"", ""source_part_id"": ""P00249"", ""source_shelf_life_days"": 653, ""source_supplier_id"": ""SUP031"", ""source_unit_cost"": ""495.73""}",true,2026-09-01 00:00:00
250,8,Structural Bracket 250,Demo Aero Components 1,DEMO-PART-00250,COMPONENT,Custom educational catalog item; technical identity and fitment are generated for the demo.,"{""demo_engine_model_id"": null, ""is_demo"": true, ""source_is_repairable"": false, ""source_part_family"": ""Structure"", ""source_part_id"": ""P00250"", ""source_shelf_life_days"": null, ""source_supplier_id"": ""SUP015"", ""source_unit_cost"": ""4936.40""}",true,2026-09-01 00:00:00
251,6,Hydraulic Filter 251,Demo Aero Components 2,DEMO-PART-00251,COMPONENT,Custom educational catalog item; technical identity and fitment are generated for the demo.,"{""demo_engine_model_id"": null, ""is_demo"": true, ""source_is_repairable"": false, ""source_part_family"": ""Hydraulics"", ""source_part_id"": ""P00251"", ""source_shelf_life_days"": null, ""source_supplier_id"": ""SUP013"", ""source_unit_cost"": ""1971.19""}",true,2026-09-01 00:00:00
252,4,Compressor Service Module 252,Demo Aero Components 3,DEMO-PART-00252,MODULE,Custom educational catalog item; technical identity and fitment are generated for the demo.,"{""demo_engine_model_id"": 554, ""is_demo"": true, ""source_is_repairable"": true, ""source_part_family"": ""Engine"", ""source_part_id"": ""P00252"", ""source_shelf_life_days"": null, ""source_supplier_id"": ""SUP032"", ""source_unit_cost"": ""528.44""}",true,2026-09-01 00:00:00
253,6,Hydraulic Filter 253,Demo Aero Components 4,DEMO-PART-00253,COMPONENT,Custom educational catalog item; technical identity and fitment are generated for the demo.,"{""demo_engine_model_id"": null, ""is_demo"": true, ""source_is_repairable"": true, ""source_part_family"": ""Hydraulics"", ""source_part_id"": ""P00253"", ""source_shelf_life_days"": null, ""source_supplier_id"": ""SUP028"", ""source_unit_cost"": ""520.84""}",true,2026-09-01 00:00:00
254,6,Hydraulic Valve Assembly 254,Demo Aero Components 5,DEMO-PART-00254,COMPONENT,Custom educational catalog item; technical identity and fitment are generated for the demo.,"{""demo_engine_model_id"": null, ""is_demo"": true, ""source_is_repairable"": true, ""source_part_family"": ""Hydraulics"", ""source_part_id"": ""P00254"", ""source_shelf_life_days"": null, ""source_supplier_id"": ""SUP034"", ""source_unit_cost"": ""740.26""}",true,2026-09-01 00:00:00
255,5,Engine Mount Bolt Kit 255,Demo Aero Components 1,DEMO-PART-00255,COMPONENT,Custom educational catalog item; technical identity and fitment are generated for the demo.,"{""demo_engine_model_id"": 527, ""is_demo"": true, ""source_is_repairable"": false, ""source_part_family"": ""Fasteners"", ""source_part_id"": ""P00255"", ""source_shelf_life_days"": null, ""source_supplier_id"": ""SUP037"", ""source_unit_cost"": ""1147.41""}",true,2026-09-01 00:00:00
256,5,Engine Housing Fastener Set 256,Demo Aero Components 2,DEMO-PART-00256,COMPONENT,Custom educational catalog item; technical identity and fitment are generated for the demo.,"{""demo_engine_model_id"": 528, ""is_demo"": true, ""source_is_repairable"": false, ""source_part_family"": ""Fasteners"", ""source_part_id"": ""P00256"", ""source_shelf_life_days"": null, ""source_supplier_id"": ""SUP033"", ""source_unit_cost"": ""4297.61""}",true,2026-09-01 00:00:00
257,2,Cabin Air Filter 257,Demo Aero Components 3,DEMO-PART-00257,COMPONENT,Custom educational catalog item; technical identity and fitment are generated for the demo.,"{""demo_engine_model_id"": null, ""is_demo"": true, ""source_is_repairable"": false, ""source_part_family"": ""Cabin"", ""source_part_id"": ""P00257"", ""source_shelf_life_days"": null, ""source_supplier_id"": ""SUP038"", ""source_unit_cost"": ""1057.87""}",true,2026-09-01 00:00:00
258,7,Landing Gear Sensor 258,Demo Aero Components 4,DEMO-PART-00258,COMPONENT,Custom educational catalog item; technical identity and fitment are generated for the demo.,"{""demo_engine_model_id"": null, ""is_demo"": true, ""source_is_repairable"": true, ""source_part_family"": ""LandingGear"", ""source_part_id"": ""P00258"", ""source_shelf_life_days"": null, ""source_supplier_id"": ""SUP017"", ""source_unit_cost"": ""3032.38""}",true,2026-09-01 00:00:00
259,5,Engine Mount Bolt Kit 259,Demo Aero Components 5,DEMO-PART-00259,COMPONENT,Custom educational catalog item; technical identity and fitment are generated for the demo.,"{""demo_engine_model_id"": 542, ""is_demo"": true, ""source_is_repairable"": false, ""source_part_family"": ""Fasteners"", ""source_part_id"": ""P00259"", ""source_shelf_life_days"": null, ""source_supplier_id"": ""SUP016"", ""source_unit_cost"": ""1613.66""}",true,2026-09-01 00:00:00
260,6,Hydraulic Valve Assembly 260,Demo Aero Components 1,DEMO-PART-00260,COMPONENT,Custom educational catalog item; technical identity and fitment are generated for the demo.,"{""demo_engine_model_id"": null, ""is_demo"": true, ""source_is_repairable"": false, ""source_part_family"": ""Hydraulics"", ""source_part_id"": ""P00260"", ""source_shelf_life_days"": null, ""source_supplier_id"": ""SUP013"", ""source_unit_cost"": ""1314.97""}",true,2026-09-01 00:00:00
261,3,Engine Ignition Lead 261,Demo Aero Components 2,DEMO-PART-00261,COMPONENT,Custom educational catalog item; technical identity and fitment are generated for the demo.,"{""demo_engine_model_id"": 548, ""is_demo"": true, ""source_is_repairable"": false, ""source_part_family"": ""Electrical"", ""source_part_id"": ""P00261"", ""source_shelf_life_days"": 577, ""source_supplier_id"": ""SUP010"", ""source_unit_cost"": ""4244.50""}",true,2026-09-01 00:00:00
262,8,Structural Bracket 262,Demo Aero Components 3,DEMO-PART-00262,COMPONENT,Custom educational catalog item; technical identity and fitment are generated for the demo.,"{""demo_engine_model_id"": null, ""is_demo"": true, ""source_is_repairable"": false, ""source_part_family"": ""Structure"", ""source_part_id"": ""P00262"", ""source_shelf_life_days"": null, ""source_supplier_id"": ""SUP030"", ""source_unit_cost"": ""409.35""}",true,2026-09-01 00:00:00
263,8,Access Panel 263,Demo Aero Components 4,DEMO-PART-00263,COMPONENT,Custom educational catalog item; technical identity and fitment are generated for the demo.,"{""demo_engine_model_id"": null, ""is_demo"": true, ""source_is_repairable"": false, ""source_part_family"": ""Structure"", ""source_part_id"": ""P00263"", ""source_shelf_life_days"": null, ""source_supplier_id"": ""SUP029"", ""source_unit_cost"": ""853.64""}",true,2026-09-01 00:00:00
264,8,Structural Bracket 264,Demo Aero Components 5,DEMO-PART-00264,COMPONENT,Custom educational catalog item; technical identity and fitment are generated for the demo.,"{""demo_engine_model_id"": null, ""is_demo"": true, ""source_is_repairable"": false, ""source_part_family"": ""Structure"", ""source_part_id"": ""P00264"", ""source_shelf_life_days"": null, ""source_supplier_id"": ""SUP033"", ""source_unit_cost"": ""3692.57""}",true,2026-09-01 00:00:00
265,6,Hydraulic Filter 265,Demo Aero Components 1,DEMO-PART-00265,COMPONENT,Custom educational catalog item; technical identity and fitment are generated for the demo.,"{""demo_engine_model_id"": null, ""is_demo"": true, ""source_is_repairable"": true, ""source_part_family"": ""Hydraulics"", ""source_part_id"": ""P00265"", ""source_shelf_life_days"": null, ""source_supplier_id"": ""SUP007"", ""source_unit_cost"": ""397.06""}",true,2026-09-01 00:00:00
266,5,Engine Housing Fastener Set 266,Demo Aero Components 2,DEMO-PART-00266,COMPONENT,Custom educational catalog item; technical identity and fitment are generated for the demo.,"{""demo_engine_model_id"": 526, ""is_demo"": true, ""source_is_repairable"": false, ""source_part_family"": ""Fasteners"", ""source_part_id"": ""P00266"", ""source_shelf_life_days"": null, ""source_supplier_id"": ""SUP020"", ""source_unit_cost"": ""1352.93""}",true,2026-09-01 00:00:00
267,2,Cabin Air Filter 267,Demo Aero Components 3,DEMO-PART-00267,COMPONENT,Custom educational catalog item; technical identity and fitment are generated for the demo.,"{""demo_engine_model_id"": null, ""is_demo"": true, ""source_is_repairable"": false, ""source_part_family"": ""Cabin"", ""source_part_id"": ""P00267"", ""source_shelf_life_days"": null, ""source_supplier_id"": ""SUP009"", ""source_unit_cost"": ""217.89""}",true,2026-09-01 00:00:00
268,2,Cabin Control Panel 268,Demo Aero Components 4,DEMO-PART-00268,COMPONENT,Custom educational catalog item; technical identity and fitment are generated for the demo.,"{""demo_engine_model_id"": null, ""is_demo"": true, ""source_is_repairable"": false, ""source_part_family"": ""Cabin"", ""source_part_id"": ""P00268"", ""source_shelf_life_days"": null, ""source_supplier_id"": ""SUP036"", ""source_unit_cost"": ""427.40""}",true,2026-09-01 00:00:00
269,1,Navigation Interface 269,Demo Aero Components 5,DEMO-PART-00269,COMPONENT,Custom educational catalog item; technical identity and fitment are generated for the demo.,"{""demo_engine_model_id"": null, ""is_demo"": true, ""source_is_repairable"": true, ""source_part_family"": ""Avionics"", ""source_part_id"": ""P00269"", ""source_shelf_life_days"": null, ""source_supplier_id"": ""SUP011"", ""source_unit_cost"": ""794.41""}",true,2026-09-01 00:00:00
270,3,Engine Starter Relay 270,Demo Aero Components 1,DEMO-PART-00270,COMPONENT,Custom educational catalog item; technical identity and fitment are generated for the demo.,"{""demo_engine_model_id"": 530, ""is_demo"": true, ""source_is_repairable"": false, ""source_part_family"": ""Electrical"", ""source_part_id"": ""P00270"", ""source_shelf_life_days"": null, ""source_supplier_id"": ""SUP006"", ""source_unit_cost"": ""3295.81""}",true,2026-09-01 00:00:00
271,2,Cabin Air Filter 271,Demo Aero Components 2,DEMO-PART-00271,COMPONENT,Custom educational catalog item; technical identity and fitment are generated for the demo.,"{""demo_engine_model_id"": null, ""is_demo"": true, ""source_is_repairable"": false, ""source_part_family"": ""Cabin"", ""source_part_id"": ""P00271"", ""source_shelf_life_days"": null, ""source_supplier_id"": ""SUP023"", ""source_unit_cost"": ""4616.09""}",true,2026-09-01 00:00:00
272,1,Communication Control Unit 272,Demo Aero Components 3,DEMO-PART-00272,MODULE,Custom educational catalog item; technical identity and fitment are generated for the demo.,"{""demo_engine_model_id"": null, ""is_demo"": true, ""source_is_repairable"": false, ""source_part_family"": ""Avionics"", ""source_part_id"": ""P00272"", ""source_shelf_life_days"": null, ""source_supplier_id"": ""SUP036"", ""source_unit_cost"": ""202.26""}",true,2026-09-01 00:00:00
273,5,Engine Mount Bolt Kit 273,Demo Aero Components 4,DEMO-PART-00273,COMPONENT,Custom educational catalog item; technical identity and fitment are generated for the demo.,"{""demo_engine_model_id"": 548, ""is_demo"": true, ""source_is_repairable"": false, ""source_part_family"": ""Fasteners"", ""source_part_id"": ""P00273"", ""source_shelf_life_days"": null, ""source_supplier_id"": ""SUP037"", ""source_unit_cost"": ""1911.63""}",true,2026-09-01 00:00:00
274,1,Communication Control Unit 274,Demo Aero Components 5,DEMO-PART-00274,MODULE,Custom educational catalog item; technical identity and fitment are generated for the demo.,"{""demo_engine_model_id"": null, ""is_demo"": true, ""source_is_repairable"": false, ""source_part_family"": ""Avionics"", ""source_part_id"": ""P00274"", ""source_shelf_life_days"": null, ""source_supplier_id"": ""SUP004"", ""source_unit_cost"": ""219.07""}",true,2026-09-01 00:00:00
275,4,Fuel Nozzle Assembly 275,Demo Aero Components 1,DEMO-PART-00275,COMPONENT,Custom educational catalog item; technical identity and fitment are generated for the demo.,"{""demo_engine_model_id"": 553, ""is_demo"": true, ""source_is_repairable"": true, ""source_part_family"": ""Engine"", ""source_part_id"": ""P00275"", ""source_shelf_life_days"": null, ""source_supplier_id"": ""SUP014"", ""source_unit_cost"": ""1039.59""}",true,2026-09-01 00:00:00
276,4,Compressor Service Module 276,Demo Aero Components 2,DEMO-PART-00276,MODULE,Custom educational catalog item; technical identity and fitment are generated for the demo.,"{""demo_engine_model_id"": 554, ""is_demo"": true, ""source_is_repairable"": true, ""source_part_family"": ""Engine"", ""source_part_id"": ""P00276"", ""source_shelf_life_days"": null, ""source_supplier_id"": ""SUP007"", ""source_unit_cost"": ""1238.40""}",true,2026-09-01 00:00:00
277,3,Engine Ignition Lead 277,Demo Aero Components 3,DEMO-PART-00277,COMPONENT,Custom educational catalog item; technical identity and fitment are generated for the demo.,"{""demo_engine_model_id"": 524, ""is_demo"": true, ""source_is_repairable"": false, ""source_part_family"": ""Electrical"", ""source_part_id"": ""P00277"", ""source_shelf_life_days"": 649, ""source_supplier_id"": ""SUP013"", ""source_unit_cost"": ""1230.77""}",true,2026-09-01 00:00:00
278,5,Engine Housing Fastener Set 278,Demo Aero Components 4,DEMO-PART-00278,COMPONENT,Custom educational catalog item; technical identity and fitment are generated for the demo.,"{""demo_engine_model_id"": 526, ""is_demo"": true, ""source_is_repairable"": false, ""source_part_family"": ""Fasteners"", ""source_part_id"": ""P00278"", ""source_shelf_life_days"": null, ""source_supplier_id"": ""SUP022"", ""source_unit_cost"": ""5445.91""}",true,2026-09-01 00:00:00
279,5,Engine Mount Bolt Kit 279,Demo Aero Components 5,DEMO-PART-00279,COMPONENT,Custom educational catalog item; technical identity and fitment are generated for the demo.,"{""demo_engine_model_id"": 527, ""is_demo"": true, ""source_is_repairable"": false, ""source_part_family"": ""Fasteners"", ""source_part_id"": ""P00279"", ""source_shelf_life_days"": null, ""source_supplier_id"": ""SUP012"", ""source_unit_cost"": ""10994.03""}",true,2026-09-01 00:00:00
280,2,Cabin Control Panel 280,Demo Aero Components 1,DEMO-PART-00280,COMPONENT,Custom educational catalog item; technical identity and fitment are generated for the demo.,"{""demo_engine_model_id"": null, ""is_demo"": true, ""source_is_repairable"": false, ""source_part_family"": ""Cabin"", ""source_part_id"": ""P00280"", ""source_shelf_life_days"": null, ""source_supplier_id"": ""SUP003"", ""source_unit_cost"": ""1437.70""}",true,2026-09-01 00:00:00
281,5,Engine Mount Bolt Kit 281,Demo Aero Components 2,DEMO-PART-00281,COMPONENT,Custom educational catalog item; technical identity and fitment are generated for the demo.,"{""demo_engine_model_id"": 529, ""is_demo"": true, ""source_is_repairable"": false, ""source_part_family"": ""Fasteners"", ""source_part_id"": ""P00281"", ""source_shelf_life_days"": null, ""source_supplier_id"": ""SUP021"", ""source_unit_cost"": ""10105.58""}",true,2026-09-01 00:00:00
282,3,Engine Starter Relay 282,Demo Aero Components 3,DEMO-PART-00282,COMPONENT,Custom educational catalog item; technical identity and fitment are generated for the demo.,"{""demo_engine_model_id"": 530, ""is_demo"": true, ""source_is_repairable"": false, ""source_part_family"": ""Electrical"", ""source_part_id"": ""P00282"", ""source_shelf_life_days"": 564, ""source_supplier_id"": ""SUP003"", ""source_unit_cost"": ""2754.00""}",true,2026-09-01 00:00:00
283,7,Landing Gear Seal Kit 283,Demo Aero Components 4,DEMO-PART-00283,COMPONENT,Custom educational catalog item; technical identity and fitment are generated for the demo.,"{""demo_engine_model_id"": null, ""is_demo"": true, ""source_is_repairable"": true, ""source_part_family"": ""LandingGear"", ""source_part_id"": ""P00283"", ""source_shelf_life_days"": null, ""source_supplier_id"": ""SUP010"", ""source_unit_cost"": ""5930.81""}",true,2026-09-01 00:00:00
284,5,Engine Housing Fastener Set 284,Demo Aero Components 5,DEMO-PART-00284,COMPONENT,Custom educational catalog item; technical identity and fitment are generated for the demo.,"{""demo_engine_model_id"": 547, ""is_demo"": true, ""source_is_repairable"": false, ""source_part_family"": ""Fasteners"", ""source_part_id"": ""P00284"", ""source_shelf_life_days"": null, ""source_supplier_id"": ""SUP001"", ""source_unit_cost"": ""2827.57""}",true,2026-09-01 00:00:00
285,5,Engine Mount Bolt Kit 285,Demo Aero Components 1,DEMO-PART-00285,COMPONENT,Custom educational catalog item; technical identity and fitment are generated for the demo.,"{""demo_engine_model_id"": 548, ""is_demo"": true, ""source_is_repairable"": false, ""source_part_family"": ""Fasteners"", ""source_part_id"": ""P00285"", ""source_shelf_life_days"": null, ""source_supplier_id"": ""SUP004"", ""source_unit_cost"": ""912.56""}",true,2026-09-01 00:00:00
286,3,Engine Starter Relay 286,Demo Aero Components 2,DEMO-PART-00286,COMPONENT,Custom educational catalog item; technical identity and fitment are generated for the demo.,"{""demo_engine_model_id"": 550, ""is_demo"": true, ""source_is_repairable"": false, ""source_part_family"": ""Electrical"", ""source_part_id"": ""P00286"", ""source_shelf_life_days"": 881, ""source_supplier_id"": ""SUP018"", ""source_unit_cost"": ""3853.73""}",true,2026-09-01 00:00:00
287,2,Cabin Air Filter 287,Demo Aero Components 3,DEMO-PART-00287,COMPONENT,Custom educational catalog item; technical identity and fitment are generated for the demo.,"{""demo_engine_model_id"": null, ""is_demo"": true, ""source_is_repairable"": false, ""source_part_family"": ""Cabin"", ""source_part_id"": ""P00287"", ""source_shelf_life_days"": null, ""source_supplier_id"": ""SUP035"", ""source_unit_cost"": ""2066.75""}",true,2026-09-01 00:00:00
288,3,Engine Starter Relay 288,Demo Aero Components 4,DEMO-PART-00288,COMPONENT,Custom educational catalog item; technical identity and fitment are generated for the demo.,"{""demo_engine_model_id"": 554, ""is_demo"": true, ""source_is_repairable"": false, ""source_part_family"": ""Electrical"", ""source_part_id"": ""P00288"", ""source_shelf_life_days"": null, ""source_supplier_id"": ""SUP031"", ""source_unit_cost"": ""966.42""}",true,2026-09-01 00:00:00
289,8,Access Panel 289,Demo Aero Components 5,DEMO-PART-00289,COMPONENT,Custom educational catalog item; technical identity and fitment are generated for the demo.,"{""demo_engine_model_id"": null, ""is_demo"": true, ""source_is_repairable"": false, ""source_part_family"": ""Structure"", ""source_part_id"": ""P00289"", ""source_shelf_life_days"": null, ""source_supplier_id"": ""SUP004"", ""source_unit_cost"": ""356.43""}",true,2026-09-01 00:00:00
290,7,Landing Gear Sensor 290,Demo Aero Components 1,DEMO-PART-00290,COMPONENT,Custom educational catalog item; technical identity and fitment are generated for the demo.,"{""demo_engine_model_id"": null, ""is_demo"": true, ""source_is_repairable"": true, ""source_part_family"": ""LandingGear"", ""source_part_id"": ""P00290"", ""source_shelf_life_days"": null, ""source_supplier_id"": ""SUP002"", ""source_unit_cost"": ""1164.96""}",true,2026-09-01 00:00:00
291,6,Hydraulic Filter 291,Demo Aero Components 2,DEMO-PART-00291,COMPONENT,Custom educational catalog item; technical identity and fitment are generated for the demo.,"{""demo_engine_model_id"": null, ""is_demo"": true, ""source_is_repairable"": true, ""source_part_family"": ""Hydraulics"", ""source_part_id"": ""P00291"", ""source_shelf_life_days"": 767, ""source_supplier_id"": ""SUP014"", ""source_unit_cost"": ""1374.28""}",true,2026-09-01 00:00:00
292,4,Engine Oil Filter 292,Demo Aero Components 3,DEMO-PART-00292,COMPONENT,Custom educational catalog item; technical identity and fitment are generated for the demo.,"{""demo_engine_model_id"": 528, ""is_demo"": true, ""source_is_repairable"": true, ""source_part_family"": ""Engine"", ""source_part_id"": ""P00292"", ""source_shelf_life_days"": null, ""source_supplier_id"": ""SUP027"", ""source_unit_cost"": ""334.17""}",true,2026-09-01 00:00:00
293,6,Hydraulic Filter 293,Demo Aero Components 4,DEMO-PART-00293,COMPONENT,Custom educational catalog item; technical identity and fitment are generated for the demo.,"{""demo_engine_model_id"": null, ""is_demo"": true, ""source_is_repairable"": false, ""source_part_family"": ""Hydraulics"", ""source_part_id"": ""P00293"", ""source_shelf_life_days"": null, ""source_supplier_id"": ""SUP030"", ""source_unit_cost"": ""769.12""}",true,2026-09-01 00:00:00
294,2,Cabin Control Panel 294,Demo Aero Components 5,DEMO-PART-00294,COMPONENT,Custom educational catalog item; technical identity and fitment are generated for the demo.,"{""demo_engine_model_id"": null, ""is_demo"": true, ""source_is_repairable"": false, ""source_part_family"": ""Cabin"", ""source_part_id"": ""P00294"", ""source_shelf_life_days"": null, ""source_supplier_id"": ""SUP033"", ""source_unit_cost"": ""3005.67""}",true,2026-09-01 00:00:00
295,8,Access Panel 295,Demo Aero Components 1,DEMO-PART-00295,COMPONENT,Custom educational catalog item; technical identity and fitment are generated for the demo.,"{""demo_engine_model_id"": null, ""is_demo"": true, ""source_is_repairable"": false, ""source_part_family"": ""Structure"", ""source_part_id"": ""P00295"", ""source_shelf_life_days"": null, ""source_supplier_id"": ""SUP014"", ""source_unit_cost"": ""320.21""}",true,2026-09-01 00:00:00
296,5,Engine Housing Fastener Set 296,Demo Aero Components 2,DEMO-PART-00296,COMPONENT,Custom educational catalog item; technical identity and fitment are generated for the demo.,"{""demo_engine_model_id"": 547, ""is_demo"": true, ""source_is_repairable"": false, ""source_part_family"": ""Fasteners"", ""source_part_id"": ""P00296"", ""source_shelf_life_days"": null, ""source_supplier_id"": ""SUP007"", ""source_unit_cost"": ""720.63""}",true,2026-09-01 00:00:00
297,7,Landing Gear Seal Kit 297,Demo Aero Components 3,DEMO-PART-00297,COMPONENT,Custom educational catalog item; technical identity and fitment are generated for the demo.,"{""demo_engine_model_id"": null, ""is_demo"": true, ""source_is_repairable"": true, ""source_part_family"": ""LandingGear"", ""source_part_id"": ""P00297"", ""source_shelf_life_days"": null, ""source_supplier_id"": ""SUP002"", ""source_unit_cost"": ""1258.51""}",true,2026-09-01 00:00:00
298,1,Communication Control Unit 298,Demo Aero Components 4,DEMO-PART-00298,MODULE,Custom educational catalog item; technical identity and fitment are generated for the demo.,"{""demo_engine_model_id"": null, ""is_demo"": true, ""source_is_repairable"": true, ""source_part_family"": ""Avionics"", ""source_part_id"": ""P00298"", ""source_shelf_life_days"": null, ""source_supplier_id"": ""SUP006"", ""source_unit_cost"": ""305.20""}",true,2026-09-01 00:00:00
299,5,Engine Mount Bolt Kit 299,Demo Aero Components 5,DEMO-PART-00299,COMPONENT,Custom educational catalog item; technical identity and fitment are generated for the demo.,"{""demo_engine_model_id"": 553, ""is_demo"": true, ""source_is_repairable"": false, ""source_part_family"": ""Fasteners"", ""source_part_id"": ""P00299"", ""source_shelf_life_days"": null, ""source_supplier_id"": ""SUP003"", ""source_unit_cost"": ""692.47""}",true,2026-09-01 00:00:00
300,5,Engine Housing Fastener Set 300,Demo Aero Components 1,DEMO-PART-00300,COMPONENT,Custom educational catalog item; technical identity and fitment are generated for the demo.,"{""demo_engine_model_id"": 554, ""is_demo"": true, ""source_is_repairable"": false, ""source_part_family"": ""Fasteners"", ""source_part_id"": ""P00300"", ""source_shelf_life_days"": null, ""source_supplier_id"": ""SUP035"", ""source_unit_cost"": ""3351.06""}",true,2026-09-01 00:00:00
301,9,CFM56-2B Replacement Engine,CFM INTL,DEMO-ENGINE-MODEL-524,ENGINE,Custom demo replacement offer using an FAA model reference; not a real manufacturer part number or commercial offer.,"{""engine_model_id"": 524, ""is_demo"": true, ""reference_source"": ""FAA ENGINE""}",true,2026-09-01 00:00:00
302,9,CFM56-3B Replacement Engine,CFM INTL,DEMO-ENGINE-MODEL-526,ENGINE,Custom demo replacement offer using an FAA model reference; not a real manufacturer part number or commercial offer.,"{""engine_model_id"": 526, ""is_demo"": true, ""reference_source"": ""FAA ENGINE""}",true,2026-09-01 00:00:00
303,9,CFM56-3B-1 Replacement Engine,CFM INTL,DEMO-ENGINE-MODEL-527,ENGINE,Custom demo replacement offer using an FAA model reference; not a real manufacturer part number or commercial offer.,"{""engine_model_id"": 527, ""is_demo"": true, ""reference_source"": ""FAA ENGINE""}",true,2026-09-01 00:00:00
304,9,CFM56-3B2 Replacement Engine,CFM INTL,DEMO-ENGINE-MODEL-528,ENGINE,Custom demo replacement offer using an FAA model reference; not a real manufacturer part number or commercial offer.,"{""engine_model_id"": 528, ""is_demo"": true, ""reference_source"": ""FAA ENGINE""}",true,2026-09-01 00:00:00
305,9,CFM56-3C Replacement Engine,CFM INTL,DEMO-ENGINE-MODEL-529,ENGINE,Custom demo replacement offer using an FAA model reference; not a real manufacturer part number or commercial offer.,"{""engine_model_id"": 529, ""is_demo"": true, ""reference_source"": ""FAA ENGINE""}",true,2026-09-01 00:00:00
306,9,CFM56-3C1 Replacement Engine,CFM INTL,DEMO-ENGINE-MODEL-530,ENGINE,Custom demo replacement offer using an FAA model reference; not a real manufacturer part number or commercial offer.,"{""engine_model_id"": 530, ""is_demo"": true, ""reference_source"": ""FAA ENGINE""}",true,2026-09-01 00:00:00
307,9,CFM56-5B2 Replacement Engine,CFM INTL,DEMO-ENGINE-MODEL-542,ENGINE,Custom demo replacement offer using an FAA model reference; not a real manufacturer part number or commercial offer.,"{""engine_model_id"": 542, ""is_demo"": true, ""reference_source"": ""FAA ENGINE""}",true,2026-09-01 00:00:00
308,9,CFM56-5B3/3 Replacement Engine,CFM INTL,DEMO-ENGINE-MODEL-547,ENGINE,Custom demo replacement offer using an FAA model reference; not a real manufacturer part number or commercial offer.,"{""engine_model_id"": 547, ""is_demo"": true, ""reference_source"": ""FAA ENGINE""}",true,2026-09-01 00:00:00
309,9,CFM56-5B3/P Replacement Engine,CFM INTL,DEMO-ENGINE-MODEL-548,ENGINE,Custom demo replacement offer using an FAA model reference; not a real manufacturer part number or commercial offer.,"{""engine_model_id"": 548, ""is_demo"": true, ""reference_source"": ""FAA ENGINE""}",true,2026-09-01 00:00:00
310,9,CFM56-5B4 Replacement Engine,CFM INTL,DEMO-ENGINE-MODEL-550,ENGINE,Custom demo replacement offer using an FAA model reference; not a real manufacturer part number or commercial offer.,"{""engine_model_id"": 550, ""is_demo"": true, ""reference_source"": ""FAA ENGINE""}",true,2026-09-01 00:00:00
311,9,CFM56-5B4/3 Replacement Engine,CFM INTL,DEMO-ENGINE-MODEL-553,ENGINE,Custom demo replacement offer using an FAA model reference; not a real manufacturer part number or commercial offer.,"{""engine_model_id"": 553, ""is_demo"": true, ""reference_source"": ""FAA ENGINE""}",true,2026-09-01 00:00:00
312,9,CFM56-5B4/P Replacement Engine,CFM INTL,DEMO-ENGINE-MODEL-554,ENGINE,Custom demo replacement offer using an FAA model reference; not a real manufacturer part number or commercial offer.,"{""engine_model_id"": 554, ""is_demo"": true, ""reference_source"": ""FAA ENGINE""}",true,2026-09-01 00:00:00
