source_codes,manufacturer,model_name,source_type_codes,source
00401,A.C.E.,HIDR MARK III,1,faa/faa_registry/ENGINE.txt
00402,A.C.E.,UPRI MARK III,1,faa/faa_registry/ENGINE.txt
01401,AEROCONVER,AEROVEE,1,faa/faa_registry/ENGINE.txt
01404,AEROCONVER,AEROVEE 2.1,1,faa/faa_registry/ENGINE.txt
01398,AEROCONVER,AEROVEE 2.1 T,1,faa/faa_registry/ENGINE.txt
00550,AEROMAX,100 IFB,1,faa/faa_registry/ENGINE.txt
00450,AEROMOMENT,AM13 SERIES,8,faa/faa_registry/ENGINE.txt
00452,AEROMOMENT,AM15 SERIES,8,faa/faa_registry/ENGINE.txt
00500,AEROMOTORS,M-14PFXDK,1,faa/faa_registry/ENGINE.txt
00501,AEROMOTORS,M14P-XEDK,1,faa/faa_registry/ENGINE.txt
00511,AEROMOTORS,M14PF,1,faa/faa_registry/ENGINE.txt
01003,AERONCA,E-113,1,faa/faa_registry/ENGINE.txt
01004,AERONCA,E-113A,1,faa/faa_registry/ENGINE.txt
01006,AERONCA,E-113B,1,faa/faa_registry/ENGINE.txt
01007,AERONCA,E-113C,1,faa/faa_registry/ENGINE.txt
01009,AERONCA,E-113CB,1,faa/faa_registry/ENGINE.txt
01010,AERONCA,E-113CD,1,faa/faa_registry/ENGINE.txt
01008,AERONCA,E-113CDB,1,faa/faa_registry/ENGINE.txt
01001,AERONCA,E107A,1,faa/faa_registry/ENGINE.txt
01002,AERONCA,E113 SERIES,1,faa/faa_registry/ENGINE.txt
01320,AEROSPORT,CC-340,1,faa/faa_registry/ENGINE.txt
01321,AEROSPORT,CC363I,1,faa/faa_registry/ENGINE.txt
01319,AEROSPORT,ECIIO375M1SD,1,faa/faa_registry/ENGINE.txt
01306,AEROSPORT,IO-360 SERIES,1,faa/faa_registry/ENGINE.txt
01309,AEROSPORT,IO-360MI,1,faa/faa_registry/ENGINE.txt
01305,AEROSPORT,IO-375 SERIES,1,faa/faa_registry/ENGINE.txt
01310,AEROSPORT,IO-375-B1B,1,faa/faa_registry/ENGINE.txt
01312,AEROSPORT,IO-375-M1,1,faa/faa_registry/ENGINE.txt
01330,AEROSPORT,IO-375-M2S,1,faa/faa_registry/ENGINE.txt
01325,AEROSPORT,IO-375M1S,1,faa/faa_registry/ENGINE.txt
01304,AEROSPORT,IO-390,1,faa/faa_registry/ENGINE.txt
01311,AEROSPORT,IO-400-M1S,1,faa/faa_registry/ENGINE.txt
01308,AEROSPORT,IO-540-D4A5,1,faa/faa_registry/ENGINE.txt
01322,AEROSPORT,IO-540-EXP,1,faa/faa_registry/ENGINE.txt
01315,AEROSPORT,IO382 SERIES,8,faa/faa_registry/ENGINE.txt
01302,AEROSPORT,O-320-D1A,1,faa/faa_registry/ENGINE.txt
01300,AEROSPORT,O-360,1,faa/faa_registry/ENGINE.txt
01303,AEROSPORT,O-360 A2A,1,faa/faa_registry/ENGINE.txt
01301,AEROSPORT,O-360-A1A,1,faa/faa_registry/ENGINE.txt
01499,AEROSPORT,O-375-A1A,1,faa/faa_registry/ENGINE.txt
01399,AEROSPORT,O-375-A2A,1,faa/faa_registry/ENGINE.txt
01307,AEROSPORT,O/IO-320 SER,1,faa/faa_registry/ENGINE.txt
01410,AEROSPORT,O/IO-340 SERI,1,faa/faa_registry/ENGINE.txt
01326,AEROSPORT,OX340,1,faa/faa_registry/ENGINE.txt
00600,AEROSTAR,M-14P,1,faa/faa_registry/ENGINE.txt
63203,AEROTEC,O-320,1,faa/faa_registry/ENGINE.txt
64203,AEROTECNIK,MIKRON III,1,faa/faa_registry/ENGINE.txt
01403,AEROVEE,2.0,8,faa/faa_registry/ENGINE.txt
01402,AEROVEE,2.1,8,faa/faa_registry/ENGINE.txt
01406,AEROVEE,2.1 TURBO,8,faa/faa_registry/ENGINE.txt
01405,AEROVEE,2002,1,faa/faa_registry/ENGINE.txt
01400,AEROVEE,2180,8,faa/faa_registry/ENGINE.txt
01502,AIRESEARCH,331 SER 605HP,2,faa/faa_registry/ENGINE.txt
01512,AIRESEARCH,331SER 1008HP,2,faa/faa_registry/ENGINE.txt
01506,AIRESEARCH,331SER 705HP,2,faa/faa_registry/ENGINE.txt
01508,AIRESEARCH,331SER 755HP,5,faa/faa_registry/ENGINE.txt
01510,AIRESEARCH,331SER 904HP,2,faa/faa_registry/ENGINE.txt
01524,AIRESEARCH,ATF3-6A-4C,4,faa/faa_registry/ENGINE.txt
01501,AIRESEARCH,GTC-85-135,2,faa/faa_registry/ENGINE.txt
01523,AIRESEARCH,TFE-732-2-1C,4,faa/faa_registry/ENGINE.txt
01518,AIRESEARCH,TFE731 SER,4,faa/faa_registry/ENGINE.txt
01599,AIRESEARCH,TFE731-3R-1H,5,faa/faa_registry/ENGINE.txt
01583,AIRESEARCH,TPE-331-10UG,2,faa/faa_registry/ENGINE.txt
01547,AIRESEARCH,TPE-331-5254K,2,faa/faa_registry/ENGINE.txt
01514|01517,AIRESEARCH,TPE331 SERIES,2,faa/faa_registry/ENGINE.txt
01545,AIRESEARCH,TPE331-1,2,faa/faa_registry/ENGINE.txt
01568,AIRESEARCH,TPE331-10,2,faa/faa_registry/ENGINE.txt
01569,AIRESEARCH,TPE331-10A,2,faa/faa_registry/ENGINE.txt
01570,AIRESEARCH,TPE331-10AV,2,faa/faa_registry/ENGINE.txt
01571,AIRESEARCH,TPE331-10B,2,faa/faa_registry/ENGINE.txt
01572,AIRESEARCH,TPE331-10G,2,faa/faa_registry/ENGINE.txt
01573,AIRESEARCH,TPE331-10GP,2,faa/faa_registry/ENGINE.txt
01574,AIRESEARCH,TPE331-10GR,2,faa/faa_registry/ENGINE.txt
01575,AIRESEARCH,TPE331-10GT,2,faa/faa_registry/ENGINE.txt
01576,AIRESEARCH,TPE331-10J,2,faa/faa_registry/ENGINE.txt
01577,AIRESEARCH,TPE331-10N,2,faa/faa_registry/ENGINE.txt
01578,AIRESEARCH,TPE331-10P,2,faa/faa_registry/ENGINE.txt
01579,AIRESEARCH,TPE331-10R,2,faa/faa_registry/ENGINE.txt
01580,AIRESEARCH,TPE331-10T,2,faa/faa_registry/ENGINE.txt
01581,AIRESEARCH,TPE331-10U,2,faa/faa_registry/ENGINE.txt
01555,AIRESEARCH,TPE331-10UA,2,faa/faa_registry/ENGINE.txt
01582,AIRESEARCH,TPE331-10UF,2,faa/faa_registry/ENGINE.txt
01584,AIRESEARCH,TPE331-10UGR,2,faa/faa_registry/ENGINE.txt
01585,AIRESEARCH,TPE331-10UJ,2,faa/faa_registry/ENGINE.txt
01586,AIRESEARCH,TPE331-10UK,2,faa/faa_registry/ENGINE.txt
01587,AIRESEARCH,TPE331-10UR,2,faa/faa_registry/ENGINE.txt
01588,AIRESEARCH,TPE331-11U,2,faa/faa_registry/ENGINE.txt
01589,AIRESEARCH,TPE331-11UA,2,faa/faa_registry/ENGINE.txt
01590,AIRESEARCH,TPE331-12,2,faa/faa_registry/ENGINE.txt
01591,AIRESEARCH,TPE331-12B,2,faa/faa_registry/ENGINE.txt
01592,AIRESEARCH,TPE331-12JR,2,faa/faa_registry/ENGINE.txt
01593,AIRESEARCH,TPE331-12UA,2,faa/faa_registry/ENGINE.txt
01594,AIRESEARCH,TPE331-12UAR,2,faa/faa_registry/ENGINE.txt
01595,AIRESEARCH,TPE331-12UER,2,faa/faa_registry/ENGINE.txt
01596,AIRESEARCH,TPE331-12UHR,2,faa/faa_registry/ENGINE.txt
01546,AIRESEARCH,TPE331-1U,2,faa/faa_registry/ENGINE.txt
01498,AIRESEARCH,TPE331-2,2,faa/faa_registry/ENGINE.txt
01503,AIRESEARCH,TPE331-25A,2,faa/faa_registry/ENGINE.txt
01504,AIRESEARCH,TPE331-25AA,2,faa/faa_registry/ENGINE.txt
01507,AIRESEARCH,TPE331-25AB,2,faa/faa_registry/ENGINE.txt
01509,AIRESEARCH,TPE331-25B,2,faa/faa_registry/ENGINE.txt
01511,AIRESEARCH,TPE331-25C,2,faa/faa_registry/ENGINE.txt
01513,AIRESEARCH,TPE331-25D,2,faa/faa_registry/ENGINE.txt
01516,AIRESEARCH,TPE331-25DA,2,faa/faa_registry/ENGINE.txt
01519,AIRESEARCH,TPE331-25DB,2,faa/faa_registry/ENGINE.txt
01525,AIRESEARCH,TPE331-25E,2,faa/faa_registry/ENGINE.txt
01526,AIRESEARCH,TPE331-25F,2,faa/faa_registry/ENGINE.txt
01527,AIRESEARCH,TPE331-25FA,2,faa/faa_registry/ENGINE.txt
01528,AIRESEARCH,TPE331-29A,2,faa/faa_registry/ENGINE.txt
01649,AIRESEARCH,TPE331-2U,2,faa/faa_registry/ENGINE.txt
01650,AIRESEARCH,TPE331-2UA,2,faa/faa_registry/ENGINE.txt
01551,AIRESEARCH,TPE331-3,2,faa/faa_registry/ENGINE.txt
01552,AIRESEARCH,TPE331-3U,2,faa/faa_registry/ENGINE.txt
01553,AIRESEARCH,TPE331-3UW,2,faa/faa_registry/ENGINE.txt
01554,AIRESEARCH,TPE331-3W,2,faa/faa_registry/ENGINE.txt
01529,AIRESEARCH,TPE331-43,2,faa/faa_registry/ENGINE.txt
01531,AIRESEARCH,TPE331-43-A,2,faa/faa_registry/ENGINE.txt
01532,AIRESEARCH,TPE331-43-B,2,faa/faa_registry/ENGINE.txt
01533,AIRESEARCH,TPE331-45,2,faa/faa_registry/ENGINE.txt
01534,AIRESEARCH,TPE331-47,2,faa/faa_registry/ENGINE.txt
01535,AIRESEARCH,TPE331-47-A,2,faa/faa_registry/ENGINE.txt
01536,AIRESEARCH,TPE331-47-B,2,faa/faa_registry/ENGINE.txt
01556,AIRESEARCH,TPE331-5,2,faa/faa_registry/ENGINE.txt
01515,AIRESEARCH,TPE331-5&6SER,2,faa/faa_registry/ENGINE.txt
01522,AIRESEARCH,TPE331-5-252M,2,faa/faa_registry/ENGINE.txt
01537,AIRESEARCH,TPE331-51,2,faa/faa_registry/ENGINE.txt
01538,AIRESEARCH,TPE331-55,2,faa/faa_registry/ENGINE.txt
01539,AIRESEARCH,TPE331-55-A,2,faa/faa_registry/ENGINE.txt
01540,AIRESEARCH,TPE331-55-B,2,faa/faa_registry/ENGINE.txt
01541,AIRESEARCH,TPE331-57,2,faa/faa_registry/ENGINE.txt
01542,AIRESEARCH,TPE331-57-B,2,faa/faa_registry/ENGINE.txt
01557,AIRESEARCH,TPE331-5A,2,faa/faa_registry/ENGINE.txt
01558,AIRESEARCH,TPE331-5AB,2,faa/faa_registry/ENGINE.txt
01559,AIRESEARCH,TPE331-5B,2,faa/faa_registry/ENGINE.txt
01560,AIRESEARCH,TPE331-5U,2,faa/faa_registry/ENGINE.txt
01561,AIRESEARCH,TPE331-6,2,faa/faa_registry/ENGINE.txt
01521,AIRESEARCH,TPE331-6-251M,2,faa/faa_registry/ENGINE.txt
01543,AIRESEARCH,TPE331-61,2,faa/faa_registry/ENGINE.txt
01544,AIRESEARCH,TPE331-61-A,2,faa/faa_registry/ENGINE.txt
01562,AIRESEARCH,TPE331-6A,2,faa/faa_registry/ENGINE.txt
01563,AIRESEARCH,TPE331-6U,2,faa/faa_registry/ENGINE.txt
01564,AIRESEARCH,TPE331-8,2,faa/faa_registry/ENGINE.txt
01530,AIRESEARCH,TPE331-8 SER,2,faa/faa_registry/ENGINE.txt
01565,AIRESEARCH,TPE331-8A,2,faa/faa_registry/ENGINE.txt
01566,AIRESEARCH,TPE331-9,2,faa/faa_registry/ENGINE.txt
01567,AIRESEARCH,TPE331-9U,2,faa/faa_registry/ENGINE.txt
01505|01520,AIRESEARCH,TSE331 SERIES,3,faa/faa_registry/ENGINE.txt
01597,AIRESEARCH,TSE331-3U,3,faa/faa_registry/ENGINE.txt
01598,AIRESEARCH,TSE36-1,3,faa/faa_registry/ENGINE.txt
01651,ALISPORT,A302EFI,1,faa/faa_registry/ENGINE.txt
02001,ALLIANCE,HESS WARRIOR,1,faa/faa_registry/ENGINE.txt
01647,ALLIANCE,TPE331-1UA,2,faa/faa_registry/ENGINE.txt
01648,ALLIANCE,TPE331-2,2,faa/faa_registry/ENGINE.txt
02539,ALLIED SIG,TPE331-47,2,faa/faa_registry/ENGINE.txt
02557,ALLIEDSIGN,AL5512,3,faa/faa_registry/ENGINE.txt
02641,ALLIEDSIGN,ALF502L,5,faa/faa_registry/ENGINE.txt
02642,ALLIEDSIGN,ALF502L-2,5,faa/faa_registry/ENGINE.txt
02643,ALLIEDSIGN,ALF502L-2A,5,faa/faa_registry/ENGINE.txt
02644,ALLIEDSIGN,ALF502L-2C,5,faa/faa_registry/ENGINE.txt
02645,ALLIEDSIGN,ALF502L-3,5,faa/faa_registry/ENGINE.txt
02646,ALLIEDSIGN,ALF502R-3,5,faa/faa_registry/ENGINE.txt
02647,ALLIEDSIGN,ALF502R-3A,5,faa/faa_registry/ENGINE.txt
02648,ALLIEDSIGN,ALF502R-4,5,faa/faa_registry/ENGINE.txt
02649,ALLIEDSIGN,ALF502R-5,5,faa/faa_registry/ENGINE.txt
02650,ALLIEDSIGN,ALF502R-6,5,faa/faa_registry/ENGINE.txt
02652,ALLIEDSIGN,ALF507-1F,5,faa/faa_registry/ENGINE.txt
02651,ALLIEDSIGN,ALF507-1H,5,faa/faa_registry/ENGINE.txt
02605,ALLIEDSIGN,ATF3-6,5,faa/faa_registry/ENGINE.txt
02606,ALLIEDSIGN,ATF3-6A,5,faa/faa_registry/ENGINE.txt
02500,ALLIEDSIGN,CFE-738 SER,5,faa/faa_registry/ENGINE.txt
02503,ALLIEDSIGN,LF507-1F,4,faa/faa_registry/ENGINE.txt
02522,ALLIEDSIGN,LTC1B-1,3,faa/faa_registry/ENGINE.txt
02628,ALLIEDSIGN,LTP101-600,2,faa/faa_registry/ENGINE.txt
02629,ALLIEDSIGN,LTP101-600A,2,faa/faa_registry/ENGINE.txt
02630,ALLIEDSIGN,LTP101-600A1A,2,faa/faa_registry/ENGINE.txt
02631,ALLIEDSIGN,LTP101-700A1A,2,faa/faa_registry/ENGINE.txt
02656,ALLIEDSIGN,LTS101-750B-1,3,faa/faa_registry/ENGINE.txt
02604,ALLIEDSIGN,T5307A,2,faa/faa_registry/ENGINE.txt
02510,ALLIEDSIGN,T5309A,3,faa/faa_registry/ENGINE.txt
02511,ALLIEDSIGN,T5309B,3,faa/faa_registry/ENGINE.txt
02512,ALLIEDSIGN,T5309C,3,faa/faa_registry/ENGINE.txt
02513,ALLIEDSIGN,T5311A,3,faa/faa_registry/ENGINE.txt
02514,ALLIEDSIGN,T5311B,3,faa/faa_registry/ENGINE.txt
02632,ALLIEDSIGN,T5313B,3,faa/faa_registry/ENGINE.txt
02633,ALLIEDSIGN,T5317A,3,faa/faa_registry/ENGINE.txt
02501,ALLIEDSIGN,T5317A-1,3,faa/faa_registry/ENGINE.txt
02634,ALLIEDSIGN,T5317B,3,faa/faa_registry/ENGINE.txt
02556,ALLIEDSIGN,T5508D,3,faa/faa_registry/ENGINE.txt
02502,ALLIEDSIGN,TFE 731-2B,4,faa/faa_registry/ENGINE.txt
02509,ALLIEDSIGN,TFE731 SERIES,5,faa/faa_registry/ENGINE.txt
02607,ALLIEDSIGN,TFE731-2,5,faa/faa_registry/ENGINE.txt
02515,ALLIEDSIGN,TFE731-20,5,faa/faa_registry/ENGINE.txt
02516,ALLIEDSIGN,TFE731-20AR,5,faa/faa_registry/ENGINE.txt
02517,ALLIEDSIGN,TFE731-20BR,5,faa/faa_registry/ENGINE.txt
02518,ALLIEDSIGN,TFE731-20R,5,faa/faa_registry/ENGINE.txt
02608,ALLIEDSIGN,TFE731-2A,5,faa/faa_registry/ENGINE.txt
02609,ALLIEDSIGN,TFE731-2BR,5,faa/faa_registry/ENGINE.txt
02610,ALLIEDSIGN,TFE731-2C,5,faa/faa_registry/ENGINE.txt
02611,ALLIEDSIGN,TFE731-3,5,faa/faa_registry/ENGINE.txt
02613,ALLIEDSIGN,TFE731-3A,5,faa/faa_registry/ENGINE.txt
02614,ALLIEDSIGN,TFE731-3AR,5,faa/faa_registry/ENGINE.txt
02615,ALLIEDSIGN,TFE731-3B,5,faa/faa_registry/ENGINE.txt
02616,ALLIEDSIGN,TFE731-3BR,5,faa/faa_registry/ENGINE.txt
02617,ALLIEDSIGN,TFE731-3C,5,faa/faa_registry/ENGINE.txt
02618,ALLIEDSIGN,TFE731-3CR,5,faa/faa_registry/ENGINE.txt
02619,ALLIEDSIGN,TFE731-3D,5,faa/faa_registry/ENGINE.txt
02620,ALLIEDSIGN,TFE731-3DR,5,faa/faa_registry/ENGINE.txt
02612,ALLIEDSIGN,TFE731-3R,5,faa/faa_registry/ENGINE.txt
02621,ALLIEDSIGN,TFE731-4,5,faa/faa_registry/ENGINE.txt
02519,ALLIEDSIGN,TFE731-40,5,faa/faa_registry/ENGINE.txt
02506,ALLIEDSIGN,TFE731-40-1C,5,faa/faa_registry/ENGINE.txt
02521,ALLIEDSIGN,TFE731-40AR,5,faa/faa_registry/ENGINE.txt
02520,ALLIEDSIGN,TFE731-40R,5,faa/faa_registry/ENGINE.txt
02622,ALLIEDSIGN,TFE731-4R,5,faa/faa_registry/ENGINE.txt
02623,ALLIEDSIGN,TFE731-5,5,faa/faa_registry/ENGINE.txt
02624,ALLIEDSIGN,TFE731-5A,5,faa/faa_registry/ENGINE.txt
02625,ALLIEDSIGN,TFE731-5AR,5,faa/faa_registry/ENGINE.txt
02626,ALLIEDSIGN,TFE731-5B,5,faa/faa_registry/ENGINE.txt
02508,ALLIEDSIGN,TFE731-5BR,5,faa/faa_registry/ENGINE.txt
02655,ALLIEDSIGN,TFE731-5BR-C1,5,faa/faa_registry/ENGINE.txt
02627,ALLIEDSIGN,TFE731-5R,5,faa/faa_registry/ENGINE.txt
02504,ALLIEDSIGN,TFE731-60,5,faa/faa_registry/ENGINE.txt
02507,ALLIEDSIGN,TPE 331 SER,5,faa/faa_registry/ENGINE.txt
02590,ALLIEDSIGN,TPE-331-10UG,2,faa/faa_registry/ENGINE.txt
02550,ALLIEDSIGN,TPE331-1,2,faa/faa_registry/ENGINE.txt
02575,ALLIEDSIGN,TPE331-10,2,faa/faa_registry/ENGINE.txt
02576,ALLIEDSIGN,TPE331-10A,2,faa/faa_registry/ENGINE.txt
02577,ALLIEDSIGN,TPE331-10AV,2,faa/faa_registry/ENGINE.txt
02578,ALLIEDSIGN,TPE331-10B,2,faa/faa_registry/ENGINE.txt
02579,ALLIEDSIGN,TPE331-10G,2,faa/faa_registry/ENGINE.txt
02580,ALLIEDSIGN,TPE331-10GP,2,faa/faa_registry/ENGINE.txt
02581,ALLIEDSIGN,TPE331-10GR,2,faa/faa_registry/ENGINE.txt
02582,ALLIEDSIGN,TPE331-10GT,2,faa/faa_registry/ENGINE.txt
02583,ALLIEDSIGN,TPE331-10J,2,faa/faa_registry/ENGINE.txt
02584,ALLIEDSIGN,TPE331-10N,2,faa/faa_registry/ENGINE.txt
02585,ALLIEDSIGN,TPE331-10P,2,faa/faa_registry/ENGINE.txt
02586,ALLIEDSIGN,TPE331-10R,2,faa/faa_registry/ENGINE.txt
02587,ALLIEDSIGN,TPE331-10T,2,faa/faa_registry/ENGINE.txt
02588,ALLIEDSIGN,TPE331-10U,2,faa/faa_registry/ENGINE.txt
02562,ALLIEDSIGN,TPE331-10UA,2,faa/faa_registry/ENGINE.txt
02589,ALLIEDSIGN,TPE331-10UF,2,faa/faa_registry/ENGINE.txt
02591,ALLIEDSIGN,TPE331-10UGR,2,faa/faa_registry/ENGINE.txt
02592,ALLIEDSIGN,TPE331-10UJ,2,faa/faa_registry/ENGINE.txt
02593,ALLIEDSIGN,TPE331-10UK,2,faa/faa_registry/ENGINE.txt
02594,ALLIEDSIGN,TPE331-10UR,2,faa/faa_registry/ENGINE.txt
02595,ALLIEDSIGN,TPE331-11U,2,faa/faa_registry/ENGINE.txt
02596,ALLIEDSIGN,TPE331-11UA,2,faa/faa_registry/ENGINE.txt
02597,ALLIEDSIGN,TPE331-12,2,faa/faa_registry/ENGINE.txt
02598,ALLIEDSIGN,TPE331-12B,2,faa/faa_registry/ENGINE.txt
02599,ALLIEDSIGN,TPE331-12JR,2,faa/faa_registry/ENGINE.txt
02600,ALLIEDSIGN,TPE331-12UA,2,faa/faa_registry/ENGINE.txt
02601,ALLIEDSIGN,TPE331-12UAR,2,faa/faa_registry/ENGINE.txt
02602,ALLIEDSIGN,TPE331-12UER,2,faa/faa_registry/ENGINE.txt
02505,ALLIEDSIGN,TPE331-12UHR,2,faa/faa_registry/ENGINE.txt
02635,ALLIEDSIGN,TPE331-14A,2,faa/faa_registry/ENGINE.txt
02636,ALLIEDSIGN,TPE331-14B,2,faa/faa_registry/ENGINE.txt
02637,ALLIEDSIGN,TPE331-14F,2,faa/faa_registry/ENGINE.txt
02638,ALLIEDSIGN,TPE331-14GR,2,faa/faa_registry/ENGINE.txt
02639,ALLIEDSIGN,TPE331-14HR,2,faa/faa_registry/ENGINE.txt
02640,ALLIEDSIGN,TPE331-15AW,2,faa/faa_registry/ENGINE.txt
02551,ALLIEDSIGN,TPE331-1U,2,faa/faa_registry/ENGINE.txt
02552,ALLIEDSIGN,TPE331-1UA,2,faa/faa_registry/ENGINE.txt
02553,ALLIEDSIGN,TPE331-2,2,faa/faa_registry/ENGINE.txt
02523,ALLIEDSIGN,TPE331-25A,2,faa/faa_registry/ENGINE.txt
02524,ALLIEDSIGN,TPE331-25AA,2,faa/faa_registry/ENGINE.txt
02525,ALLIEDSIGN,TPE331-25AB,2,faa/faa_registry/ENGINE.txt
02526,ALLIEDSIGN,TPE331-25B,2,faa/faa_registry/ENGINE.txt
02527,ALLIEDSIGN,TPE331-25C,2,faa/faa_registry/ENGINE.txt
02528,ALLIEDSIGN,TPE331-25D,2,faa/faa_registry/ENGINE.txt
02529,ALLIEDSIGN,TPE331-25DA,2,faa/faa_registry/ENGINE.txt
02530,ALLIEDSIGN,TPE331-25DB,2,faa/faa_registry/ENGINE.txt
02531,ALLIEDSIGN,TPE331-25E,2,faa/faa_registry/ENGINE.txt
02532|02533,ALLIEDSIGN,TPE331-25FA,2,faa/faa_registry/ENGINE.txt
02534,ALLIEDSIGN,TPE331-29A,2,faa/faa_registry/ENGINE.txt
02554,ALLIEDSIGN,TPE331-2U,2,faa/faa_registry/ENGINE.txt
02555,ALLIEDSIGN,TPE331-2UA,2,faa/faa_registry/ENGINE.txt
02558,ALLIEDSIGN,TPE331-3,2,faa/faa_registry/ENGINE.txt
02559,ALLIEDSIGN,TPE331-3U,2,faa/faa_registry/ENGINE.txt
02560,ALLIEDSIGN,TPE331-3UW,2,faa/faa_registry/ENGINE.txt
02561,ALLIEDSIGN,TPE331-3W,2,faa/faa_registry/ENGINE.txt
02535,ALLIEDSIGN,TPE331-43,2,faa/faa_registry/ENGINE.txt
02536,ALLIEDSIGN,TPE331-43-A,2,faa/faa_registry/ENGINE.txt
02537,ALLIEDSIGN,TPE331-43-B,2,faa/faa_registry/ENGINE.txt
02538,ALLIEDSIGN,TPE331-45,2,faa/faa_registry/ENGINE.txt
02540,ALLIEDSIGN,TPE331-47-A,2,faa/faa_registry/ENGINE.txt
02541,ALLIEDSIGN,TPE331-47-B,2,faa/faa_registry/ENGINE.txt
02563,ALLIEDSIGN,TPE331-5,2,faa/faa_registry/ENGINE.txt
02542,ALLIEDSIGN,TPE331-51,2,faa/faa_registry/ENGINE.txt
02543,ALLIEDSIGN,TPE331-55,2,faa/faa_registry/ENGINE.txt
02544,ALLIEDSIGN,TPE331-55-A,2,faa/faa_registry/ENGINE.txt
02545,ALLIEDSIGN,TPE331-55-B,2,faa/faa_registry/ENGINE.txt
02546,ALLIEDSIGN,TPE331-57,2,faa/faa_registry/ENGINE.txt
02547,ALLIEDSIGN,TPE331-57-B,2,faa/faa_registry/ENGINE.txt
02565,ALLIEDSIGN,TPE331-5AB,2,faa/faa_registry/ENGINE.txt
02566,ALLIEDSIGN,TPE331-5B,2,faa/faa_registry/ENGINE.txt
02567,ALLIEDSIGN,TPE331-5U,2,faa/faa_registry/ENGINE.txt
02568,ALLIEDSIGN,TPE331-6,2,faa/faa_registry/ENGINE.txt
02548,ALLIEDSIGN,TPE331-61,2,faa/faa_registry/ENGINE.txt
02549,ALLIEDSIGN,TPE331-61-A,2,faa/faa_registry/ENGINE.txt
02569,ALLIEDSIGN,TPE331-6A,2,faa/faa_registry/ENGINE.txt
02570,ALLIEDSIGN,TPE331-6U,2,faa/faa_registry/ENGINE.txt
02571,ALLIEDSIGN,TPE331-8,2,faa/faa_registry/ENGINE.txt
02572,ALLIEDSIGN,TPE331-8A,2,faa/faa_registry/ENGINE.txt
02573,ALLIEDSIGN,TPE331-9,2,faa/faa_registry/ENGINE.txt
02574,ALLIEDSIGN,TPE331-9U,2,faa/faa_registry/ENGINE.txt
02603,ALLIEDSIGN,TSE331-3U,3,faa/faa_registry/ENGINE.txt
03094,ALLISON,225-C10,3,faa/faa_registry/ENGINE.txt
03095,ALLISON,225-C10A,3,faa/faa_registry/ENGINE.txt
03019,ALLISON,250 SER,1,faa/faa_registry/ENGINE.txt
03002|03003,ALLISON,250 SER 250HP,2|3,faa/faa_registry/ENGINE.txt
03011,ALLISON,250 SER 317HP,3,faa/faa_registry/ENGINE.txt
03012|03013,ALLISON,250 SER 400HP,2|3,faa/faa_registry/ENGINE.txt
03014,ALLISON,250 SERIES,2,faa/faa_registry/ENGINE.txt
03062,ALLISON,250-B15A,2,faa/faa_registry/ENGINE.txt
03063,ALLISON,250-B15E,2,faa/faa_registry/ENGINE.txt
03064,ALLISON,250-B15G,2,faa/faa_registry/ENGINE.txt
03065,ALLISON,250-B17,2,faa/faa_registry/ENGINE.txt
03017|03018,ALLISON,250-B17 SER,2|3,faa/faa_registry/ENGINE.txt
03066,ALLISON,250-B17B,2,faa/faa_registry/ENGINE.txt
03067,ALLISON,250-B17C,2,faa/faa_registry/ENGINE.txt
03068,ALLISON,250-B17D,2,faa/faa_registry/ENGINE.txt
03069,ALLISON,250-B17E,2,faa/faa_registry/ENGINE.txt
03070,ALLISON,250-B17F,2,faa/faa_registry/ENGINE.txt
03071,ALLISON,250-B17F/1,2,faa/faa_registry/ENGINE.txt
03072,ALLISON,250-B17F/2,2,faa/faa_registry/ENGINE.txt
03073,ALLISON,250-C10,3,faa/faa_registry/ENGINE.txt
03074,ALLISON,250-C10B,3,faa/faa_registry/ENGINE.txt
03035,ALLISON,250-C10D,3,faa/faa_registry/ENGINE.txt
03075,ALLISON,250-C18,3,faa/faa_registry/ENGINE.txt
03076,ALLISON,250-C18A,3,faa/faa_registry/ENGINE.txt
03078,ALLISON,250-C18B,3,faa/faa_registry/ENGINE.txt
03079,ALLISON,250-C18C,3,faa/faa_registry/ENGINE.txt
03077,ALLISON,250-C19,3,faa/faa_registry/ENGINE.txt
03080,ALLISON,250-C20,3,faa/faa_registry/ENGINE.txt
03020,ALLISON,250-C20 SER,2,faa/faa_registry/ENGINE.txt
03081,ALLISON,250-C20B,3,faa/faa_registry/ENGINE.txt
03082,ALLISON,250-C20C,3,faa/faa_registry/ENGINE.txt
03087,ALLISON,250-C20F,3,faa/faa_registry/ENGINE.txt
03088,ALLISON,250-C20J,3,faa/faa_registry/ENGINE.txt
03090,ALLISON,250-C20R,3,faa/faa_registry/ENGINE.txt
03091,ALLISON,250-C20R/1,3,faa/faa_registry/ENGINE.txt
03092,ALLISON,250-C20R/2,3,faa/faa_registry/ENGINE.txt
03093,ALLISON,250-C20R/4,3,faa/faa_registry/ENGINE.txt
03089,ALLISON,250-C20S,3,faa/faa_registry/ENGINE.txt
03096,ALLISON,250-C20W,3,faa/faa_registry/ENGINE.txt
03113,ALLISON,250-C28,3,faa/faa_registry/ENGINE.txt
03021|03022,ALLISON,250-C28 SER,2|3,faa/faa_registry/ENGINE.txt
03114,ALLISON,250-C28B,3,faa/faa_registry/ENGINE.txt
03115,ALLISON,250-C28C,3,faa/faa_registry/ENGINE.txt
03097,ALLISON,250-C30,3,faa/faa_registry/ENGINE.txt
03015,ALLISON,250-C30 SER,3,faa/faa_registry/ENGINE.txt
03103,ALLISON,250-C30G,3,faa/faa_registry/ENGINE.txt
03105,ALLISON,250-C30G/2,3,faa/faa_registry/ENGINE.txt
03100,ALLISON,250-C30M,3,faa/faa_registry/ENGINE.txt
03099,ALLISON,250-C30P,3,faa/faa_registry/ENGINE.txt
03101,ALLISON,250-C30R,3,faa/faa_registry/ENGINE.txt
03106,ALLISON,250-C30R/1,3,faa/faa_registry/ENGINE.txt
03111,ALLISON,250-C30R/3,3,faa/faa_registry/ENGINE.txt
03112,ALLISON,250-C30R/3M,3,faa/faa_registry/ENGINE.txt
03098,ALLISON,250-C30S,3,faa/faa_registry/ENGINE.txt
03104,ALLISON,250-C30U,3,faa/faa_registry/ENGINE.txt
03108,ALLISON,250-C40B,3,faa/faa_registry/ENGINE.txt
03029,ALLISON,250-C47,3,faa/faa_registry/ENGINE.txt
03109,ALLISON,250-C47B,3,faa/faa_registry/ENGINE.txt
03110,ALLISON,250-C47M,3,faa/faa_registry/ENGINE.txt
03000,ALLISON,501 SER,2,faa/faa_registry/ENGINE.txt
03055,ALLISON,501-D13,2,faa/faa_registry/ENGINE.txt
03004,ALLISON,501-D13 SER,2,faa/faa_registry/ENGINE.txt
03056,ALLISON,501-D13A,2,faa/faa_registry/ENGINE.txt
03057,ALLISON,501-D13D,2,faa/faa_registry/ENGINE.txt
03058,ALLISON,501-D13E,2,faa/faa_registry/ENGINE.txt
03059,ALLISON,501-D13H,2,faa/faa_registry/ENGINE.txt
03005,ALLISON,501-D22,2,faa/faa_registry/ENGINE.txt
03006,ALLISON,501-D22A,2,faa/faa_registry/ENGINE.txt
03060,ALLISON,501-D22C,2,faa/faa_registry/ENGINE.txt
03116,ALLISON,501-D22G,2,faa/faa_registry/ENGINE.txt
03061,ALLISON,502-D22G,2,faa/faa_registry/ENGINE.txt
03024,ALLISON,A225-C10A,3,faa/faa_registry/ENGINE.txt
03041,ALLISON,AE 1107C,3,faa/faa_registry/ENGINE.txt
03042,ALLISON,AE 2100A,2,faa/faa_registry/ENGINE.txt
03043,ALLISON,AE 2100C,2,faa/faa_registry/ENGINE.txt
03044,ALLISON,AE 2100D2,2,faa/faa_registry/ENGINE.txt
03045,ALLISON,AE 2100D3,2,faa/faa_registry/ENGINE.txt
03046,ALLISON,AE 2100J,2,faa/faa_registry/ENGINE.txt
03030,ALLISON,AE 3007A,5,faa/faa_registry/ENGINE.txt
03050,ALLISON,AE 3007A1,5,faa/faa_registry/ENGINE.txt
03048,ALLISON,AE 3007A1/1,5,faa/faa_registry/ENGINE.txt
03049,ALLISON,AE 3007A1/2,5,faa/faa_registry/ENGINE.txt
03036,ALLISON,AE 3007A1/3,5,faa/faa_registry/ENGINE.txt
03054,ALLISON,AE 3007A1E,5,faa/faa_registry/ENGINE.txt
03051,ALLISON,AE 3007A1P,5,faa/faa_registry/ENGINE.txt
03052,ALLISON,AE 3007A3,5,faa/faa_registry/ENGINE.txt
03047,ALLISON,AE 3007C,5,faa/faa_registry/ENGINE.txt
03053,ALLISON,AE 3007C1,5,faa/faa_registry/ENGINE.txt
03027,ALLISON,AE2100SER,2,faa/faa_registry/ENGINE.txt
03028,ALLISON,AE3007C SER,5,faa/faa_registry/ENGINE.txt
03007,ALLISON,J33-A SERIES,4,faa/faa_registry/ENGINE.txt
03008,ALLISON,J35-A SERIES,4,faa/faa_registry/ENGINE.txt
03032,ALLISON,T-56-A-10W,2,faa/faa_registry/ENGINE.txt
03009,ALLISON,T-56-A-7 SER,2,faa/faa_registry/ENGINE.txt
03026,ALLISON,T-56A-9,2,faa/faa_registry/ENGINE.txt
03037,ALLISON,T56-10 SER,2,faa/faa_registry/ENGINE.txt
03120,ALLISON,T56-A-14,2,faa/faa_registry/ENGINE.txt
03023,ALLISON,T56-A-15 SER,2,faa/faa_registry/ENGINE.txt
03033,ALLISON,T56-A-16,2,faa/faa_registry/ENGINE.txt
03025,ALLISON,T56A11 SER,2,faa/faa_registry/ENGINE.txt
03031,ALLISON,T63 SERIES,3,faa/faa_registry/ENGINE.txt
03084,ALLISON,T63-A-5,3,faa/faa_registry/ENGINE.txt
03085,ALLISON,T63-A-5A,3,faa/faa_registry/ENGINE.txt
03086,ALLISON,T63-A-700,3,faa/faa_registry/ENGINE.txt
03083,ALLISON,T63-A-720,3,faa/faa_registry/ENGINE.txt
03102,ALLISON,T703-AD-700,3,faa/faa_registry/ENGINE.txt
03107,ALLISON,T703-AD-700B,3,faa/faa_registry/ENGINE.txt
03040,ALLISON,V1710 SER,1,faa/faa_registry/ENGINE.txt
03001,ALLISON,V1710 SERIES,3,faa/faa_registry/ENGINE.txt
03817,ALVIS,502/5A,1,faa/faa_registry/ENGINE.txt
03818,ALVIS,502/6A,1,faa/faa_registry/ENGINE.txt
03819,ALVIS,502/7A,1,faa/faa_registry/ENGINE.txt
03820,ALVIS,502/8,1,faa/faa_registry/ENGINE.txt
03813,ALVIS,503/5A,1,faa/faa_registry/ENGINE.txt
03814,ALVIS,503/6A,1,faa/faa_registry/ENGINE.txt
03815,ALVIS,503/7A,1,faa/faa_registry/ENGINE.txt
03816,ALVIS,503/8,1,faa/faa_registry/ENGINE.txt
03809,ALVIS,504/5A,1,faa/faa_registry/ENGINE.txt
03810,ALVIS,504/6A,1,faa/faa_registry/ENGINE.txt
03811,ALVIS,504/7A,1,faa/faa_registry/ENGINE.txt
03812,ALVIS,504/8,1,faa/faa_registry/ENGINE.txt
03821,ALVIS,514/5,1,faa/faa_registry/ENGINE.txt
03822,ALVIS,514/5A,1,faa/faa_registry/ENGINE.txt
03823,ALVIS,514/6,1,faa/faa_registry/ENGINE.txt
03824,ALVIS,514/6A,1,faa/faa_registry/ENGINE.txt
03827,ALVIS,514/7,1,faa/faa_registry/ENGINE.txt
03828,ALVIS,514/7A,1,faa/faa_registry/ENGINE.txt
03825,ALVIS,514/8,1,faa/faa_registry/ENGINE.txt
03826,ALVIS,514/8A,1,faa/faa_registry/ENGINE.txt
03808,ALVIS,514/SER,1,faa/faa_registry/ENGINE.txt
03829,ALVIS,531/8,1,faa/faa_registry/ENGINE.txt
03830,ALVIS,531/8B,1,faa/faa_registry/ENGINE.txt
99999,AMA/EXPR,UNKNOWN ENG,,faa/faa_registry/ENGINE.txt
04001,AMERICAN,S5-125,1,faa/faa_registry/ENGINE.txt
04501,AMES,TRS 18-046,4,faa/faa_registry/ENGINE.txt
04702,ANZANI,W-3,1,faa/faa_registry/ENGINE.txt
04701,ANZANI,Y,1,faa/faa_registry/ENGINE.txt
05302,ARDEM,4 C02,1,faa/faa_registry/ENGINE.txt
05406,ARGUS,AS10-P,1,faa/faa_registry/ENGINE.txt
05403,ARGUS,AS10C-3,1,faa/faa_registry/ENGINE.txt
05404,ARGUS,AS10R,1,faa/faa_registry/ENGINE.txt
05405,ARGUS,AS410-A2,1,faa/faa_registry/ENGINE.txt
05501,ARMST SIDD,GENET MARK 11,1,faa/faa_registry/ENGINE.txt
06001,ARROW,V8F,1,faa/faa_registry/ENGINE.txt
06100,ASZ,621R,1,faa/faa_registry/ENGINE.txt
06301,AUDI,TDI,8,faa/faa_registry/ENGINE.txt
06404,AUSTRO,AE330,8,faa/faa_registry/ENGINE.txt
06400,AUSTRO,E4 SERIES,1,faa/faa_registry/ENGINE.txt
06406,AUSTRO,E4(11OR),11,faa/faa_registry/ENGINE.txt
06402,AUSTRO,E4-A,1,faa/faa_registry/ENGINE.txt
06403,AUSTRO,E4-C,1,faa/faa_registry/ENGINE.txt
06405,AUSTRO,E4P(SERIES),8,faa/faa_registry/ENGINE.txt
06401,AUSTRO,IAE 50R-AA,11,faa/faa_registry/ENGINE.txt
06501,AVIA,M-137A,1,faa/faa_registry/ENGINE.txt
06502,AVIA,M337AK,1,faa/faa_registry/ENGINE.txt
06503,AVIA,M462-RF,1,faa/faa_registry/ENGINE.txt
41590,AVRO,ALF 507-1F,4,faa/faa_registry/ENGINE.txt
09002,BARRETT,320 SERIES,1,faa/faa_registry/ENGINE.txt
09005,BARRETT,540 SERIES,1,faa/faa_registry/ENGINE.txt
09001,BARRETT,IO-360-X,1,faa/faa_registry/ENGINE.txt
09003,BARRETT,IO-390-X,1,faa/faa_registry/ENGINE.txt
09004,BARRETT,IO-540-X,1,faa/faa_registry/ENGINE.txt
10338,BETA TECH,GENERATION 6,10,faa/faa_registry/ENGINE.txt
10339,BETA TECH,H500A,10,faa/faa_registry/ENGINE.txt
09501,BMS,EXPERIMENTAL,1,faa/faa_registry/ENGINE.txt
09493,BMW,801D,1,faa/faa_registry/ENGINE.txt
09490,BMW,R1200 SERIES,1,faa/faa_registry/ENGINE.txt
09500,BMW ROLLS,BR 700 SERIES,5,faa/faa_registry/ENGINE.txt
09496,BMW ROLLS,BR700-710A110,5,faa/faa_registry/ENGINE.txt
09495,BMW ROLLS,BR700-710A220,5,faa/faa_registry/ENGINE.txt
09494,BMW ROLLS,BR700-710C411,5,faa/faa_registry/ENGINE.txt
09499,BMW ROLLS,BR700-715A130,5,faa/faa_registry/ENGINE.txt
09498,BMW ROLLS,BR700-715B130,5,faa/faa_registry/ENGINE.txt
09497,BMW ROLLS,BR700-715C130,5,faa/faa_registry/ENGINE.txt
09050,BOMBARDIER,ROTAX (ALL),1,faa/faa_registry/ENGINE.txt
09051,BOMBARDIER,ROTAX 912 F2,1,faa/faa_registry/ENGINE.txt
09052,BOMBARDIER,ROTAX 912 F3,1,faa/faa_registry/ENGINE.txt
09053,BOMBARDIER,ROTAX 912 F4,1,faa/faa_registry/ENGINE.txt
09054,BOMBARDIER,ROTAX 912 S2,1,faa/faa_registry/ENGINE.txt
09055,BOMBARDIER,ROTAX 912 S3,1,faa/faa_registry/ENGINE.txt
09056,BOMBARDIER,ROTAX 912 S4,1,faa/faa_registry/ENGINE.txt
09057,BOMBARDIER,ROTAX 914 F2,1,faa/faa_registry/ENGINE.txt
09058,BOMBARDIER,ROTAX 914 F3,1,faa/faa_registry/ENGINE.txt
09059,BOMBARDIER,ROTAX 914 F4,1,faa/faa_registry/ENGINE.txt
10101,BREDA,SPA 6A,1,faa/faa_registry/ENGINE.txt
10006,BRIST AERO,CNTURUSMK18,1,faa/faa_registry/ENGINE.txt
10002,BRIST AERO,HERCULES,1,faa/faa_registry/ENGINE.txt
10004,BRIST AERO,ORPHEUS 637,4,faa/faa_registry/ENGINE.txt
10010,BRIST SID,GIPSY,1,faa/faa_registry/ENGINE.txt
10201,BRIST SID,MARK 521,4,faa/faa_registry/ENGINE.txt
10007,BRISTOL AE,PROTEUS 756,2,faa/faa_registry/ENGINE.txt
10008,BRISTOL AE,PROTEUS 766,2,faa/faa_registry/ENGINE.txt
10185,BRISTOL SI,AVON 522,4,faa/faa_registry/ENGINE.txt
10186,BRISTOL SI,AVON 524B,4,faa/faa_registry/ENGINE.txt
10187,BRISTOL SI,AVON 525B,4,faa/faa_registry/ENGINE.txt
10188,BRISTOL SI,AVON 526,4,faa/faa_registry/ENGINE.txt
10189,BRISTOL SI,AVON 527,4,faa/faa_registry/ENGINE.txt
10190,BRISTOL SI,AVON 531,4,faa/faa_registry/ENGINE.txt
10191,BRISTOL SI,AVON 532R-B,4,faa/faa_registry/ENGINE.txt
10192,BRISTOL SI,AVON 533R,4,faa/faa_registry/ENGINE.txt
10193,BRISTOL SI,AVON 533R-11A,4,faa/faa_registry/ENGINE.txt
10202,BRISTOL SI,CENTAURUS 18,1,faa/faa_registry/ENGINE.txt
10194,BRISTOL SI,H.1000 MK.510,3,faa/faa_registry/ENGINE.txt
10195,BRISTOL SI,H.1000 MK.511,3,faa/faa_registry/ENGINE.txt
10196,BRISTOL SI,H.1200 MK.610,3,faa/faa_registry/ENGINE.txt
10197,BRISTOL SI,H.1200 MKS640,3,faa/faa_registry/ENGINE.txt
10198,BRISTOL SI,H.1200 MKS641,3,faa/faa_registry/ENGINE.txt
10199,BRISTOL SI,H.1200MKS640A,3,faa/faa_registry/ENGINE.txt
10200,BRISTOL SI,H.1200MKS641A,3,faa/faa_registry/ENGINE.txt
55700,BRP-ROTAX,914 F2,8,faa/faa_registry/ENGINE.txt
55701,BRP-ROTAX,914 F3,8,faa/faa_registry/ENGINE.txt
55702,BRP-ROTAX,914 F4,8,faa/faa_registry/ENGINE.txt
55703,BRP-ROTAX,ROTAX 914 UL,2,faa/faa_registry/ENGINE.txt
16800,C F E CO,CFE 738-1-1B,5,faa/faa_registry/ENGINE.txt
10300,CAMIT,3300,1,faa/faa_registry/ENGINE.txt
13059,CFM INTL,CFM56-2,5,faa/faa_registry/ENGINE.txt
13061,CFM INTL,CFM56-2A,5,faa/faa_registry/ENGINE.txt
13060,CFM INTL,CFM56-2B,5,faa/faa_registry/ENGINE.txt
13062,CFM INTL,CFM56-3,5,faa/faa_registry/ENGINE.txt
13063,CFM INTL,CFM56-3B,5,faa/faa_registry/ENGINE.txt
13163,CFM INTL,CFM56-3B-1,5,faa/faa_registry/ENGINE.txt
13165,CFM INTL,CFM56-3B2,5,faa/faa_registry/ENGINE.txt
13064,CFM INTL,CFM56-3C,5,faa/faa_registry/ENGINE.txt
13077,CFM INTL,CFM56-3C1,5,faa/faa_registry/ENGINE.txt
13065,CFM INTL,CFM56-5,5,faa/faa_registry/ENGINE.txt
13066,CFM INTL,CFM56-5-A1/F,5,faa/faa_registry/ENGINE.txt
13170,CFM INTL,CFM56-5A,5,faa/faa_registry/ENGINE.txt
13067,CFM INTL,CFM56-5A3,5,faa/faa_registry/ENGINE.txt
13068,CFM INTL,CFM56-5A4,5,faa/faa_registry/ENGINE.txt
13069,CFM INTL,CFM56-5A4/F,5,faa/faa_registry/ENGINE.txt
13070,CFM INTL,CFM56-5A5,5,faa/faa_registry/ENGINE.txt
13071,CFM INTL,CFM56-5A5/F,5,faa/faa_registry/ENGINE.txt
13000,CFM INTL,CFM56-5B1,5,faa/faa_registry/ENGINE.txt
13002,CFM INTL,CFM56-5B1/2P,5,faa/faa_registry/ENGINE.txt
13001,CFM INTL,CFM56-5B1/P,5,faa/faa_registry/ENGINE.txt
13003,CFM INTL,CFM56-5B2,5,faa/faa_registry/ENGINE.txt
13005,CFM INTL,CFM56-5B2/2P,5,faa/faa_registry/ENGINE.txt
13004,CFM INTL,CFM56-5B2/P,5,faa/faa_registry/ENGINE.txt
13008,CFM INTL,CFM56-5B3/2P,5,faa/faa_registry/ENGINE.txt
13009,CFM INTL,CFM56-5B3/2P1,5,faa/faa_registry/ENGINE.txt
13101,CFM INTL,CFM56-5B3/3,5,faa/faa_registry/ENGINE.txt
13006,CFM INTL,CFM56-5B3/P,5,faa/faa_registry/ENGINE.txt
13007,CFM INTL,CFM56-5B3/P1,5,faa/faa_registry/ENGINE.txt
13010,CFM INTL,CFM56-5B4,5,faa/faa_registry/ENGINE.txt
13013,CFM INTL,CFM56-5B4/2P,5,faa/faa_registry/ENGINE.txt
13014,CFM INTL,CFM56-5B4/2P1,5,faa/faa_registry/ENGINE.txt
13090,CFM INTL,CFM56-5B4/3,5,faa/faa_registry/ENGINE.txt
13011,CFM INTL,CFM56-5B4/P,5,faa/faa_registry/ENGINE.txt
13012,CFM INTL,CFM56-5B4/P1,5,faa/faa_registry/ENGINE.txt
13015,CFM INTL,CFM56-5B5,5,faa/faa_registry/ENGINE.txt
13016,CFM INTL,CFM56-5B5/P,5,faa/faa_registry/ENGINE.txt
13017,CFM INTL,CFM56-5B6,5,faa/faa_registry/ENGINE.txt
13019,CFM INTL,CFM56-5B6/2P,5,faa/faa_registry/ENGINE.txt
13081,CFM INTL,CFM56-5B6/3,5,faa/faa_registry/ENGINE.txt
13018,CFM INTL,CFM56-5B6/P,5,faa/faa_registry/ENGINE.txt
13020,CFM INTL,CFM56-5B7,5,faa/faa_registry/ENGINE.txt
13808,CFM INTL,CFM56-5B7/3,5,faa/faa_registry/ENGINE.txt
13021,CFM INTL,CFM56-5B7/P,5,faa/faa_registry/ENGINE.txt
13022,CFM INTL,CFM56-5B8/P,5,faa/faa_registry/ENGINE.txt
13024,CFM INTL,CFM56-5B9/2P,5,faa/faa_registry/ENGINE.txt
13023,CFM INTL,CFM56-5B9/P,5,faa/faa_registry/ENGINE.txt
13025,CFM INTL,CFM56-5C2,5,faa/faa_registry/ENGINE.txt
13026,CFM INTL,CFM56-5C2/4,5,faa/faa_registry/ENGINE.txt
13027,CFM INTL,CFM56-5C2/F,5,faa/faa_registry/ENGINE.txt
13028,CFM INTL,CFM56-5C2/F4,5,faa/faa_registry/ENGINE.txt
13029,CFM INTL,CFM56-5C2/G,5,faa/faa_registry/ENGINE.txt
13030,CFM INTL,CFM56-5C2/G4,5,faa/faa_registry/ENGINE.txt
13031,CFM INTL,CFM56-5C2/P,5,faa/faa_registry/ENGINE.txt
13032,CFM INTL,CFM56-5C3/F,5,faa/faa_registry/ENGINE.txt
13033,CFM INTL,CFM56-5C3/F4,5,faa/faa_registry/ENGINE.txt
13034,CFM INTL,CFM56-5C3/G,5,faa/faa_registry/ENGINE.txt
13035,CFM INTL,CFM56-5C3/G4,5,faa/faa_registry/ENGINE.txt
13036,CFM INTL,CFM56-5C3/P,5,faa/faa_registry/ENGINE.txt
13037,CFM INTL,CFM56-5C4,5,faa/faa_registry/ENGINE.txt
13039,CFM INTL,CFM56-5C4/1,5,faa/faa_registry/ENGINE.txt
13040,CFM INTL,CFM56-5C4/1P,5,faa/faa_registry/ENGINE.txt
13038,CFM INTL,CFM56-5C4/P,5,faa/faa_registry/ENGINE.txt
13105,CFM INTL,CFM56-7B/3,5,faa/faa_registry/ENGINE.txt
13041,CFM INTL,CFM56-7B18,5,faa/faa_registry/ENGINE.txt
13042,CFM INTL,CFM56-7B20,5,faa/faa_registry/ENGINE.txt
13047,CFM INTL,CFM56-7B20/2,5,faa/faa_registry/ENGINE.txt
13043,CFM INTL,CFM56-7B22,5,faa/faa_registry/ENGINE.txt
13048,CFM INTL,CFM56-7B22/2,5,faa/faa_registry/ENGINE.txt
13080,CFM INTL,CFM56-7B22/3,5,faa/faa_registry/ENGINE.txt
13055,CFM INTL,CFM56-7B22/B1,5,faa/faa_registry/ENGINE.txt
13057,CFM INTL,CFM56-7B22/B2,5,faa/faa_registry/ENGINE.txt
13044,CFM INTL,CFM56-7B24,5,faa/faa_registry/ENGINE.txt
13049,CFM INTL,CFM56-7B24/2,5,faa/faa_registry/ENGINE.txt
13074,CFM INTL,CFM56-7B24/3,5,faa/faa_registry/ENGINE.txt
13056,CFM INTL,CFM56-7B24/B1,5,faa/faa_registry/ENGINE.txt
13804,CFM INTL,CFM56-7B24E,5,faa/faa_registry/ENGINE.txt
13045,CFM INTL,CFM56-7B26,5,faa/faa_registry/ENGINE.txt
13050,CFM INTL,CFM56-7B26/2,5,faa/faa_registry/ENGINE.txt
13073,CFM INTL,CFM56-7B26/3,5,faa/faa_registry/ENGINE.txt
13052,CFM INTL,CFM56-7B26/B1,5,faa/faa_registry/ENGINE.txt
13058,CFM INTL,CFM56-7B26/B2,5,faa/faa_registry/ENGINE.txt
13099,CFM INTL,CFM56-7B26E,5,faa/faa_registry/ENGINE.txt
13046,CFM INTL,CFM56-7B27,5,faa/faa_registry/ENGINE.txt
13051,CFM INTL,CFM56-7B27/2,5,faa/faa_registry/ENGINE.txt
13805,CFM INTL,CFM56-7B27/3,5,faa/faa_registry/ENGINE.txt
13053,CFM INTL,CFM56-7B27/B1,5,faa/faa_registry/ENGINE.txt
13054,CFM INTL,CFM56-7B27/B3,5,faa/faa_registry/ENGINE.txt
13089,CFM INTL,CFM56-7B27383,5,faa/faa_registry/ENGINE.txt
13076,CFM INTL,CFM56-7B27A,5,faa/faa_registry/ENGINE.txt
13079,CFM INTL,CFM56-7B27AE,5,faa/faa_registry/ENGINE.txt
13078,CFM INTL,CFM56-7B27E,5,faa/faa_registry/ENGINE.txt
13800,CFM INTL,CFM56-7B27E/B,5,faa/faa_registry/ENGINE.txt
13100,CFM INTL,CFM56-7B27E/F,5,faa/faa_registry/ENGINE.txt
13807,CFM INTL,CFM56-7B27EB3,5,faa/faa_registry/ENGINE.txt
13075,CFM INTL,CFS56-5B3,5,faa/faa_registry/ENGINE.txt
13072,CFM INTL,CFV56-7B,5,faa/faa_registry/ENGINE.txt
13110,CFM INTL,LEAP-1A26,5,faa/faa_registry/ENGINE.txt
13115,CFM INTL,LEAP-1A33,5,faa/faa_registry/ENGINE.txt
13135,CFM INTL,LEAP-1A35A,5,faa/faa_registry/ENGINE.txt
13134,CFM INTL,LEAP-1B25,5,faa/faa_registry/ENGINE.txt
13128,CFM INTL,LEAP-1B27 SER,5,faa/faa_registry/ENGINE.txt
13120,CFM INTL,LEAP-1B28 SER,5,faa/faa_registry/ENGINE.txt
13124,CFM INTL,LEAP-1B28B,5,faa/faa_registry/ENGINE.txt
13802,CFM INTL.,CFM56 SERIES,5,faa/faa_registry/ENGINE.txt
13806,CFM INTL.,CFM56-5B9/3,5,faa/faa_registry/ENGINE.txt
13803,CFM INTL.,CFM56-7B,5,faa/faa_registry/ENGINE.txt
23000,CFX,CFX 800,1,faa/faa_registry/ENGINE.txt
13950,CHEVROLET,LS3,8,faa/faa_registry/ENGINE.txt
13951,CHEVROLET,LS7,8,faa/faa_registry/ENGINE.txt
13952,CHEVROLET,LZ0,8,faa/faa_registry/ENGINE.txt
13900,CHOTIA,ALL MDLS A/B,1,faa/faa_registry/ENGINE.txt
14302,CIRRUS,MARK III,1,faa/faa_registry/ENGINE.txt
13975,CKT AERO E,CKT-240TD,1,faa/faa_registry/ENGINE.txt
14001,CLERGET,ROTARY,1,faa/faa_registry/ENGINE.txt
16900,COLVIN,O-520-EXP,1,faa/faa_registry/ENGINE.txt
14502,COMET,7E,1,faa/faa_registry/ENGINE.txt
14501,COMET,7RA,1,faa/faa_registry/ENGINE.txt
14702,COMPACT RA,MZ201,7,faa/faa_registry/ENGINE.txt
14700,COMPACT RA,MZ202,7,faa/faa_registry/ENGINE.txt
14701,COMPACT RA,MZ35,7,faa/faa_registry/ENGINE.txt
17493,CONT,CD-170,8,faa/faa_registry/ENGINE.txt
17501,CONT,IOX370 SERIES,8,faa/faa_registry/ENGINE.txt
59309,CONT,TAE125-02-125,8,faa/faa_registry/ENGINE.txt
17511,CONT,TITAN X-370,1,faa/faa_registry/ENGINE.txt
17512,CONT,TITAN X340,1,faa/faa_registry/ENGINE.txt
17505,CONT,XIO-370 SERIE,1,faa/faa_registry/ENGINE.txt
16503,CONT AVN,CJ69-1025,4,faa/faa_registry/ENGINE.txt
17020,CONT MOTOR,0-200 SERIES,1,faa/faa_registry/ENGINE.txt
17191,CONT MOTOR,0-200-A,1,faa/faa_registry/ENGINE.txt
17193,CONT MOTOR,0-200-C,1,faa/faa_registry/ENGINE.txt
17022,CONT MOTOR,0-300 SER,1,faa/faa_registry/ENGINE.txt
17173,CONT MOTOR,0-300-A,1,faa/faa_registry/ENGINE.txt
17174,CONT MOTOR,0-300-B,1,faa/faa_registry/ENGINE.txt
17175,CONT MOTOR,0-300-C,1,faa/faa_registry/ENGINE.txt
17176,CONT MOTOR,0-300-D,1,faa/faa_registry/ENGINE.txt
17178,CONT MOTOR,0-300-E,1,faa/faa_registry/ENGINE.txt
17364,CONT MOTOR,0-470-11,1,faa/faa_registry/ENGINE.txt
17365,CONT MOTOR,0-470-11B,1,faa/faa_registry/ENGINE.txt
17366,CONT MOTOR,0-470-13,1,faa/faa_registry/ENGINE.txt
17367,CONT MOTOR,0-470-13A,1,faa/faa_registry/ENGINE.txt
17369,CONT MOTOR,0-470-15,1,faa/faa_registry/ENGINE.txt
17368,CONT MOTOR,0-470-4,1,faa/faa_registry/ENGINE.txt
17407,CONT MOTOR,200,8,faa/faa_registry/ENGINE.txt
17038,CONT MOTOR,6-285-A,1,faa/faa_registry/ENGINE.txt
17041,CONT MOTOR,6-320 SERIES,1,faa/faa_registry/ENGINE.txt
17073,CONT MOTOR,6-320-B,1,faa/faa_registry/ENGINE.txt
17074,CONT MOTOR,6-620-A,1,faa/faa_registry/ENGINE.txt
17003,CONT MOTOR,A&C65 SERIES,1,faa/faa_registry/ENGINE.txt
17005,CONT MOTOR,A&C75 SERIES,1,faa/faa_registry/ENGINE.txt
17085,CONT MOTOR,A-100-1,1,faa/faa_registry/ENGINE.txt
17086,CONT MOTOR,A-100-2,1,faa/faa_registry/ENGINE.txt
17389,CONT MOTOR,A-40,1,faa/faa_registry/ENGINE.txt
17390,CONT MOTOR,A-40-2,1,faa/faa_registry/ENGINE.txt
17391,CONT MOTOR,A-40-3,1,faa/faa_registry/ENGINE.txt
17398,CONT MOTOR,A-40-5,1,faa/faa_registry/ENGINE.txt
17087,CONT MOTOR,A-50-1,1,faa/faa_registry/ENGINE.txt
17088,CONT MOTOR,A-50-2,1,faa/faa_registry/ENGINE.txt
17089,CONT MOTOR,A-50-3,1,faa/faa_registry/ENGINE.txt
17090,CONT MOTOR,A-50-4,1,faa/faa_registry/ENGINE.txt
17133,CONT MOTOR,A-50-4J,1,faa/faa_registry/ENGINE.txt
17091,CONT MOTOR,A-50-5,1,faa/faa_registry/ENGINE.txt
17134,CONT MOTOR,A-50-5J,1,faa/faa_registry/ENGINE.txt
17092,CONT MOTOR,A-50-6,1,faa/faa_registry/ENGINE.txt
17135,CONT MOTOR,A-50-6J,1,faa/faa_registry/ENGINE.txt
17093,CONT MOTOR,A-50-7,1,faa/faa_registry/ENGINE.txt
17136,CONT MOTOR,A-50-7J,1,faa/faa_registry/ENGINE.txt
17094,CONT MOTOR,A-50-8,1,faa/faa_registry/ENGINE.txt
17137,CONT MOTOR,A-50-8J,1,faa/faa_registry/ENGINE.txt
17095,CONT MOTOR,A-50-9,1,faa/faa_registry/ENGINE.txt
17138,CONT MOTOR,A-50-9J,1,faa/faa_registry/ENGINE.txt
17324,CONT MOTOR,A-65 SER,1,faa/faa_registry/ENGINE.txt
17337,CONT MOTOR,A-65-12,1,faa/faa_registry/ENGINE.txt
17338,CONT MOTOR,A-65-12F,1,faa/faa_registry/ENGINE.txt
17339,CONT MOTOR,A-65-12FJ,1,faa/faa_registry/ENGINE.txt
17340,CONT MOTOR,A-65-12J,1,faa/faa_registry/ENGINE.txt
17341,CONT MOTOR,A-65-14,1,faa/faa_registry/ENGINE.txt
17342,CONT MOTOR,A-65-14F,1,faa/faa_registry/ENGINE.txt
17343,CONT MOTOR,A-65-14FJ,1,faa/faa_registry/ENGINE.txt
17344,CONT MOTOR,A-65-14J,1,faa/faa_registry/ENGINE.txt
17325,CONT MOTOR,A-65-3,1,faa/faa_registry/ENGINE.txt
17326,CONT MOTOR,A-65-6,1,faa/faa_registry/ENGINE.txt
17327,CONT MOTOR,A-65-6J,1,faa/faa_registry/ENGINE.txt
17328,CONT MOTOR,A-65-7,1,faa/faa_registry/ENGINE.txt
17329,CONT MOTOR,A-65-8,1,faa/faa_registry/ENGINE.txt
17330,CONT MOTOR,A-65-8F,1,faa/faa_registry/ENGINE.txt
17331,CONT MOTOR,A-65-8FJ,1,faa/faa_registry/ENGINE.txt
17332,CONT MOTOR,A-65-8J,1,faa/faa_registry/ENGINE.txt
17333,CONT MOTOR,A-65-9,1,faa/faa_registry/ENGINE.txt
17334,CONT MOTOR,A-65-9F,1,faa/faa_registry/ENGINE.txt
17335,CONT MOTOR,A-65-9FJ,1,faa/faa_registry/ENGINE.txt
17336,CONT MOTOR,A-65-9J,1,faa/faa_registry/ENGINE.txt
17386,CONT MOTOR,A-70,1,faa/faa_registry/ENGINE.txt
17387,CONT MOTOR,A-70-2,1,faa/faa_registry/ENGINE.txt
17406,CONT MOTOR,A-75,1,faa/faa_registry/ENGINE.txt
17399,CONT MOTOR,A-80-8,1,faa/faa_registry/ENGINE.txt
17400,CONT MOTOR,A-80-9,1,faa/faa_registry/ENGINE.txt
17007,CONT MOTOR,A100,1,faa/faa_registry/ENGINE.txt
17001,CONT MOTOR,A40 SERIES,1,faa/faa_registry/ENGINE.txt
17388,CONT MOTOR,A40-4,1,faa/faa_registry/ENGINE.txt
17002,CONT MOTOR,A50 SERIES,1,faa/faa_registry/ENGINE.txt
17004,CONT MOTOR,A70 SERIES,1,faa/faa_registry/ENGINE.txt
17077,CONT MOTOR,A75-3,1,faa/faa_registry/ENGINE.txt
17078,CONT MOTOR,A75-6,1,faa/faa_registry/ENGINE.txt
17139,CONT MOTOR,A75-6J,1,faa/faa_registry/ENGINE.txt
17079,CONT MOTOR,A75-8,1,faa/faa_registry/ENGINE.txt
17140,CONT MOTOR,A75-8F,1,faa/faa_registry/ENGINE.txt
17142,CONT MOTOR,A75-8FJ,1,faa/faa_registry/ENGINE.txt
17141,CONT MOTOR,A75-8J,1,faa/faa_registry/ENGINE.txt
17080,CONT MOTOR,A75-9,1,faa/faa_registry/ENGINE.txt
17143,CONT MOTOR,A75-9J,1,faa/faa_registry/ENGINE.txt
17006,CONT MOTOR,A80 SERIES,1,faa/faa_registry/ENGINE.txt
17081,CONT MOTOR,C-115-1,1,faa/faa_registry/ENGINE.txt
17082,CONT MOTOR,C-115-2,1,faa/faa_registry/ENGINE.txt
17083,CONT MOTOR,C-125-1,1,faa/faa_registry/ENGINE.txt
17084,CONT MOTOR,C-125-2,1,faa/faa_registry/ENGINE.txt
17011,CONT MOTOR,C125 SERIES,1,faa/faa_registry/ENGINE.txt
17012,CONT MOTOR,C145 SERIES,1,faa/faa_registry/ENGINE.txt
17170,CONT MOTOR,C145-2,1,faa/faa_registry/ENGINE.txt
17171,CONT MOTOR,C145-2H,1,faa/faa_registry/ENGINE.txt
17172,CONT MOTOR,C145-2HP,1,faa/faa_registry/ENGINE.txt
17108,CONT MOTOR,C75-12,1,faa/faa_registry/ENGINE.txt
17114,CONT MOTOR,C75-12B,1,faa/faa_registry/ENGINE.txt
17115,CONT MOTOR,C75-12BF,1,faa/faa_registry/ENGINE.txt
17116,CONT MOTOR,C75-12BFH,1,faa/faa_registry/ENGINE.txt
17109,CONT MOTOR,C75-12F,1,faa/faa_registry/ENGINE.txt
17110,CONT MOTOR,C75-12FH,1,faa/faa_registry/ENGINE.txt
17111,CONT MOTOR,C75-12FHJ,1,faa/faa_registry/ENGINE.txt
17112,CONT MOTOR,C75-12FJ,1,faa/faa_registry/ENGINE.txt
17113,CONT MOTOR,C75-12J,1,faa/faa_registry/ENGINE.txt
17117,CONT MOTOR,C75-15,1,faa/faa_registry/ENGINE.txt
17118,CONT MOTOR,C75-15F,1,faa/faa_registry/ENGINE.txt
17072,CONT MOTOR,C75-8,1,faa/faa_registry/ENGINE.txt
17103,CONT MOTOR,C75-8F,1,faa/faa_registry/ENGINE.txt
17104,CONT MOTOR,C75-8FH,1,faa/faa_registry/ENGINE.txt
17105,CONT MOTOR,C75-8FHJ,1,faa/faa_registry/ENGINE.txt
17106,CONT MOTOR,C75-8FJ,1,faa/faa_registry/ENGINE.txt
17107,CONT MOTOR,C75-8J,1,faa/faa_registry/ENGINE.txt
17008,CONT MOTOR,C85 SERIES,1,faa/faa_registry/ENGINE.txt
17124,CONT MOTOR,C85-12,1,faa/faa_registry/ENGINE.txt
17125,CONT MOTOR,C85-12F,1,faa/faa_registry/ENGINE.txt
17126,CONT MOTOR,C85-12FH,1,faa/faa_registry/ENGINE.txt
17127,CONT MOTOR,C85-12FHJ,1,faa/faa_registry/ENGINE.txt
17128,CONT MOTOR,C85-12FJ,1,faa/faa_registry/ENGINE.txt
17129,CONT MOTOR,C85-12J,1,faa/faa_registry/ENGINE.txt
17130,CONT MOTOR,C85-14F,1,faa/faa_registry/ENGINE.txt
17131,CONT MOTOR,C85-15,1,faa/faa_registry/ENGINE.txt
17132,CONT MOTOR,C85-15F,1,faa/faa_registry/ENGINE.txt
17119,CONT MOTOR,C85-8,1,faa/faa_registry/ENGINE.txt
17120,CONT MOTOR,C85-8F,1,faa/faa_registry/ENGINE.txt
17121,CONT MOTOR,C85-8FHJ,1,faa/faa_registry/ENGINE.txt
17122,CONT MOTOR,C85-8FJ,1,faa/faa_registry/ENGINE.txt
17123,CONT MOTOR,C85-8J,1,faa/faa_registry/ENGINE.txt
17009,CONT MOTOR,C90 SERIES,1,faa/faa_registry/ENGINE.txt
17183,CONT MOTOR,C90-12F,1,faa/faa_registry/ENGINE.txt
17184,CONT MOTOR,C90-12FH,1,faa/faa_registry/ENGINE.txt
17185,CONT MOTOR,C90-12FJ,1,faa/faa_registry/ENGINE.txt
17186,CONT MOTOR,C90-12FP,1,faa/faa_registry/ENGINE.txt
17187,CONT MOTOR,C90-14F,1,faa/faa_registry/ENGINE.txt
17188,CONT MOTOR,C90-14FH,1,faa/faa_registry/ENGINE.txt
17189,CONT MOTOR,C90-14FJ,1,faa/faa_registry/ENGINE.txt
17190,CONT MOTOR,C90-16F,1,faa/faa_registry/ENGINE.txt
17181,CONT MOTOR,C90-8F,1,faa/faa_registry/ENGINE.txt
17182,CONT MOTOR,C90-8FJ,1,faa/faa_registry/ENGINE.txt
17492,CONT MOTOR,CD 100 SER,8,faa/faa_registry/ENGINE.txt
17416,CONT MOTOR,CENTURION 3.0,2,faa/faa_registry/ENGINE.txt
17311,CONT MOTOR,E-185-11,1,faa/faa_registry/ENGINE.txt
17411,CONT MOTOR,E-TSIOF-550-P,1,faa/faa_registry/ENGINE.txt
17013,CONT MOTOR,E165 SERIES,1,faa/faa_registry/ENGINE.txt
17306,CONT MOTOR,E165-2,1,faa/faa_registry/ENGINE.txt
17307,CONT MOTOR,E165-3,1,faa/faa_registry/ENGINE.txt
17308,CONT MOTOR,E165-4,1,faa/faa_registry/ENGINE.txt
17014,CONT MOTOR,E185 SERIES,1,faa/faa_registry/ENGINE.txt
17309,CONT MOTOR,E185-1,1,faa/faa_registry/ENGINE.txt
17315,CONT MOTOR,E185-10,1,faa/faa_registry/ENGINE.txt
17312,CONT MOTOR,E185-2,1,faa/faa_registry/ENGINE.txt
17313,CONT MOTOR,E185-3,1,faa/faa_registry/ENGINE.txt
17316,CONT MOTOR,E185-5,1,faa/faa_registry/ENGINE.txt
17310,CONT MOTOR,E185-8,1,faa/faa_registry/ENGINE.txt
17314,CONT MOTOR,E185-9,1,faa/faa_registry/ENGINE.txt
17015,CONT MOTOR,E225 SERIES,1,faa/faa_registry/ENGINE.txt
17161,CONT MOTOR,E225-2,1,faa/faa_registry/ENGINE.txt
17162,CONT MOTOR,E225-4,1,faa/faa_registry/ENGINE.txt
17163,CONT MOTOR,E225-8,1,faa/faa_registry/ENGINE.txt
17164,CONT MOTOR,E225-9,1,faa/faa_registry/ENGINE.txt
17028,CONT MOTOR,FSO-470 SER,1,faa/faa_registry/ENGINE.txt
17167,CONT MOTOR,FSO-470-A,1,faa/faa_registry/ENGINE.txt
17030,CONT MOTOR,FSO-526,1,faa/faa_registry/ENGINE.txt
17179,CONT MOTOR,FSO-526-A,1,faa/faa_registry/ENGINE.txt
17180,CONT MOTOR,FSO-526-C,1,faa/faa_registry/ENGINE.txt
17062,CONT MOTOR,GIO-244,1,faa/faa_registry/ENGINE.txt
17075,CONT MOTOR,GIO-470-A,1,faa/faa_registry/ENGINE.txt
17034,CONT MOTOR,GIO-470SERIES,1,faa/faa_registry/ENGINE.txt
17024,CONT MOTOR,GO-300 SERIES,1,faa/faa_registry/ENGINE.txt
17198,CONT MOTOR,GO-300-A,1,faa/faa_registry/ENGINE.txt
17199,CONT MOTOR,GO-300-B,1,faa/faa_registry/ENGINE.txt
17200,CONT MOTOR,GO-300-C,1,faa/faa_registry/ENGINE.txt
17202,CONT MOTOR,GO-300-D,1,faa/faa_registry/ENGINE.txt
17203,CONT MOTOR,GO-300-E,1,faa/faa_registry/ENGINE.txt
17201,CONT MOTOR,GO-300-F,1,faa/faa_registry/ENGINE.txt
17204,CONT MOTOR,GSO-526-A,1,faa/faa_registry/ENGINE.txt
17031,CONT MOTOR,GTSI0-520-F-K,1,faa/faa_registry/ENGINE.txt
17039|17046,CONT MOTOR,GTSIO-520 SER,1|2,faa/faa_registry/ENGINE.txt
17035,CONT MOTOR,GTSIO-520-C,1,faa/faa_registry/ENGINE.txt
17096,CONT MOTOR,GTSIO-520-D,1,faa/faa_registry/ENGINE.txt
17097,CONT MOTOR,GTSIO-520-E,1,faa/faa_registry/ENGINE.txt
17098,CONT MOTOR,GTSIO-520-F,1,faa/faa_registry/ENGINE.txt
17048,CONT MOTOR,GTSIO-520-H,1,faa/faa_registry/ENGINE.txt
17099,CONT MOTOR,GTSIO-520-K,1,faa/faa_registry/ENGINE.txt
17100,CONT MOTOR,GTSIO-520-L,1,faa/faa_registry/ENGINE.txt
17101,CONT MOTOR,GTSIO-520-M,1,faa/faa_registry/ENGINE.txt
17102,CONT MOTOR,GTSIO-520-N,1,faa/faa_registry/ENGINE.txt
17027,CONT MOTOR,I0-470 SERIES,1,faa/faa_registry/ENGINE.txt
17032,CONT MOTOR,IO 520 SERIES,1,faa/faa_registry/ENGINE.txt
17021,CONT MOTOR,IO-200,1,faa/faa_registry/ENGINE.txt
17063,CONT MOTOR,IO-240 SER,1,faa/faa_registry/ENGINE.txt
17166,CONT MOTOR,IO-240-A,1,faa/faa_registry/ENGINE.txt
17177,CONT MOTOR,IO-240-B,1,faa/faa_registry/ENGINE.txt
17033,CONT MOTOR,IO-346 SERIES,1,faa/faa_registry/ENGINE.txt
17196,CONT MOTOR,IO-346-A,1,faa/faa_registry/ENGINE.txt
17197,CONT MOTOR,IO-346-B,1,faa/faa_registry/ENGINE.txt
17045,CONT MOTOR,IO-360,8,faa/faa_registry/ENGINE.txt
17025,CONT MOTOR,IO-360 SER,1,faa/faa_registry/ENGINE.txt
17144,CONT MOTOR,IO-360-A,1,faa/faa_registry/ENGINE.txt
17145,CONT MOTOR,IO-360-AB,1,faa/faa_registry/ENGINE.txt
17146,CONT MOTOR,IO-360-B,1,faa/faa_registry/ENGINE.txt
17147,CONT MOTOR,IO-360-C,1,faa/faa_registry/ENGINE.txt
17148,CONT MOTOR,IO-360-CB,1,faa/faa_registry/ENGINE.txt
17149,CONT MOTOR,IO-360-D,1,faa/faa_registry/ENGINE.txt
17150,CONT MOTOR,IO-360-DB,1,faa/faa_registry/ENGINE.txt
17151,CONT MOTOR,IO-360-E,1,faa/faa_registry/ENGINE.txt
17160,CONT MOTOR,IO-360-ES,1,faa/faa_registry/ENGINE.txt
17152,CONT MOTOR,IO-360-G,1,faa/faa_registry/ENGINE.txt
17153,CONT MOTOR,IO-360-GB,1,faa/faa_registry/ENGINE.txt
17154,CONT MOTOR,IO-360-H,1,faa/faa_registry/ENGINE.txt
17155,CONT MOTOR,IO-360-HB,1,faa/faa_registry/ENGINE.txt
17156,CONT MOTOR,IO-360-J,1,faa/faa_registry/ENGINE.txt
17157,CONT MOTOR,IO-360-JB,1,faa/faa_registry/ENGINE.txt
17158,CONT MOTOR,IO-360-K,1,faa/faa_registry/ENGINE.txt
17159,CONT MOTOR,IO-360-KB,1,faa/faa_registry/ENGINE.txt
17495,CONT MOTOR,IO-370-C1F,8,faa/faa_registry/ENGINE.txt
17491,CONT MOTOR,IO-370-DA3A,1,faa/faa_registry/ENGINE.txt
17044,CONT MOTOR,IO-470 SER,1,faa/faa_registry/ENGINE.txt
17382,CONT MOTOR,IO-470-A,1,faa/faa_registry/ENGINE.txt
17383,CONT MOTOR,IO-470-C,1,faa/faa_registry/ENGINE.txt
17345,CONT MOTOR,IO-470-D,1,faa/faa_registry/ENGINE.txt
17346,CONT MOTOR,IO-470-E,1,faa/faa_registry/ENGINE.txt
17347,CONT MOTOR,IO-470-F,1,faa/faa_registry/ENGINE.txt
17355,CONT MOTOR,IO-470-G,1,faa/faa_registry/ENGINE.txt
17357,CONT MOTOR,IO-470-H,1,faa/faa_registry/ENGINE.txt
17359,CONT MOTOR,IO-470-J,1,faa/faa_registry/ENGINE.txt
17360,CONT MOTOR,IO-470-K,1,faa/faa_registry/ENGINE.txt
17348,CONT MOTOR,IO-470-L,1,faa/faa_registry/ENGINE.txt
17349,CONT MOTOR,IO-470-LO,1,faa/faa_registry/ENGINE.txt
17350,CONT MOTOR,IO-470-M,1,faa/faa_registry/ENGINE.txt
17358,CONT MOTOR,IO-470-N,1,faa/faa_registry/ENGINE.txt
17361,CONT MOTOR,IO-470-P,1,faa/faa_registry/ENGINE.txt
17356,CONT MOTOR,IO-470-R,1,faa/faa_registry/ENGINE.txt
17351,CONT MOTOR,IO-470-S,1,faa/faa_registry/ENGINE.txt
17362,CONT MOTOR,IO-470-T,1,faa/faa_registry/ENGINE.txt
17352,CONT MOTOR,IO-470-U,1,faa/faa_registry/ENGINE.txt
17353,CONT MOTOR,IO-470-V,1,faa/faa_registry/ENGINE.txt
17354,CONT MOTOR,IO-470-VO,1,faa/faa_registry/ENGINE.txt
17227,CONT MOTOR,IO-520-A,1,faa/faa_registry/ENGINE.txt
17229,CONT MOTOR,IO-520-B,1,faa/faa_registry/ENGINE.txt
17230,CONT MOTOR,IO-520-BA,1,faa/faa_registry/ENGINE.txt
17231,CONT MOTOR,IO-520-BB,1,faa/faa_registry/ENGINE.txt
17232,CONT MOTOR,IO-520-C,1,faa/faa_registry/ENGINE.txt
17234,CONT MOTOR,IO-520-CB,1,faa/faa_registry/ENGINE.txt
17236,CONT MOTOR,IO-520-D,1,faa/faa_registry/ENGINE.txt
17240,CONT MOTOR,IO-520-E,1,faa/faa_registry/ENGINE.txt
17237,CONT MOTOR,IO-520-F,1,faa/faa_registry/ENGINE.txt
17228,CONT MOTOR,IO-520-J,1,faa/faa_registry/ENGINE.txt
17238,CONT MOTOR,IO-520-K,1,faa/faa_registry/ENGINE.txt
17239,CONT MOTOR,IO-520-L,1,faa/faa_registry/ENGINE.txt
17412,CONT MOTOR,IO-520-L8B,8,faa/faa_registry/ENGINE.txt
17233,CONT MOTOR,IO-520-M,1,faa/faa_registry/ENGINE.txt
17235,CONT MOTOR,IO-520-MB,1,faa/faa_registry/ENGINE.txt
17241,CONT MOTOR,IO-520-N,1,faa/faa_registry/ENGINE.txt
17242,CONT MOTOR,IO-520-NB,1,faa/faa_registry/ENGINE.txt
17051,CONT MOTOR,IO-540 SER,1,faa/faa_registry/ENGINE.txt
17042,CONT MOTOR,IO-550 SERIES,1,faa/faa_registry/ENGINE.txt
17207,CONT MOTOR,IO-550-A,1,faa/faa_registry/ENGINE.txt
17208,CONT MOTOR,IO-550-B,1,faa/faa_registry/ENGINE.txt
17209,CONT MOTOR,IO-550-C,1,faa/faa_registry/ENGINE.txt
17210,CONT MOTOR,IO-550-D,1,faa/faa_registry/ENGINE.txt
17214,CONT MOTOR,IO-550-E,1,faa/faa_registry/ENGINE.txt
17211,CONT MOTOR,IO-550-F,1,faa/faa_registry/ENGINE.txt
17213,CONT MOTOR,IO-550-G,1,faa/faa_registry/ENGINE.txt
17212,CONT MOTOR,IO-550-L,1,faa/faa_registry/ENGINE.txt
17215,CONT MOTOR,IO-550-N,1,faa/faa_registry/ENGINE.txt
17216,CONT MOTOR,IO-550-P,1,faa/faa_registry/ENGINE.txt
17217,CONT MOTOR,IO-550-R,1,faa/faa_registry/ENGINE.txt
17408,CONT MOTOR,IO550C1F,1,faa/faa_registry/ENGINE.txt
17168,CONT MOTOR,IOF-240-B,1,faa/faa_registry/ENGINE.txt
17218,CONT MOTOR,IOF-550-B,1,faa/faa_registry/ENGINE.txt
17219,CONT MOTOR,IOF-550-C,1,faa/faa_registry/ENGINE.txt
17220,CONT MOTOR,IOF-550-D,1,faa/faa_registry/ENGINE.txt
17223,CONT MOTOR,IOF-550-E,1,faa/faa_registry/ENGINE.txt
17221,CONT MOTOR,IOF-550-F,1,faa/faa_registry/ENGINE.txt
17222,CONT MOTOR,IOF-550-L,1,faa/faa_registry/ENGINE.txt
17224,CONT MOTOR,IOF-550-N,1,faa/faa_registry/ENGINE.txt
17225,CONT MOTOR,IOF-550-P,1,faa/faa_registry/ENGINE.txt
17226,CONT MOTOR,IOF-550-R,1,faa/faa_registry/ENGINE.txt
17490,CONT MOTOR,IOX340 SERIES,1,faa/faa_registry/ENGINE.txt
17363,CONT MOTOR,L/IO-470-A,1,faa/faa_registry/ENGINE.txt
17243,CONT MOTOR,L/IO-520-P,1,faa/faa_registry/ENGINE.txt
17289,CONT MOTOR,LTSIO-360-E,1,faa/faa_registry/ENGINE.txt
17290,CONT MOTOR,LTSIO-360-EB,1,faa/faa_registry/ENGINE.txt
17298,CONT MOTOR,LTSIO-360-KB,1,faa/faa_registry/ENGINE.txt
17304,CONT MOTOR,LTSIO-360-RB,1,faa/faa_registry/ENGINE.txt
17275,CONT MOTOR,LTSIO-520-AE,1,faa/faa_registry/ENGINE.txt
17071,CONT MOTOR,O 470R,1,faa/faa_registry/ENGINE.txt
17510,CONT MOTOR,O-170,1,faa/faa_registry/ENGINE.txt
17402,CONT MOTOR,O-200,8,faa/faa_registry/ENGINE.txt
17192,CONT MOTOR,O-200-B,1,faa/faa_registry/ENGINE.txt
17409,CONT MOTOR,O-200-D,8,faa/faa_registry/ENGINE.txt
17404,CONT MOTOR,O-200A,8,faa/faa_registry/ENGINE.txt
17026,CONT MOTOR,O-470 SERIES,1,faa/faa_registry/ENGINE.txt
17405,CONT MOTOR,O-470-13A,1,faa/faa_registry/ENGINE.txt
17169,CONT MOTOR,O-470-2,1,faa/faa_registry/ENGINE.txt
17370,CONT MOTOR,O-470-A,1,faa/faa_registry/ENGINE.txt
17376,CONT MOTOR,O-470-B,1,faa/faa_registry/ENGINE.txt
17371,CONT MOTOR,O-470-E,1,faa/faa_registry/ENGINE.txt
17380,CONT MOTOR,O-470-G,1,faa/faa_registry/ENGINE.txt
17379,CONT MOTOR,O-470-H,1,faa/faa_registry/ENGINE.txt
17372,CONT MOTOR,O-470-J,1,faa/faa_registry/ENGINE.txt
17373,CONT MOTOR,O-470-K,1,faa/faa_registry/ENGINE.txt
17374,CONT MOTOR,O-470-L,1,faa/faa_registry/ENGINE.txt
17377,CONT MOTOR,O-470-M,1,faa/faa_registry/ENGINE.txt
17378,CONT MOTOR,O-470-N,1,faa/faa_registry/ENGINE.txt
17381,CONT MOTOR,O-470-P,1,faa/faa_registry/ENGINE.txt
17375,CONT MOTOR,O-470-S,1,faa/faa_registry/ENGINE.txt
17384,CONT MOTOR,O-470-T,1,faa/faa_registry/ENGINE.txt
17385,CONT MOTOR,O-470-U,1,faa/faa_registry/ENGINE.txt
17418,CONT MOTOR,O-520-F,1,faa/faa_registry/ENGINE.txt
17419,CONT MOTOR,O-520-U/TS,1,faa/faa_registry/ENGINE.txt
17489,CONT MOTOR,OX-340 SERIES,8,faa/faa_registry/ENGINE.txt
17420,CONT MOTOR,OX370 SERIES,1,faa/faa_registry/ENGINE.txt
17010,CONT MOTOR,PC60-6,1,faa/faa_registry/ENGINE.txt
17392,CONT MOTOR,R-670,1,faa/faa_registry/ENGINE.txt
17393,CONT MOTOR,R-670-A,1,faa/faa_registry/ENGINE.txt
17395,CONT MOTOR,R-670-B,1,faa/faa_registry/ENGINE.txt
17394,CONT MOTOR,R-670-C,1,faa/faa_registry/ENGINE.txt
17037,CONT MOTOR,R-975 SER,1,faa/faa_registry/ENGINE.txt
17016,CONT MOTOR,R670-SERIES,1,faa/faa_registry/ENGINE.txt
17017,CONT MOTOR,R9A,1,faa/faa_registry/ENGINE.txt
17076,CONT MOTOR,T6-320-A,1,faa/faa_registry/ENGINE.txt
17036,CONT MOTOR,TIO 541 SERIE,1,faa/faa_registry/ENGINE.txt
17050,CONT MOTOR,TP500,1,faa/faa_registry/ENGINE.txt
17165,CONT MOTOR,TP500E,2,faa/faa_registry/ENGINE.txt
17029,CONT MOTOR,TSI0-470-B,1,faa/faa_registry/ENGINE.txt
17070,CONT MOTOR,TSIO-360 GB,1,faa/faa_registry/ENGINE.txt
17019|17023,CONT MOTOR,TSIO-360 SER,1,faa/faa_registry/ENGINE.txt
17279,CONT MOTOR,TSIO-360-A,1,faa/faa_registry/ENGINE.txt
17280,CONT MOTOR,TSIO-360-AB,1,faa/faa_registry/ENGINE.txt
17281,CONT MOTOR,TSIO-360-B,1,faa/faa_registry/ENGINE.txt
17282,CONT MOTOR,TSIO-360-BB,1,faa/faa_registry/ENGINE.txt
17283,CONT MOTOR,TSIO-360-C,1,faa/faa_registry/ENGINE.txt
17284,CONT MOTOR,TSIO-360-CB,1,faa/faa_registry/ENGINE.txt
17285,CONT MOTOR,TSIO-360-D,1,faa/faa_registry/ENGINE.txt
17286,CONT MOTOR,TSIO-360-DB,1,faa/faa_registry/ENGINE.txt
17287,CONT MOTOR,TSIO-360-E,1,faa/faa_registry/ENGINE.txt
17288,CONT MOTOR,TSIO-360-EB,1,faa/faa_registry/ENGINE.txt
17291,CONT MOTOR,TSIO-360-F,1,faa/faa_registry/ENGINE.txt
17292,CONT MOTOR,TSIO-360-FB,1,faa/faa_registry/ENGINE.txt
17293,CONT MOTOR,TSIO-360-GB,1,faa/faa_registry/ENGINE.txt
17294,CONT MOTOR,TSIO-360-H,1,faa/faa_registry/ENGINE.txt
17295,CONT MOTOR,TSIO-360-HB,1,faa/faa_registry/ENGINE.txt
17296,CONT MOTOR,TSIO-360-JB,1,faa/faa_registry/ENGINE.txt
17297,CONT MOTOR,TSIO-360-KB,1,faa/faa_registry/ENGINE.txt
17299,CONT MOTOR,TSIO-360-LB,1,faa/faa_registry/ENGINE.txt
17300,CONT MOTOR,TSIO-360-MB,1,faa/faa_registry/ENGINE.txt
17301,CONT MOTOR,TSIO-360-NB,1,faa/faa_registry/ENGINE.txt
17302,CONT MOTOR,TSIO-360-PB,1,faa/faa_registry/ENGINE.txt
17303,CONT MOTOR,TSIO-360-RB,1,faa/faa_registry/ENGINE.txt
17305,CONT MOTOR,TSIO-360-SB,1,faa/faa_registry/ENGINE.txt
17047,CONT MOTOR,TSIO-470 SER,1,faa/faa_registry/ENGINE.txt
17194,CONT MOTOR,TSIO-470-C,1,faa/faa_registry/ENGINE.txt
17195,CONT MOTOR,TSIO-470-D,1,faa/faa_registry/ENGINE.txt
17040,CONT MOTOR,TSIO-520 SER,1,faa/faa_registry/ENGINE.txt
17248,CONT MOTOR,TSIO-520-A,1,faa/faa_registry/ENGINE.txt
17274,CONT MOTOR,TSIO-520-AE,1,faa/faa_registry/ENGINE.txt
17276,CONT MOTOR,TSIO-520-AF,1,faa/faa_registry/ENGINE.txt
17249,CONT MOTOR,TSIO-520-B,1,faa/faa_registry/ENGINE.txt
17250,CONT MOTOR,TSIO-520-BB,1,faa/faa_registry/ENGINE.txt
17277,CONT MOTOR,TSIO-520-BE,2,faa/faa_registry/ENGINE.txt
17251,CONT MOTOR,TSIO-520-C,1,faa/faa_registry/ENGINE.txt
17278,CONT MOTOR,TSIO-520-CE,1,faa/faa_registry/ENGINE.txt
17253,CONT MOTOR,TSIO-520-D,1,faa/faa_registry/ENGINE.txt
17254,CONT MOTOR,TSIO-520-DB,1,faa/faa_registry/ENGINE.txt
17255,CONT MOTOR,TSIO-520-E,1,faa/faa_registry/ENGINE.txt
17256,CONT MOTOR,TSIO-520-EB,1,faa/faa_registry/ENGINE.txt
17257,CONT MOTOR,TSIO-520-G,1,faa/faa_registry/ENGINE.txt
17252,CONT MOTOR,TSIO-520-H,1,faa/faa_registry/ENGINE.txt
17258,CONT MOTOR,TSIO-520-J,1,faa/faa_registry/ENGINE.txt
17259,CONT MOTOR,TSIO-520-JB,1,faa/faa_registry/ENGINE.txt
17260,CONT MOTOR,TSIO-520-K,1,faa/faa_registry/ENGINE.txt
17261,CONT MOTOR,TSIO-520-KB,1,faa/faa_registry/ENGINE.txt
17262,CONT MOTOR,TSIO-520-L,1,faa/faa_registry/ENGINE.txt
17263,CONT MOTOR,TSIO-520-LB,1,faa/faa_registry/ENGINE.txt
17266,CONT MOTOR,TSIO-520-M,1,faa/faa_registry/ENGINE.txt
17264,CONT MOTOR,TSIO-520-N,1,faa/faa_registry/ENGINE.txt
17265,CONT MOTOR,TSIO-520-NB,2,faa/faa_registry/ENGINE.txt
17268,CONT MOTOR,TSIO-520-P,1,faa/faa_registry/ENGINE.txt
17267,CONT MOTOR,TSIO-520-R,1,faa/faa_registry/ENGINE.txt
17269,CONT MOTOR,TSIO-520-T,1,faa/faa_registry/ENGINE.txt
17270,CONT MOTOR,TSIO-520-U,1,faa/faa_registry/ENGINE.txt
17061|17271,CONT MOTOR,TSIO-520-UB,1|2,faa/faa_registry/ENGINE.txt
17272,CONT MOTOR,TSIO-520-VB,1,faa/faa_registry/ENGINE.txt
17273,CONT MOTOR,TSIO-520-WB,1,faa/faa_registry/ENGINE.txt
17043,CONT MOTOR,TSIO-550 SER,1,faa/faa_registry/ENGINE.txt
17244,CONT MOTOR,TSIO-550-A,1,faa/faa_registry/ENGINE.txt
17245,CONT MOTOR,TSIO-550-B,1,faa/faa_registry/ENGINE.txt
17246,CONT MOTOR,TSIO-550-C,1,faa/faa_registry/ENGINE.txt
17247,CONT MOTOR,TSIO-550-E,1,faa/faa_registry/ENGINE.txt
17401,CONT MOTOR,TSIO-550-G,1,faa/faa_registry/ENGINE.txt
17410,CONT MOTOR,TSIO-550-K,1,faa/faa_registry/ENGINE.txt
17425,CONT MOTOR,TSIO-550-N,1,faa/faa_registry/ENGINE.txt
17403,CONT MOTOR,TSIOF-550-H,1,faa/faa_registry/ENGINE.txt
17415,CONT MOTOR,TSIOF550-D,1,faa/faa_registry/ENGINE.txt
17205,CONT MOTOR,TSIOL-550-A,1,faa/faa_registry/ENGINE.txt
17206,CONT MOTOR,TSIOL-550-B,1,faa/faa_registry/ENGINE.txt
17413,CONT MOTOR,TSIOL-550-C,1,faa/faa_registry/ENGINE.txt
17397,CONT MOTOR,W-670K-1,1,faa/faa_registry/ENGINE.txt
17396,CONT MOTOR,W-670M-1,1,faa/faa_registry/ENGINE.txt
17018,CONT MOTOR,W670 SERIES,1,faa/faa_registry/ENGINE.txt
17319,CONT MOTOR,W670-16,1,faa/faa_registry/ENGINE.txt
17322,CONT MOTOR,W670-23,1,faa/faa_registry/ENGINE.txt
17323,CONT MOTOR,W670-24,1,faa/faa_registry/ENGINE.txt
17317,CONT MOTOR,W670-6A,1,faa/faa_registry/ENGINE.txt
17318,CONT MOTOR,W670-6N,1,faa/faa_registry/ENGINE.txt
17320,CONT MOTOR,W670-K,1,faa/faa_registry/ENGINE.txt
17321,CONT MOTOR,W670-M,1,faa/faa_registry/ENGINE.txt
18004,CORVAIR,100HP,1,faa/faa_registry/ENGINE.txt
18003,CORVAIR,110HP,1,faa/faa_registry/ENGINE.txt
18006,CORVAIR,120,1,faa/faa_registry/ENGINE.txt
18002,CORVAIR,164,1,faa/faa_registry/ENGINE.txt
18007,CORVAIR,2.7,1,faa/faa_registry/ENGINE.txt
18005,CORVAIR,2700,1,faa/faa_registry/ENGINE.txt
18010,CORVAIR,2850,1,faa/faa_registry/ENGINE.txt
18008,CORVAIR,3000 SERIES,8,faa/faa_registry/ENGINE.txt
18001,CORVAIR,GO-140,1,faa/faa_registry/ENGINE.txt
18009,CORVAIR,WW3.3,1,faa/faa_registry/ENGINE.txt
18050,CUBCRAFTER,CC340,8,faa/faa_registry/ENGINE.txt
18055,CUBCRAFTER,CC363I,8,faa/faa_registry/ENGINE.txt
18100,CURTISS,OX-5,1,faa/faa_registry/ENGINE.txt
18101,CURTISS,OXX-6,1,faa/faa_registry/ENGINE.txt
19049,CUYUNA,430R,1,faa/faa_registry/ENGINE.txt
19050,CUYUNA,ALL MDLS A/B,1,faa/faa_registry/ENGINE.txt
19151,CUYUNA,UL11-02,7,faa/faa_registry/ENGINE.txt
43601,DAIML BENZ,DB 605D,1,faa/faa_registry/ENGINE.txt
43622,DAIML BENZ,DB605A,1,faa/faa_registry/ENGINE.txt
43600,DAIML BENZ,DB605A1,1,faa/faa_registry/ENGINE.txt
20003,DEHAV ENG,GIPSY GRP 3,1,faa/faa_registry/ENGINE.txt
20004,DEHAV ENG,GIPSY MAJOR,1,faa/faa_registry/ENGINE.txt
20002,DEHAV ENG,GIPSY QUEEN,1,faa/faa_registry/ENGINE.txt
20001,DEHAV ENG,GOBLIN MK 2&3,4,faa/faa_registry/ENGINE.txt
20009,DEHAV ENG,GOBLIN MK 35,4,faa/faa_registry/ENGINE.txt
20005,DEHAV ENG,GQ 30 MK2,1,faa/faa_registry/ENGINE.txt
20006,DEHAV ENG,GQ 70-4,1,faa/faa_registry/ENGINE.txt
20007,DEHAV ENG,GQ 70MK2,1,faa/faa_registry/ENGINE.txt
20008,DEHAV ENG,GQ 70MK3,1,faa/faa_registry/ENGINE.txt
21001,DELTA HAWK,DH180A4,8,faa/faa_registry/ENGINE.txt
21000,DELTA HAWK,DW180VA,8,faa/faa_registry/ENGINE.txt
19901,DERWENT,MK-9,4,faa/faa_registry/ENGINE.txt
20500,DESERT ACF,DA-150,8,faa/faa_registry/ENGINE.txt
20503,DESERT ACF,DA-215,7,faa/faa_registry/ENGINE.txt
20501,DESERT ACF,DA-50-R,7,faa/faa_registry/ENGINE.txt
20502,DESERT ACF,DA-70,7,faa/faa_registry/ENGINE.txt
21100,DIAMOND,AE50R,7,faa/faa_registry/ENGINE.txt
22000,E.N.M.A.,GIV SERIES,1,faa/faa_registry/ENGINE.txt
24600,EAGLE IVEX,IO-360,8,faa/faa_registry/ENGINE.txt
24706,ECI,CC340,1,faa/faa_registry/ENGINE.txt
24715,ECI,DIO360A1L1N40,1,faa/faa_registry/ENGINE.txt
24707,ECI,EXPIO360A4B9N,1,faa/faa_registry/ENGINE.txt
24708,ECI,IO-360,1,faa/faa_registry/ENGINE.txt
24702,ECI,IOX-340S,1,faa/faa_registry/ENGINE.txt
24700,ECI,IOX-360,1,faa/faa_registry/ENGINE.txt
24704,ECI,IOX320B1L1N4,1,faa/faa_registry/ENGINE.txt
24703,ECI,O-340,1,faa/faa_registry/ENGINE.txt
24709,ECI,O360A1A,1,faa/faa_registry/ENGINE.txt
24705,ECI,OX-340CC,1,faa/faa_registry/ENGINE.txt
24701,ECI,XO-340,1,faa/faa_registry/ENGINE.txt
25104,EDGE,EP315ECI,8,faa/faa_registry/ENGINE.txt
25102,EDGE,EP912STI,8,faa/faa_registry/ENGINE.txt
25105,EDGE,EP917TI,8,faa/faa_registry/ENGINE.txt
25106,EDGE,EP918TI,8,faa/faa_registry/ENGINE.txt
25103,EDGE,EPEX 300 TI,8,faa/faa_registry/ENGINE.txt
25101,EGGENFELLN,E6T,1,faa/faa_registry/ENGINE.txt
21960,EMRAX,208,10,faa/faa_registry/ENGINE.txt
21970,EMRAX,228,10,faa/faa_registry/ENGINE.txt
21980,EMRAX,268,10,faa/faa_registry/ENGINE.txt
25903,ENGINE ALL,GP7270,5,faa/faa_registry/ENGINE.txt
25902,ENGINE ALL,GP7277,5,faa/faa_registry/ENGINE.txt
24711,ENSTROJ,EMRAX 228,10,faa/faa_registry/ENGINE.txt
24751,EPA POWER,SA-R917 SER,8,faa/faa_registry/ENGINE.txt
25904,EVINRUDE,STARFLITE,1,faa/faa_registry/ENGINE.txt
26024,FAIRCHILD,6-390,1,faa/faa_registry/ENGINE.txt
26001,FAIRCHILD,6-390 SERIES,1,faa/faa_registry/ENGINE.txt
26026,FAIRCHILD,6-390-B,1,faa/faa_registry/ENGINE.txt
26027,FAIRCHILD,6-390-D,1,faa/faa_registry/ENGINE.txt
26028,FAIRCHILD,6-390-D3,1,faa/faa_registry/ENGINE.txt
26032,FAIRCHILD,6-41-B1A,1,faa/faa_registry/ENGINE.txt
26002,FAIRCHILD,6-410 SERIES,1,faa/faa_registry/ENGINE.txt
26031,FAIRCHILD,6-410-B1,1,faa/faa_registry/ENGINE.txt
26033,FAIRCHILD,6-410-B2,1,faa/faa_registry/ENGINE.txt
26034,FAIRCHILD,6-410-B2A,1,faa/faa_registry/ENGINE.txt
26035,FAIRCHILD,6-410-B2B,1,faa/faa_registry/ENGINE.txt
26036,FAIRCHILD,6-410-B3,1,faa/faa_registry/ENGINE.txt
26003,FAIRCHILD,6-440 SERIES,1,faa/faa_registry/ENGINE.txt
26005,FAIRCHILD,6-440-C2,1,faa/faa_registry/ENGINE.txt
26006,FAIRCHILD,6-440-C3,1,faa/faa_registry/ENGINE.txt
26007,FAIRCHILD,6-440-C4,1,faa/faa_registry/ENGINE.txt
26008,FAIRCHILD,6-440-C5,1,faa/faa_registry/ENGINE.txt
26010,FAIRCHILD,FT-101E,4,faa/faa_registry/ENGINE.txt
26011,FAIRCHILD,SGV-770-B3,1,faa/faa_registry/ENGINE.txt
26012,FAIRCHILD,SGV-770-B4,1,faa/faa_registry/ENGINE.txt
26030,FAIRCHILD,SGV-770-B5,1,faa/faa_registry/ENGINE.txt
26014,FAIRCHILD,SGV-770-B7,1,faa/faa_registry/ENGINE.txt
26013,FAIRCHILD,SGV-770-G6,1,faa/faa_registry/ENGINE.txt
26009,FAIRCHILD,SGV-770C SER,1,faa/faa_registry/ENGINE.txt
26015,FAIRCHILD,SGV-770C-1,1,faa/faa_registry/ENGINE.txt
26016,FAIRCHILD,SGV-770C-1B,1,faa/faa_registry/ENGINE.txt
26017,FAIRCHILD,SGV-770C-1C,1,faa/faa_registry/ENGINE.txt
26018,FAIRCHILD,SGV-770C-2A,1,faa/faa_registry/ENGINE.txt
26019,FAIRCHILD,SGV-770C-2C,1,faa/faa_registry/ENGINE.txt
26023,FAIRCHILD,V-77 0-8,1,faa/faa_registry/ENGINE.txt
26021,FAIRCHILD,V-770-11,1,faa/faa_registry/ENGINE.txt
26022,FAIRCHILD,V-770-15,1,faa/faa_registry/ENGINE.txt
26020,FAIRCHILD,V-770-6,1,faa/faa_registry/ENGINE.txt
26029,FAIRCHILD,V-770-B4,1,faa/faa_registry/ENGINE.txt
26025,FAIRCHILD,V-770-SG,1,faa/faa_registry/ENGINE.txt
26004,FAIRCHILD,V-770B SERIES,1,faa/faa_registry/ENGINE.txt
26800,FIATE,MZ202,7,faa/faa_registry/ENGINE.txt
26601,FIREWALL F,CAM 100,1,faa/faa_registry/ENGINE.txt
26701,FORD,CONVERSION,1,faa/faa_registry/ENGINE.txt
26715,FORD,MODEL A,1,faa/faa_registry/ENGINE.txt
27044,FRANKLIN,0-425-1,1,faa/faa_registry/ENGINE.txt
27012,FRANKLIN,0-425-9,1,faa/faa_registry/ENGINE.txt
27041,FRANKLIN,220,1,faa/faa_registry/ENGINE.txt
27001,FRANKLIN,2A4 SERIES,1,faa/faa_registry/ENGINE.txt
27034,FRANKLIN,2A4-49-B2,1,faa/faa_registry/ENGINE.txt
27037,FRANKLIN,2A4-65-B2,1,faa/faa_registry/ENGINE.txt
27035,FRANKLIN,2AL-112-A2,1,faa/faa_registry/ENGINE.txt
27021,FRANKLIN,4A225 SERIES,1,faa/faa_registry/ENGINE.txt
27011,FRANKLIN,4A235 SERIES,1,faa/faa_registry/ENGINE.txt
27014,FRANKLIN,4A4100 SERIES,1,faa/faa_registry/ENGINE.txt
27045,FRANKLIN,4AC-176-B2,1,faa/faa_registry/ENGINE.txt
27046,FRANKLIN,4AC-176-B3,1,faa/faa_registry/ENGINE.txt
27047,FRANKLIN,4AC-176-BA2,1,faa/faa_registry/ENGINE.txt
27048,FRANKLIN,4AC-176-BA3,1,faa/faa_registry/ENGINE.txt
27049,FRANKLIN,4AC-176-C2,1,faa/faa_registry/ENGINE.txt
27050,FRANKLIN,4AC-176-C3,1,faa/faa_registry/ENGINE.txt
27051,FRANKLIN,4AC-176-D2,1,faa/faa_registry/ENGINE.txt
27052,FRANKLIN,4AC-176-D3,1,faa/faa_registry/ENGINE.txt
27053,FRANKLIN,4AC-176-F2,1,faa/faa_registry/ENGINE.txt
27054,FRANKLIN,4AC-176-F3,1,faa/faa_registry/ENGINE.txt
27022,FRANKLIN,4AC-199B3,1,faa/faa_registry/ENGINE.txt
27019,FRANKLIN,4AC-199D2,1,faa/faa_registry/ENGINE.txt
27028|27031,FRANKLIN,4AC-199D3,1,faa/faa_registry/ENGINE.txt
27029,FRANKLIN,4AC-199E2,1,faa/faa_registry/ENGINE.txt
27018,FRANKLIN,4AC-A199B2,1,faa/faa_registry/ENGINE.txt
27002,FRANKLIN,4AC150-40,1,faa/faa_registry/ENGINE.txt
27003,FRANKLIN,4AC150-50,1,faa/faa_registry/ENGINE.txt
27004,FRANKLIN,4AC150-A,1,faa/faa_registry/ENGINE.txt
27005,FRANKLIN,4AC171,1,faa/faa_registry/ENGINE.txt
27006,FRANKLIN,4AC176B SER,1,faa/faa_registry/ENGINE.txt
27007,FRANKLIN,4AC176C-D-F,1,faa/faa_registry/ENGINE.txt
27008,FRANKLIN,4AC199B SER,1,faa/faa_registry/ENGINE.txt
27009,FRANKLIN,4AC199D&E SER,1,faa/faa_registry/ENGINE.txt
27032,FRANKLIN,4AC3-199HE,1,faa/faa_registry/ENGINE.txt
27010,FRANKLIN,4ACG199H3,1,faa/faa_registry/ENGINE.txt
27020,FRANKLIN,6A&6V335 SER,1,faa/faa_registry/ENGINE.txt
27069,FRANKLIN,6A-335-B1,1,faa/faa_registry/ENGINE.txt
27042,FRANKLIN,6A-350-C1,1,faa/faa_registry/ENGINE.txt
27071,FRANKLIN,6A-350-C2,1,faa/faa_registry/ENGINE.txt
27023,FRANKLIN,6A-350SER,1,faa/faa_registry/ENGINE.txt
27024,FRANKLIN,6A4150 SERIES,1,faa/faa_registry/ENGINE.txt
27025,FRANKLIN,6A4165 SERIES,1,faa/faa_registry/ENGINE.txt
27027,FRANKLIN,6A4200 SERIES,1,faa/faa_registry/ENGINE.txt
27030,FRANKLIN,6A8 SERIES,1,faa/faa_registry/ENGINE.txt
27067,FRANKLIN,6AC-264-D2,1,faa/faa_registry/ENGINE.txt
27068,FRANKLIN,6AC-264-D3,1,faa/faa_registry/ENGINE.txt
27066,FRANKLIN,6AC-264-F3,1,faa/faa_registry/ENGINE.txt
27055,FRANKLIN,6AC-298-D2,1,faa/faa_registry/ENGINE.txt
27056,FRANKLIN,6AC-298-D3,1,faa/faa_registry/ENGINE.txt
27057,FRANKLIN,6AC-298-E2,1,faa/faa_registry/ENGINE.txt
27058,FRANKLIN,6AC-298-E3,1,faa/faa_registry/ENGINE.txt
27059,FRANKLIN,6AC-298-F2,1,faa/faa_registry/ENGINE.txt
27060,FRANKLIN,6AC-298-F3,1,faa/faa_registry/ENGINE.txt
27015,FRANKLIN,6AC264 SERIES,1,faa/faa_registry/ENGINE.txt
27016,FRANKLIN,6AC298 SERIES,1,faa/faa_registry/ENGINE.txt
27062,FRANKLIN,6ACT-298-J4,1,faa/faa_registry/ENGINE.txt
27063,FRANKLIN,6ACT-298-J5,1,faa/faa_registry/ENGINE.txt
27064,FRANKLIN,6ACT-298-M4,1,faa/faa_registry/ENGINE.txt
27017,FRANKLIN,6ACT298 SER,1,faa/faa_registry/ENGINE.txt
27026,FRANKLIN,6AG4185 SER,1,faa/faa_registry/ENGINE.txt
27043,FRANKLIN,6V 350 SERIES,1,faa/faa_registry/ENGINE.txt
27039,FRANKLIN,6V-335 SERIES,1,faa/faa_registry/ENGINE.txt
27061,FRANKLIN,6V-335-A,1,faa/faa_registry/ENGINE.txt
27033,FRANKLIN,6V4 SERIES,1,faa/faa_registry/ENGINE.txt
27036,FRANKLIN,6V6 SERIES,1,faa/faa_registry/ENGINE.txt
27038,FRANKLIN,6V6-245-B16F,1,faa/faa_registry/ENGINE.txt
27040,FRANKLIN,6VS-335 SER,1,faa/faa_registry/ENGINE.txt
27070,FRANKLIN,O-335,1,faa/faa_registry/ENGINE.txt
27013,FRANKLIN,SPORT 4B1SER,1,faa/faa_registry/ENGINE.txt
28001,FUNK,FUNK E,1,faa/faa_registry/ENGINE.txt
31100,G & N,IO-320-GNX,1,faa/faa_registry/ENGINE.txt
29002,GARRETT,ATF 3 SERIES,4,faa/faa_registry/ENGINE.txt
29084,GARRETT,ATF3-6,5,faa/faa_registry/ENGINE.txt
29085,GARRETT,ATF3-6A,5,faa/faa_registry/ENGINE.txt
29117,GARRETT,T-76,2,faa/faa_registry/ENGINE.txt
29001,GARRETT,TFE731 SERIES,5,faa/faa_registry/ENGINE.txt
29086,GARRETT,TFE731-2,5,faa/faa_registry/ENGINE.txt
29119,GARRETT,TFE731-2-1C,5,faa/faa_registry/ENGINE.txt
29116,GARRETT,TFE731-2-2B,5,faa/faa_registry/ENGINE.txt
29087,GARRETT,TFE731-2A,5,faa/faa_registry/ENGINE.txt
29088,GARRETT,TFE731-2B,5,faa/faa_registry/ENGINE.txt
29090,GARRETT,TFE731-2BR,5,faa/faa_registry/ENGINE.txt
29091,GARRETT,TFE731-2C,5,faa/faa_registry/ENGINE.txt
29092,GARRETT,TFE731-3,5,faa/faa_registry/ENGINE.txt
29094,GARRETT,TFE731-3A,5,faa/faa_registry/ENGINE.txt
29095,GARRETT,TFE731-3AR,5,faa/faa_registry/ENGINE.txt
29096,GARRETT,TFE731-3B,5,faa/faa_registry/ENGINE.txt
29097,GARRETT,TFE731-3BR,5,faa/faa_registry/ENGINE.txt
29098,GARRETT,TFE731-3C,5,faa/faa_registry/ENGINE.txt
29099,GARRETT,TFE731-3CR,5,faa/faa_registry/ENGINE.txt
29100,GARRETT,TFE731-3D,5,faa/faa_registry/ENGINE.txt
29101,GARRETT,TFE731-3DR,5,faa/faa_registry/ENGINE.txt
29093,GARRETT,TFE731-3R,5,faa/faa_registry/ENGINE.txt
29102,GARRETT,TFE731-4,5,faa/faa_registry/ENGINE.txt
29103,GARRETT,TFE731-4R,5,faa/faa_registry/ENGINE.txt
29104,GARRETT,TFE731-5,5,faa/faa_registry/ENGINE.txt
29105,GARRETT,TFE731-5A,5,faa/faa_registry/ENGINE.txt
29106,GARRETT,TFE731-5AR,5,faa/faa_registry/ENGINE.txt
29107,GARRETT,TFE731-5B,5,faa/faa_registry/ENGINE.txt
29108,GARRETT,TFE731-5BR,5,faa/faa_registry/ENGINE.txt
29109,GARRETT,TFE731-5R,5,faa/faa_registry/ENGINE.txt
29068,GARRETT,TPE-331-10UG,2,faa/faa_registry/ENGINE.txt
29030,GARRETT,TPE331-1,1,faa/faa_registry/ENGINE.txt
29053,GARRETT,TPE331-10,2,faa/faa_registry/ENGINE.txt
29118,GARRETT,TPE331-10 SER,2,faa/faa_registry/ENGINE.txt
29054,GARRETT,TPE331-10A,2,faa/faa_registry/ENGINE.txt
29055,GARRETT,TPE331-10AV,2,faa/faa_registry/ENGINE.txt
29056,GARRETT,TPE331-10B,2,faa/faa_registry/ENGINE.txt
29057,GARRETT,TPE331-10G,2,faa/faa_registry/ENGINE.txt
29058,GARRETT,TPE331-10GP,2,faa/faa_registry/ENGINE.txt
29059,GARRETT,TPE331-10GR,2,faa/faa_registry/ENGINE.txt
29060,GARRETT,TPE331-10GT,2,faa/faa_registry/ENGINE.txt
29061,GARRETT,TPE331-10J,2,faa/faa_registry/ENGINE.txt
29062,GARRETT,TPE331-10N,2,faa/faa_registry/ENGINE.txt
29063,GARRETT,TPE331-10P,2,faa/faa_registry/ENGINE.txt
29064,GARRETT,TPE331-10R,2,faa/faa_registry/ENGINE.txt
29065,GARRETT,TPE331-10T,2,faa/faa_registry/ENGINE.txt
29066,GARRETT,TPE331-10U,2,faa/faa_registry/ENGINE.txt
29040,GARRETT,TPE331-10UA,2,faa/faa_registry/ENGINE.txt
29067,GARRETT,TPE331-10UF,2,faa/faa_registry/ENGINE.txt
29069,GARRETT,TPE331-10UGR,2,faa/faa_registry/ENGINE.txt
29070,GARRETT,TPE331-10UJ,2,faa/faa_registry/ENGINE.txt
29071,GARRETT,TPE331-10UK,2,faa/faa_registry/ENGINE.txt
29072,GARRETT,TPE331-10UR,2,faa/faa_registry/ENGINE.txt
29073,GARRETT,TPE331-11U,2,faa/faa_registry/ENGINE.txt
29074,GARRETT,TPE331-11UA,2,faa/faa_registry/ENGINE.txt
29075,GARRETT,TPE331-12,2,faa/faa_registry/ENGINE.txt
29076,GARRETT,TPE331-12B,2,faa/faa_registry/ENGINE.txt
29077,GARRETT,TPE331-12JR,2,faa/faa_registry/ENGINE.txt
29078,GARRETT,TPE331-12UA,2,faa/faa_registry/ENGINE.txt
29089,GARRETT,TPE331-12UAR,2,faa/faa_registry/ENGINE.txt
29080,GARRETT,TPE331-12UER,2,faa/faa_registry/ENGINE.txt
29081,GARRETT,TPE331-12UHR,2,faa/faa_registry/ENGINE.txt
29110,GARRETT,TPE331-14A,2,faa/faa_registry/ENGINE.txt
29111,GARRETT,TPE331-14B,2,faa/faa_registry/ENGINE.txt
29112,GARRETT,TPE331-14F,2,faa/faa_registry/ENGINE.txt
29113,GARRETT,TPE331-14GR,2,faa/faa_registry/ENGINE.txt
29114,GARRETT,TPE331-14HR,2,faa/faa_registry/ENGINE.txt
29115,GARRETT,TPE331-15AW,2,faa/faa_registry/ENGINE.txt
29031,GARRETT,TPE331-1U,2,faa/faa_registry/ENGINE.txt
29032,GARRETT,TPE331-1UA,2,faa/faa_registry/ENGINE.txt
29033,GARRETT,TPE331-2,2,faa/faa_registry/ENGINE.txt
29003,GARRETT,TPE331-25A,2,faa/faa_registry/ENGINE.txt
29004,GARRETT,TPE331-25AA,2,faa/faa_registry/ENGINE.txt
29005,GARRETT,TPE331-25AB,2,faa/faa_registry/ENGINE.txt
29006,GARRETT,TPE331-25B,2,faa/faa_registry/ENGINE.txt
29007,GARRETT,TPE331-25C,2,faa/faa_registry/ENGINE.txt
29008,GARRETT,TPE331-25D,2,faa/faa_registry/ENGINE.txt
29009,GARRETT,TPE331-25DA,2,faa/faa_registry/ENGINE.txt
29010,GARRETT,TPE331-25DB,2,faa/faa_registry/ENGINE.txt
29011,GARRETT,TPE331-25E,2,faa/faa_registry/ENGINE.txt
29012,GARRETT,TPE331-25F,2,faa/faa_registry/ENGINE.txt
29013,GARRETT,TPE331-25FA,2,faa/faa_registry/ENGINE.txt
29014,GARRETT,TPE331-29A,2,faa/faa_registry/ENGINE.txt
29034,GARRETT,TPE331-2U,2,faa/faa_registry/ENGINE.txt
29035,GARRETT,TPE331-2UA,2,faa/faa_registry/ENGINE.txt
29036,GARRETT,TPE331-3,2,faa/faa_registry/ENGINE.txt
29037,GARRETT,TPE331-3U,2,faa/faa_registry/ENGINE.txt
29038,GARRETT,TPE331-3UW,2,faa/faa_registry/ENGINE.txt
29039,GARRETT,TPE331-3W,2,faa/faa_registry/ENGINE.txt
29015,GARRETT,TPE331-43,2,faa/faa_registry/ENGINE.txt
29016,GARRETT,TPE331-43-A,2,faa/faa_registry/ENGINE.txt
29017,GARRETT,TPE331-43-B,2,faa/faa_registry/ENGINE.txt
29018,GARRETT,TPE331-45,2,faa/faa_registry/ENGINE.txt
29019,GARRETT,TPE331-47,2,faa/faa_registry/ENGINE.txt
29020,GARRETT,TPE331-47-A,2,faa/faa_registry/ENGINE.txt
29021,GARRETT,TPE331-47-B,2,faa/faa_registry/ENGINE.txt
29041,GARRETT,TPE331-5,2,faa/faa_registry/ENGINE.txt
29022,GARRETT,TPE331-51,2,faa/faa_registry/ENGINE.txt
29023,GARRETT,TPE331-55,2,faa/faa_registry/ENGINE.txt
29024,GARRETT,TPE331-55-A,2,faa/faa_registry/ENGINE.txt
29025,GARRETT,TPE331-55-B,2,faa/faa_registry/ENGINE.txt
29026,GARRETT,TPE331-57,2,faa/faa_registry/ENGINE.txt
29027,GARRETT,TPE331-57-B,2,faa/faa_registry/ENGINE.txt
29042,GARRETT,TPE331-5A,2,faa/faa_registry/ENGINE.txt
29043,GARRETT,TPE331-5AB,2,faa/faa_registry/ENGINE.txt
29044,GARRETT,TPE331-5B,2,faa/faa_registry/ENGINE.txt
29045,GARRETT,TPE331-5U,2,faa/faa_registry/ENGINE.txt
29046,GARRETT,TPE331-6,2,faa/faa_registry/ENGINE.txt
29079,GARRETT,TPE331-6-252B,2,faa/faa_registry/ENGINE.txt
29028,GARRETT,TPE331-61,2,faa/faa_registry/ENGINE.txt
29029,GARRETT,TPE331-61-A,2,faa/faa_registry/ENGINE.txt
29047,GARRETT,TPE331-6A,2,faa/faa_registry/ENGINE.txt
29048,GARRETT,TPE331-6U,2,faa/faa_registry/ENGINE.txt
29049,GARRETT,TPE331-8,2,faa/faa_registry/ENGINE.txt
29050,GARRETT,TPE331-8A,2,faa/faa_registry/ENGINE.txt
29051,GARRETT,TPE331-9,2,faa/faa_registry/ENGINE.txt
29052,GARRETT,TPE331-9U,2,faa/faa_registry/ENGINE.txt
29120,GARRETT,TSE331-10UA,3,faa/faa_registry/ENGINE.txt
29082,GARRETT,TSE331-3U,3,faa/faa_registry/ENGINE.txt
29083,GARRETT,TSE36-1,3,faa/faa_registry/ENGINE.txt
30240,GE,1300-CS1A,2,faa/faa_registry/ENGINE.txt
30032,GE,700-2D-2,4,faa/faa_registry/ENGINE.txt
30033,GE,CF-34-1A,5,faa/faa_registry/ENGINE.txt
30015,GE,CF34 SERIES,5,faa/faa_registry/ENGINE.txt
30021,GE,CF34-10E5,5,faa/faa_registry/ENGINE.txt
30022,GE,CF34-10E5A1,5,faa/faa_registry/ENGINE.txt
30023,GE,CF34-10E6,5,faa/faa_registry/ENGINE.txt
30024,GE,CF34-10E6A1,5,faa/faa_registry/ENGINE.txt
30164,GE,CF34-10E7 SER,5,faa/faa_registry/ENGINE.txt
30166,GE,CF34-3,5,faa/faa_registry/ENGINE.txt
30066,GE,CF34-3A,5,faa/faa_registry/ENGINE.txt
30068,GE,CF34-3A1,5,faa/faa_registry/ENGINE.txt
30067,GE,CF34-3A2,5,faa/faa_registry/ENGINE.txt
30069,GE,CF34-3B,5,faa/faa_registry/ENGINE.txt
30070,GE,CF34-3B1,5,faa/faa_registry/ENGINE.txt
30049,GE,CF34-8C1,5,faa/faa_registry/ENGINE.txt
30050,GE,CF34-8C5,5,faa/faa_registry/ENGINE.txt
30051,GE,CF34-8C5A1,5,faa/faa_registry/ENGINE.txt
30053,GE,CF34-8C5A2,5,faa/faa_registry/ENGINE.txt
30054,GE,CF34-8C5A3,5,faa/faa_registry/ENGINE.txt
30052,GE,CF34-8C5B1,5,faa/faa_registry/ENGINE.txt
30055,GE,CF34-8D1,5,faa/faa_registry/ENGINE.txt
30056,GE,CF34-8D3,5,faa/faa_registry/ENGINE.txt
30057,GE,CF34-8D5,5,faa/faa_registry/ENGINE.txt
30058,GE,CF34-8D6,5,faa/faa_registry/ENGINE.txt
30059,GE,CF34-8E2,5,faa/faa_registry/ENGINE.txt
30060,GE,CF34-8E2A1,5,faa/faa_registry/ENGINE.txt
30061,GE,CF34-8E5,5,faa/faa_registry/ENGINE.txt
30062,GE,CF34-8E5A1,5,faa/faa_registry/ENGINE.txt
30063,GE,CF34-8E5A2,5,faa/faa_registry/ENGINE.txt
30064,GE,CF34-8E6,5,faa/faa_registry/ENGINE.txt
30065,GE,CF34-8E6A1,5,faa/faa_registry/ENGINE.txt
30092,GE,CF6-45A,5,faa/faa_registry/ENGINE.txt
30017,GE,CF6-45A2,5,faa/faa_registry/ENGINE.txt
30018,GE,CF6-50 SER,5,faa/faa_registry/ENGINE.txt
30081,GE,CF6-50A,5,faa/faa_registry/ENGINE.txt
30082,GE,CF6-50C,5,faa/faa_registry/ENGINE.txt
30084,GE,CF6-50C1,5,faa/faa_registry/ENGINE.txt
30085,GE,CF6-50C2,5,faa/faa_registry/ENGINE.txt
30090,GE,CF6-50C2B,5,faa/faa_registry/ENGINE.txt
30086,GE,CF6-50C2D,5,faa/faa_registry/ENGINE.txt
30083,GE,CF6-50CA,5,faa/faa_registry/ENGINE.txt
30087,GE,CF6-50E,5,faa/faa_registry/ENGINE.txt
30088,GE,CF6-50E1,5,faa/faa_registry/ENGINE.txt
30089,GE,CF6-50E2,5,faa/faa_registry/ENGINE.txt
30091,GE,CF6-50E2B,5,faa/faa_registry/ENGINE.txt
30020,GE,CF6-6,5,faa/faa_registry/ENGINE.txt
30076,GE,CF6-6D,5,faa/faa_registry/ENGINE.txt
30077,GE,CF6-6D1,5,faa/faa_registry/ENGINE.txt
30078,GE,CF6-6D1A,5,faa/faa_registry/ENGINE.txt
30079,GE,CF6-6K,5,faa/faa_registry/ENGINE.txt
30080,GE,CF6-6K2,5,faa/faa_registry/ENGINE.txt
30025,GE,CF6-80 SERIES,5,faa/faa_registry/ENGINE.txt
30093,GE,CF6-80A,5,faa/faa_registry/ENGINE.txt
30094,GE,CF6-80A1,5,faa/faa_registry/ENGINE.txt
30095,GE,CF6-80A2,5,faa/faa_registry/ENGINE.txt
30096,GE,CF6-80A3,5,faa/faa_registry/ENGINE.txt
30097,GE,CF6-80C2A1,5,faa/faa_registry/ENGINE.txt
30098,GE,CF6-80C2A2,5,faa/faa_registry/ENGINE.txt
30101,GE,CF6-80C2A3,5,faa/faa_registry/ENGINE.txt
30104,GE,CF6-80C2A5,5,faa/faa_registry/ENGINE.txt
30113,GE,CF6-80C2A5F,5,faa/faa_registry/ENGINE.txt
30105,GE,CF6-80C2A8,5,faa/faa_registry/ENGINE.txt
30099,GE,CF6-80C2B1,5,faa/faa_registry/ENGINE.txt
30106,GE,CF6-80C2B1F,5,faa/faa_registry/ENGINE.txt
30111,GE,CF6-80C2B1F1,5,faa/faa_registry/ENGINE.txt
30115,GE,CF6-80C2B1F2,5,faa/faa_registry/ENGINE.txt
30102,GE,CF6-80C2B2,5,faa/faa_registry/ENGINE.txt
30107,GE,CF6-80C2B2F,5,faa/faa_registry/ENGINE.txt
30112,GE,CF6-80C2B3F,5,faa/faa_registry/ENGINE.txt
30100,GE,CF6-80C2B4,5,faa/faa_registry/ENGINE.txt
30108,GE,CF6-80C2B4F,5,faa/faa_registry/ENGINE.txt
30117,GE,CF6-80C2B5F,5,faa/faa_registry/ENGINE.txt
30103,GE,CF6-80C2B6,5,faa/faa_registry/ENGINE.txt
30109,GE,CF6-80C2B6F,5,faa/faa_registry/ENGINE.txt
30116,GE,CF6-80C2B6FA,5,faa/faa_registry/ENGINE.txt
30114,GE,CF6-80C2B7F,5,faa/faa_registry/ENGINE.txt
30118,GE,CF6-80C2B8F,5,faa/faa_registry/ENGINE.txt
30110,GE,CF6-80C2D1F,5,faa/faa_registry/ENGINE.txt
30119,GE,CF6-80C2L1F,5,faa/faa_registry/ENGINE.txt
30071,GE,CF6-80E1A1,5,faa/faa_registry/ENGINE.txt
30072,GE,CF6-80E1A2,5,faa/faa_registry/ENGINE.txt
30074,GE,CF6-80E1A3,5,faa/faa_registry/ENGINE.txt
30073,GE,CF6-80E1A4,5,faa/faa_registry/ENGINE.txt
30075,GE,CF6-80E1A4/B,5,faa/faa_registry/ENGINE.txt
30010,GE,CF700 SERIES,5,faa/faa_registry/ENGINE.txt
30026,GE,CF700-2C,5,faa/faa_registry/ENGINE.txt
30027,GE,CF700-2D,5,faa/faa_registry/ENGINE.txt
30028,GE,CF700-2D-2,5,faa/faa_registry/ENGINE.txt
30016,GE,CFM56 SERIES,5,faa/faa_registry/ENGINE.txt
30034,GE,CJ-610-4,4,faa/faa_registry/ENGINE.txt
30035,GE,CJ-610-8A,4,faa/faa_registry/ENGINE.txt
30120,GE,CJ610-1,4,faa/faa_registry/ENGINE.txt
30121,GE,CJ610-5,4,faa/faa_registry/ENGINE.txt
30013,GE,CJ610-5&6,4,faa/faa_registry/ENGINE.txt
30122,GE,CJ610-6,4,faa/faa_registry/ENGINE.txt
30123,GE,CJ610-8,4,faa/faa_registry/ENGINE.txt
30014,GE,CJ610-8&9,4,faa/faa_registry/ENGINE.txt
30124,GE,CJ610-9,4,faa/faa_registry/ENGINE.txt
30006,GE,CJ610-SER,4,faa/faa_registry/ENGINE.txt
30005,GE,CJ805-23,4,faa/faa_registry/ENGINE.txt
30039,GE,CJ805-23B,4,faa/faa_registry/ENGINE.txt
30041,GE,CJ805-23C,4,faa/faa_registry/ENGINE.txt
30004,GE,CJ805-3,4,faa/faa_registry/ENGINE.txt
30037,GE,CJ805-3A,4,faa/faa_registry/ENGINE.txt
30038,GE,CJ805-3B,4,faa/faa_registry/ENGINE.txt
30001,GE,CT58,3,faa/faa_registry/ENGINE.txt
30011,GE,CT58 SERIES,3,faa/faa_registry/ENGINE.txt
30125,GE,CT58-100-2,3,faa/faa_registry/ENGINE.txt
30126,GE,CT58-110-1,3,faa/faa_registry/ENGINE.txt
30127,GE,CT58-110-2,3,faa/faa_registry/ENGINE.txt
30128,GE,CT58-140-1,3,faa/faa_registry/ENGINE.txt
30129,GE,CT58-140-2,3,faa/faa_registry/ENGINE.txt
30019,GE,CT64-820-4,2,faa/faa_registry/ENGINE.txt
30158,GE,CT7,3,faa/faa_registry/ENGINE.txt
30030,GE,CT7 SERIES,3,faa/faa_registry/ENGINE.txt
30184,GE,CT7-2A,3,faa/faa_registry/ENGINE.txt
30131,GE,CT7-2D,3,faa/faa_registry/ENGINE.txt
30132,GE,CT7-2D1,3,faa/faa_registry/ENGINE.txt
30144,GE,CT7-5A2,2,faa/faa_registry/ENGINE.txt
30145,GE,CT7-5A3,2,faa/faa_registry/ENGINE.txt
30133,GE,CT7-6,3,faa/faa_registry/ENGINE.txt
30134,GE,CT7-6A,3,faa/faa_registry/ENGINE.txt
30146,GE,CT7-7A,2,faa/faa_registry/ENGINE.txt
30147,GE,CT7-7A1,2,faa/faa_registry/ENGINE.txt
30135,GE,CT7-8,3,faa/faa_registry/ENGINE.txt
30136,GE,CT7-8A,3,faa/faa_registry/ENGINE.txt
30137,GE,CT7-8A5,3,faa/faa_registry/ENGINE.txt
30183,GE,CT7-8A7,3,faa/faa_registry/ENGINE.txt
30138,GE,CT7-8B,3,faa/faa_registry/ENGINE.txt
30139,GE,CT7-8B5,3,faa/faa_registry/ENGINE.txt
30140,GE,CT7-8E,3,faa/faa_registry/ENGINE.txt
30141,GE,CT7-8E5,3,faa/faa_registry/ENGINE.txt
30142,GE,CT7-8F,3,faa/faa_registry/ENGINE.txt
30143,GE,CT7-8F5,3,faa/faa_registry/ENGINE.txt
30148,GE,CT7-9B,2,faa/faa_registry/ENGINE.txt
30151,GE,CT7-9B1,2,faa/faa_registry/ENGINE.txt
30152,GE,CT7-9B2,2,faa/faa_registry/ENGINE.txt
30149,GE,CT7-9C,2,faa/faa_registry/ENGINE.txt
30150,GE,CT7-9C3,2,faa/faa_registry/ENGINE.txt
30153,GE,CT7-9D,2,faa/faa_registry/ENGINE.txt
30154,GE,CT7-9D2,2,faa/faa_registry/ENGINE.txt
30031,GE,CT7-SER,2,faa/faa_registry/ENGINE.txt
30130,GE,CT7A-2A,3,faa/faa_registry/ENGINE.txt
30185,GE,F-404-GE-102,5,faa/faa_registry/ENGINE.txt
30186,GE,F-404-GE-102B,5,faa/faa_registry/ENGINE.txt
30188,GE,F110-GE-129E,5,faa/faa_registry/ENGINE.txt
30187,GE,F404-GE-102D,5,faa/faa_registry/ENGINE.txt
30195,GE,GE PASSPORT20,5,faa/faa_registry/ENGINE.txt
30201,GE,GE90 SERIES,5,faa/faa_registry/ENGINE.txt
30046,GE,GE90-110B1,5,faa/faa_registry/ENGINE.txt
30047,GE,GE90-113B,5,faa/faa_registry/ENGINE.txt
30048,GE,GE90-115B,5,faa/faa_registry/ENGINE.txt
30042,GE,GE90-76B,5,faa/faa_registry/ENGINE.txt
30043,GE,GE90-77B,5,faa/faa_registry/ENGINE.txt
30044,GE,GE90-85B,5,faa/faa_registry/ENGINE.txt
30036,GE,GE90-90B,5,faa/faa_registry/ENGINE.txt
30045,GE,GE90-94B,5,faa/faa_registry/ENGINE.txt
30205,GE,GE9X SERIES,5,faa/faa_registry/ENGINE.txt
30163,GE,GENX SERIES,5,faa/faa_registry/ENGINE.txt
30210,GE,GENX-1B54,5,faa/faa_registry/ENGINE.txt
30215,GE,GENX-1B54/P1,5,faa/faa_registry/ENGINE.txt
30224,GE,GENX-1B54/P2,5,faa/faa_registry/ENGINE.txt
30211,GE,GENX-1B58,5,faa/faa_registry/ENGINE.txt
30216,GE,GENX-1B58/P1,5,faa/faa_registry/ENGINE.txt
30225,GE,GENX-1B58/P2,5,faa/faa_registry/ENGINE.txt
30212,GE,GENX-1B64,5,faa/faa_registry/ENGINE.txt
30217,GE,GENX-1B64/P1,5,faa/faa_registry/ENGINE.txt
30226,GE,GENX-1B64/P2,5,faa/faa_registry/ENGINE.txt
30213,GE,GENX-1B67,5,faa/faa_registry/ENGINE.txt
30218,GE,GENX-1B67/P1,5,faa/faa_registry/ENGINE.txt
30227,GE,GENX-1B67/P2,5,faa/faa_registry/ENGINE.txt
30214,GE,GENX-1B70,5,faa/faa_registry/ENGINE.txt
30220,GE,GENX-1B70/72/,5,faa/faa_registry/ENGINE.txt
30221,GE,GENX-1B70/75/,5,faa/faa_registry/ENGINE.txt
30219,GE,GENX-1B70/P1,5,faa/faa_registry/ENGINE.txt
30228,GE,GENX-1B70/P2,5,faa/faa_registry/ENGINE.txt
30222,GE,GENX-1B74/75/,5,faa/faa_registry/ENGINE.txt
30223,GE,GENX-1B75/P1,5,faa/faa_registry/ENGINE.txt
30232,GE,GENX-1B75/P2,5,faa/faa_registry/ENGINE.txt
30238,GE,GENX-1B76/P2,5,faa/faa_registry/ENGINE.txt
30231,GE,GENX-1B76A/P2,5,faa/faa_registry/ENGINE.txt
30233,GE,GENX-1B78/P2,5,faa/faa_registry/ENGINE.txt
30234,GE,GENX-2B67,5,faa/faa_registry/ENGINE.txt
30235,GE,GENX-2B67/P,5,faa/faa_registry/ENGINE.txt
30165,GE,GENX-2B67B,5,faa/faa_registry/ENGINE.txt
30182,GE,H75-200,2,faa/faa_registry/ENGINE.txt
31132,GE,J-79-15A,4,faa/faa_registry/ENGINE.txt
30009,GE,J47 SERIES,4,faa/faa_registry/ENGINE.txt
30189,GE,J79-11B,4,faa/faa_registry/ENGINE.txt
30161,GE,J79-J1E,4,faa/faa_registry/ENGINE.txt
30199,GE,J85 SER,4,faa/faa_registry/ENGINE.txt
30191,GE,J85-17A,4,faa/faa_registry/ENGINE.txt
30242,GE,J85-21C,4,faa/faa_registry/ENGINE.txt
30162,GE,J85-5H,4,faa/faa_registry/ENGINE.txt
30002,GE,J85-GE-5A,4,faa/faa_registry/ENGINE.txt
30007,GE,JT79 SERIES,4,faa/faa_registry/ENGINE.txt
30243,GE,PASSPORT 20,5,faa/faa_registry/ENGINE.txt
31532,GE,PASSPRT 20-19,5,faa/faa_registry/ENGINE.txt
30008,GE,T58 SERIES,3,faa/faa_registry/ENGINE.txt
30156,GE,T58-GE-402,3,faa/faa_registry/ENGINE.txt
30167,GE,T58-GE-8B,3,faa/faa_registry/ENGINE.txt
30012,GE,T64-GE-10,3,faa/faa_registry/ENGINE.txt
30159,GE,T64-GE-413,3,faa/faa_registry/ENGINE.txt
30160,GE,T64-GE-416,3,faa/faa_registry/ENGINE.txt
30179,GE,T64-GE-419,3,faa/faa_registry/ENGINE.txt
30029,GE,T700 SERIES,3,faa/faa_registry/ENGINE.txt
30157,GE,T700-GE-401C,3,faa/faa_registry/ENGINE.txt
30168,GE,T700-GE-700,3,faa/faa_registry/ENGINE.txt
30169,GE,T700-GE-701,3,faa/faa_registry/ENGINE.txt
30239,GE,T700-GE-701C,3,faa/faa_registry/ENGINE.txt
30155,GE,T700-GE-701D,3,faa/faa_registry/ENGINE.txt
30241,GE,T701 SERIES,3,faa/faa_registry/ENGINE.txt
30003,GE,TG190B,4,faa/faa_registry/ENGINE.txt
30040,GE,YF-120,5,faa/faa_registry/ENGINE.txt
30190,GE,YT706-GE-700,3,faa/faa_registry/ENGINE.txt
30177,GE AV,H80,2,faa/faa_registry/ENGINE.txt
30170,GE AV,H80-100,2,faa/faa_registry/ENGINE.txt
30178,GE AV,H80-200,2,faa/faa_registry/ENGINE.txt
30176,GE AV,M601D-11,2,faa/faa_registry/ENGINE.txt
30171,GE AV,M601E-11,2,faa/faa_registry/ENGINE.txt
30173,GE AV,M601E-11A,2,faa/faa_registry/ENGINE.txt
30174,GE AV,M601E-11AS,2,faa/faa_registry/ENGINE.txt
30172,GE AV,M601E-11S,2,faa/faa_registry/ENGINE.txt
30175,GE AV,M601F,2,faa/faa_registry/ENGINE.txt
30180,GE AVN CZ,H75-100,2,faa/faa_registry/ENGINE.txt
30200,GE HONDA,HF-120,5,faa/faa_registry/ENGINE.txt
31002,GEIGER,HPD12,10,faa/faa_registry/ENGINE.txt
31001,GEIGER,HPD16,10,faa/faa_registry/ENGINE.txt
64507,GEORGE OLS,40,1,faa/faa_registry/ENGINE.txt
64508,GEORGE OLS,50,1,faa/faa_registry/ENGINE.txt
30204,GESCHWENDE,GFV-8-3,1,faa/faa_registry/ENGINE.txt
30801,GLADDEN,B-5,1,faa/faa_registry/ENGINE.txt
30802,GLADDEN,B-54,1,faa/faa_registry/ENGINE.txt
30800,GLADDEN,C-5,1,faa/faa_registry/ENGINE.txt
30803,GLADDEN,R-440-1,1,faa/faa_registry/ENGINE.txt
30804,GLADDEN,R-440-3,1,faa/faa_registry/ENGINE.txt
30809,GLADDEN,R-5 SERIES 2,1,faa/faa_registry/ENGINE.txt
30807,GLADDEN,R-540-1,1,faa/faa_registry/ENGINE.txt
30808,GLADDEN,R-540-2,1,faa/faa_registry/ENGINE.txt
30805,GLADDEN,R-55,1,faa/faa_registry/ENGINE.txt
30806,GLADDEN,R-56,1,faa/faa_registry/ENGINE.txt
30904,GM,CORVAIR,1,faa/faa_registry/ENGINE.txt
30900,GM,ECO TEC 2.4L,1,faa/faa_registry/ENGINE.txt
30901,GM,LS1,1,faa/faa_registry/ENGINE.txt
30905,GM,LS3,1,faa/faa_registry/ENGINE.txt
30906,GM,LS376,1,faa/faa_registry/ENGINE.txt
30902,GM,LS6,1,faa/faa_registry/ENGINE.txt
31004,GNOME,ROTARY,1,faa/faa_registry/ENGINE.txt
31501,GREATPLAIN,2180CC VW,1,faa/faa_registry/ENGINE.txt
31503,GREATPLAIN,2276CC,1,faa/faa_registry/ENGINE.txt
31502,GREATPLAIN,2276GP,1,faa/faa_registry/ENGINE.txt
31500,GREATPLAIN,GREATPLAIN VW,1,faa/faa_registry/ENGINE.txt
31600,GROB,2500 E 1,1,faa/faa_registry/ENGINE.txt
31701,GULF COAST,W670240,1,faa/faa_registry/ENGINE.txt
36440,HACKER,A60-18L,10,faa/faa_registry/ENGINE.txt
36441,HACKER,Q150 SERIES,10,faa/faa_registry/ENGINE.txt
36442,HACKER,Q80-7M V2,10,faa/faa_registry/ENGINE.txt
31801,HAPI,60,8,faa/faa_registry/ENGINE.txt
31898,HARLEY DAV,TWIN CAM 88B,1,faa/faa_registry/ENGINE.txt
32501,HEATH AVN,B4,1,faa/faa_registry/ENGINE.txt
32510,HERBRANDSE,DYAD-370 SERI,7,faa/faa_registry/ENGINE.txt
33501,HILLER,8RJ2B,1,faa/faa_registry/ENGINE.txt
33729,HIRTH,2701,1,faa/faa_registry/ENGINE.txt
33735,HIRTH,2702,7,faa/faa_registry/ENGINE.txt
33723,HIRTH,2703,7,faa/faa_registry/ENGINE.txt
33704,HIRTH,2704,7,faa/faa_registry/ENGINE.txt
33736,HIRTH,2705,7,faa/faa_registry/ENGINE.txt
33703|33732,HIRTH,2706,7,faa/faa_registry/ENGINE.txt
33738,HIRTH,3003,7,faa/faa_registry/ENGINE.txt
33731,HIRTH,3202,7,faa/faa_registry/ENGINE.txt
33733,HIRTH,3203,7,faa/faa_registry/ENGINE.txt
33734,HIRTH,3500 SER,1,faa/faa_registry/ENGINE.txt
33702,HIRTH,3701,7,faa/faa_registry/ENGINE.txt
33706,HIRTH,3702,7,faa/faa_registry/ENGINE.txt
33740,HIRTH,4201,7,faa/faa_registry/ENGINE.txt
33721,HIRTH,F-23,7,faa/faa_registry/ENGINE.txt
33737,HIRTH,F-33,7,faa/faa_registry/ENGINE.txt
33710,HIRTH,F10,1,faa/faa_registry/ENGINE.txt
33720,HIRTH,F20,1,faa/faa_registry/ENGINE.txt
33730,HIRTH,F30,7,faa/faa_registry/ENGINE.txt
33705,HIRTH,FES VEN M100,7,faa/faa_registry/ENGINE.txt
33701,HIRTH,HM 504,1,faa/faa_registry/ENGINE.txt
34007,HISPANO,E,1,faa/faa_registry/ENGINE.txt
33777,HKS,700E,8,faa/faa_registry/ENGINE.txt
33778,HKS,700T,8,faa/faa_registry/ENGINE.txt
33798,HONDA,1.5L GDI,8,faa/faa_registry/ENGINE.txt
33802,HONDA,CIVIC,1,faa/faa_registry/ENGINE.txt
33805,HONDA,CX500,1,faa/faa_registry/ENGINE.txt
33797,HONDA,GS190,7,faa/faa_registry/ENGINE.txt
33800,HONDA,GX-35,8,faa/faa_registry/ENGINE.txt
33801,HONDA,J35A,1,faa/faa_registry/ENGINE.txt
33804,HONDA,J35L6,1,faa/faa_registry/ENGINE.txt
43925,HONDA,K24A4,8,faa/faa_registry/ENGINE.txt
33803,HONDA,VIKING,1,faa/faa_registry/ENGINE.txt
33799,HONDA,VIKING 130,8,faa/faa_registry/ENGINE.txt
33795,HONDA,VTECH,8,faa/faa_registry/ENGINE.txt
33889,HONEYWELL,55-L-714A,3,faa/faa_registry/ENGINE.txt
33903,HONEYWELL,AL5512,3,faa/faa_registry/ENGINE.txt
33900,HONEYWELL,ALF 502 SER,4,faa/faa_registry/ENGINE.txt
33867,HONEYWELL,ALF502L,5,faa/faa_registry/ENGINE.txt
33868,HONEYWELL,ALF502L-2,5,faa/faa_registry/ENGINE.txt
33869,HONEYWELL,ALF502L-2A,5,faa/faa_registry/ENGINE.txt
33870,HONEYWELL,ALF502L-2C,5,faa/faa_registry/ENGINE.txt
33871,HONEYWELL,ALF502L-3,5,faa/faa_registry/ENGINE.txt
33872,HONEYWELL,ALF502R-3,5,faa/faa_registry/ENGINE.txt
33873,HONEYWELL,ALF502R-3A,5,faa/faa_registry/ENGINE.txt
33874,HONEYWELL,ALF502R-4,5,faa/faa_registry/ENGINE.txt
33875,HONEYWELL,ALF502R-5,5,faa/faa_registry/ENGINE.txt
33876,HONEYWELL,ALF502R-6,5,faa/faa_registry/ENGINE.txt
33878,HONEYWELL,ALF507-1F,5,faa/faa_registry/ENGINE.txt
33877,HONEYWELL,ALF507-1H,5,faa/faa_registry/ENGINE.txt
33908,HONEYWELL,AS907-1-1A,5,faa/faa_registry/ENGINE.txt
33401,HONEYWELL,AS907-2-1A,5,faa/faa_registry/ENGINE.txt
33400,HONEYWELL,AS907-2-1G,5,faa/faa_registry/ENGINE.txt
33403,HONEYWELL,AS907-2-1S,5,faa/faa_registry/ENGINE.txt
33402,HONEYWELL,AS907-3-1E,5,faa/faa_registry/ENGINE.txt
33815,HONEYWELL,ATF3-6,5,faa/faa_registry/ENGINE.txt
33816,HONEYWELL,ATF3-6A,5,faa/faa_registry/ENGINE.txt
33906,HONEYWELL,CFE 738-1-1B,5,faa/faa_registry/ENGINE.txt
33884,HONEYWELL,F-124-GA-100,5,faa/faa_registry/ENGINE.txt
34003,HONEYWELL,F124,5,faa/faa_registry/ENGINE.txt
33881,HONEYWELL,HTF7000,5,faa/faa_registry/ENGINE.txt
34004,HONEYWELL,HTF7350,5,faa/faa_registry/ENGINE.txt
33812,HONEYWELL,HTS-900,3,faa/faa_registry/ENGINE.txt
33915,HONEYWELL,HTS-900-2,3,faa/faa_registry/ENGINE.txt
33925,HONEYWELL,LTC1B-1,3,faa/faa_registry/ENGINE.txt
33853,HONEYWELL,LTP101-600,2,faa/faa_registry/ENGINE.txt
33854,HONEYWELL,LTP101-600A,2,faa/faa_registry/ENGINE.txt
33855,HONEYWELL,LTP101-600A1A,2,faa/faa_registry/ENGINE.txt
33856,HONEYWELL,LTP101-700A1A,2,faa/faa_registry/ENGINE.txt
33904,HONEYWELL,LTS101-600 SR,3,faa/faa_registry/ENGINE.txt
33817,HONEYWELL,LTS101-600A-2,3,faa/faa_registry/ENGINE.txt
33818,HONEYWELL,LTS101-600A-3,3,faa/faa_registry/ENGINE.txt
33819,HONEYWELL,LTS101-600A3A,3,faa/faa_registry/ENGINE.txt
33820,HONEYWELL,LTS101-650B-1,3,faa/faa_registry/ENGINE.txt
33821,HONEYWELL,LTS101-650B1A,3,faa/faa_registry/ENGINE.txt
33822,HONEYWELL,LTS101-650C-2,3,faa/faa_registry/ENGINE.txt
33823,HONEYWELL,LTS101-650C-3,3,faa/faa_registry/ENGINE.txt
33824,HONEYWELL,LTS101-650C3A,3,faa/faa_registry/ENGINE.txt
33825,HONEYWELL,LTS101-700D-2,3,faa/faa_registry/ENGINE.txt
33826,HONEYWELL,LTS101-750B-1,3,faa/faa_registry/ENGINE.txt
33827,HONEYWELL,LTS101-750B-2,3,faa/faa_registry/ENGINE.txt
33828,HONEYWELL,LTS101-750C-1,3,faa/faa_registry/ENGINE.txt
33829,HONEYWELL,LTS101-850B-2,3,faa/faa_registry/ENGINE.txt
33901,HONEYWELL,T-55-L714A,3,faa/faa_registry/ENGINE.txt
33882,HONEYWELL,T53-L-703,3,faa/faa_registry/ENGINE.txt
33883,HONEYWELL,T53-L13B,3,faa/faa_registry/ENGINE.txt
33814,HONEYWELL,T5307A,2,faa/faa_registry/ENGINE.txt
33911,HONEYWELL,T5309A,3,faa/faa_registry/ENGINE.txt
33912,HONEYWELL,T5309B,3,faa/faa_registry/ENGINE.txt
33913,HONEYWELL,T5309C,3,faa/faa_registry/ENGINE.txt
33914,HONEYWELL,T5311A,3,faa/faa_registry/ENGINE.txt
33857,HONEYWELL,T5313B,3,faa/faa_registry/ENGINE.txt
34006,HONEYWELL,T5313L,3,faa/faa_registry/ENGINE.txt
33907,HONEYWELL,T5317 SER,3,faa/faa_registry/ENGINE.txt
33858,HONEYWELL,T5317A,3,faa/faa_registry/ENGINE.txt
33859,HONEYWELL,T5317A-1,3,faa/faa_registry/ENGINE.txt
33860,HONEYWELL,T5317B,3,faa/faa_registry/ENGINE.txt
33886,HONEYWELL,T55-GA-714A,3,faa/faa_registry/ENGINE.txt
33959,HONEYWELL,T5508D,3,faa/faa_registry/ENGINE.txt
33888,HONEYWELL,TFE-731,5,faa/faa_registry/ENGINE.txt
33880,HONEYWELL,TFE-731-5BR1H,5,faa/faa_registry/ENGINE.txt
33902,HONEYWELL,TFE-731-SER,5,faa/faa_registry/ENGINE.txt
33830,HONEYWELL,TFE731-2,5,faa/faa_registry/ENGINE.txt
33879,HONEYWELL,TFE731-2-3B,5,faa/faa_registry/ENGINE.txt
33917,HONEYWELL,TFE731-20,5,faa/faa_registry/ENGINE.txt
33918,HONEYWELL,TFE731-20AR,5,faa/faa_registry/ENGINE.txt
33919,HONEYWELL,TFE731-20BR,5,faa/faa_registry/ENGINE.txt
33920,HONEYWELL,TFE731-20R,5,faa/faa_registry/ENGINE.txt
33831,HONEYWELL,TFE731-2A,5,faa/faa_registry/ENGINE.txt
33832,HONEYWELL,TFE731-2B,5,faa/faa_registry/ENGINE.txt
33833,HONEYWELL,TFE731-2BR,5,faa/faa_registry/ENGINE.txt
33834,HONEYWELL,TFE731-2C,5,faa/faa_registry/ENGINE.txt
33835,HONEYWELL,TFE731-3,5,faa/faa_registry/ENGINE.txt
33916,HONEYWELL,TFE731-3-1C,5,faa/faa_registry/ENGINE.txt
33837,HONEYWELL,TFE731-3A,5,faa/faa_registry/ENGINE.txt
33838,HONEYWELL,TFE731-3AR,5,faa/faa_registry/ENGINE.txt
33839,HONEYWELL,TFE731-3B,5,faa/faa_registry/ENGINE.txt
33840,HONEYWELL,TFE731-3BR,5,faa/faa_registry/ENGINE.txt
33841,HONEYWELL,TFE731-3C,5,faa/faa_registry/ENGINE.txt
33842,HONEYWELL,TFE731-3CR,5,faa/faa_registry/ENGINE.txt
33843,HONEYWELL,TFE731-3D,5,faa/faa_registry/ENGINE.txt
33844,HONEYWELL,TFE731-3DR,5,faa/faa_registry/ENGINE.txt
33836,HONEYWELL,TFE731-3R,5,faa/faa_registry/ENGINE.txt
33885,HONEYWELL,TFE731-3R-1H,5,faa/faa_registry/ENGINE.txt
33845,HONEYWELL,TFE731-4,5,faa/faa_registry/ENGINE.txt
33921,HONEYWELL,TFE731-40,5,faa/faa_registry/ENGINE.txt
33923,HONEYWELL,TFE731-40AR,5,faa/faa_registry/ENGINE.txt
34001,HONEYWELL,TFE731-40BR-1,5,faa/faa_registry/ENGINE.txt
34002,HONEYWELL,TFE731-40BR1B,5,faa/faa_registry/ENGINE.txt
33922,HONEYWELL,TFE731-40R,5,faa/faa_registry/ENGINE.txt
33846,HONEYWELL,TFE731-4R,5,faa/faa_registry/ENGINE.txt
33847,HONEYWELL,TFE731-5,5,faa/faa_registry/ENGINE.txt
33940,HONEYWELL,TFE731-50R,5,faa/faa_registry/ENGINE.txt
33848,HONEYWELL,TFE731-5A,5,faa/faa_registry/ENGINE.txt
33849,HONEYWELL,TFE731-5AR,5,faa/faa_registry/ENGINE.txt
33850,HONEYWELL,TFE731-5B,5,faa/faa_registry/ENGINE.txt
33851,HONEYWELL,TFE731-5BR,5,faa/faa_registry/ENGINE.txt
33898,HONEYWELL,TFE731-5BR-1C,5,faa/faa_registry/ENGINE.txt
33905,HONEYWELL,TFE731-5BR-2C,5,faa/faa_registry/ENGINE.txt
33852,HONEYWELL,TFE731-5R,5,faa/faa_registry/ENGINE.txt
33924,HONEYWELL,TFE731-60,5,faa/faa_registry/ENGINE.txt
33929,HONEYWELL,TFE731-60-1C,5,faa/faa_registry/ENGINE.txt
34000,HONEYWELL,TFE73140AR200,5,faa/faa_registry/ENGINE.txt
33910,HONEYWELL,TPE-331-10UG,2,faa/faa_registry/ENGINE.txt
33953,HONEYWELL,TPE331-1,2,faa/faa_registry/ENGINE.txt
33977,HONEYWELL,TPE331-10,2,faa/faa_registry/ENGINE.txt
33899,HONEYWELL,TPE331-10 SER,2,faa/faa_registry/ENGINE.txt
34005,HONEYWELL,TPE331-101Z,2,faa/faa_registry/ENGINE.txt
33978,HONEYWELL,TPE331-10A,2,faa/faa_registry/ENGINE.txt
33979,HONEYWELL,TPE331-10AV,2,faa/faa_registry/ENGINE.txt
33980,HONEYWELL,TPE331-10B,2,faa/faa_registry/ENGINE.txt
33981,HONEYWELL,TPE331-10G,2,faa/faa_registry/ENGINE.txt
33982,HONEYWELL,TPE331-10GP,2,faa/faa_registry/ENGINE.txt
33983,HONEYWELL,TPE331-10GR,2,faa/faa_registry/ENGINE.txt
33984,HONEYWELL,TPE331-10GT,2,faa/faa_registry/ENGINE.txt
33985,HONEYWELL,TPE331-10J,2,faa/faa_registry/ENGINE.txt
33986,HONEYWELL,TPE331-10N,2,faa/faa_registry/ENGINE.txt
33987,HONEYWELL,TPE331-10P,2,faa/faa_registry/ENGINE.txt
33988,HONEYWELL,TPE331-10R,2,faa/faa_registry/ENGINE.txt
33989,HONEYWELL,TPE331-10T,2,faa/faa_registry/ENGINE.txt
33990,HONEYWELL,TPE331-10U,2,faa/faa_registry/ENGINE.txt
33964,HONEYWELL,TPE331-10UA,2,faa/faa_registry/ENGINE.txt
33991,HONEYWELL,TPE331-10UF,2,faa/faa_registry/ENGINE.txt
33992,HONEYWELL,TPE331-10UGR,2,faa/faa_registry/ENGINE.txt
33993,HONEYWELL,TPE331-10UJ,2,faa/faa_registry/ENGINE.txt
33994,HONEYWELL,TPE331-10UK,2,faa/faa_registry/ENGINE.txt
33995,HONEYWELL,TPE331-10UR,2,faa/faa_registry/ENGINE.txt
33996,HONEYWELL,TPE331-11U,2,faa/faa_registry/ENGINE.txt
33997,HONEYWELL,TPE331-11UA,2,faa/faa_registry/ENGINE.txt
33998,HONEYWELL,TPE331-12,2,faa/faa_registry/ENGINE.txt
33999,HONEYWELL,TPE331-12B,2,faa/faa_registry/ENGINE.txt
33806,HONEYWELL,TPE331-12JR,2,faa/faa_registry/ENGINE.txt
33807,HONEYWELL,TPE331-12UA,2,faa/faa_registry/ENGINE.txt
33808,HONEYWELL,TPE331-12UAR,2,faa/faa_registry/ENGINE.txt
33809,HONEYWELL,TPE331-12UER,2,faa/faa_registry/ENGINE.txt
33810,HONEYWELL,TPE331-12UHR,2,faa/faa_registry/ENGINE.txt
33861,HONEYWELL,TPE331-14A,2,faa/faa_registry/ENGINE.txt
33862,HONEYWELL,TPE331-14B,2,faa/faa_registry/ENGINE.txt
33863,HONEYWELL,TPE331-14F,2,faa/faa_registry/ENGINE.txt
33864,HONEYWELL,TPE331-14GR,2,faa/faa_registry/ENGINE.txt
33865,HONEYWELL,TPE331-14HR,2,faa/faa_registry/ENGINE.txt
33866,HONEYWELL,TPE331-15AW,2,faa/faa_registry/ENGINE.txt
33954,HONEYWELL,TPE331-1U,2,faa/faa_registry/ENGINE.txt
33955,HONEYWELL,TPE331-1UA,2,faa/faa_registry/ENGINE.txt
33956,HONEYWELL,TPE331-2,2,faa/faa_registry/ENGINE.txt
01652,HONEYWELL,TPE331-2-201A,2,faa/faa_registry/ENGINE.txt
33926,HONEYWELL,TPE331-25A,2,faa/faa_registry/ENGINE.txt
33927,HONEYWELL,TPE331-25AA,2,faa/faa_registry/ENGINE.txt
33928,HONEYWELL,TPE331-25B,2,faa/faa_registry/ENGINE.txt
33930,HONEYWELL,TPE331-25C,2,faa/faa_registry/ENGINE.txt
33931,HONEYWELL,TPE331-25D,2,faa/faa_registry/ENGINE.txt
33932,HONEYWELL,TPE331-25DA,2,faa/faa_registry/ENGINE.txt
33933,HONEYWELL,TPE331-25DB,2,faa/faa_registry/ENGINE.txt
33934,HONEYWELL,TPE331-25E,2,faa/faa_registry/ENGINE.txt
33935,HONEYWELL,TPE331-25F,2,faa/faa_registry/ENGINE.txt
33936,HONEYWELL,TPE331-25FA,2,faa/faa_registry/ENGINE.txt
33937,HONEYWELL,TPE331-29A,2,faa/faa_registry/ENGINE.txt
33957,HONEYWELL,TPE331-2U,2,faa/faa_registry/ENGINE.txt
33958,HONEYWELL,TPE331-2UA,2,faa/faa_registry/ENGINE.txt
33960,HONEYWELL,TPE331-3,2,faa/faa_registry/ENGINE.txt
33961,HONEYWELL,TPE331-3U,2,faa/faa_registry/ENGINE.txt
33962,HONEYWELL,TPE331-3UW,2,faa/faa_registry/ENGINE.txt
33963,HONEYWELL,TPE331-3W,2,faa/faa_registry/ENGINE.txt
33938,HONEYWELL,TPE331-43,2,faa/faa_registry/ENGINE.txt
33939,HONEYWELL,TPE331-43-B,2,faa/faa_registry/ENGINE.txt
33941,HONEYWELL,TPE331-45,2,faa/faa_registry/ENGINE.txt
33942,HONEYWELL,TPE331-47,2,faa/faa_registry/ENGINE.txt
33943,HONEYWELL,TPE331-47-A,2,faa/faa_registry/ENGINE.txt
33944,HONEYWELL,TPE331-47-B,2,faa/faa_registry/ENGINE.txt
33965,HONEYWELL,TPE331-5,2,faa/faa_registry/ENGINE.txt
33945,HONEYWELL,TPE331-51,2,faa/faa_registry/ENGINE.txt
33946,HONEYWELL,TPE331-55,2,faa/faa_registry/ENGINE.txt
33947,HONEYWELL,TPE331-55-A,2,faa/faa_registry/ENGINE.txt
33948,HONEYWELL,TPE331-55-B,2,faa/faa_registry/ENGINE.txt
33949,HONEYWELL,TPE331-57,2,faa/faa_registry/ENGINE.txt
33950,HONEYWELL,TPE331-57-B,2,faa/faa_registry/ENGINE.txt
33966,HONEYWELL,TPE331-5A,2,faa/faa_registry/ENGINE.txt
33968,HONEYWELL,TPE331-5B,2,faa/faa_registry/ENGINE.txt
33969,HONEYWELL,TPE331-5U,2,faa/faa_registry/ENGINE.txt
33970,HONEYWELL,TPE331-6,2,faa/faa_registry/ENGINE.txt
33951,HONEYWELL,TPE331-61,2,faa/faa_registry/ENGINE.txt
33952,HONEYWELL,TPE331-61-A,2,faa/faa_registry/ENGINE.txt
33971,HONEYWELL,TPE331-6A,2,faa/faa_registry/ENGINE.txt
33972,HONEYWELL,TPE331-6U,2,faa/faa_registry/ENGINE.txt
33973,HONEYWELL,TPE331-8,2,faa/faa_registry/ENGINE.txt
33974,HONEYWELL,TPE331-8A,2,faa/faa_registry/ENGINE.txt
33975,HONEYWELL,TPE331-9,2,faa/faa_registry/ENGINE.txt
33976,HONEYWELL,TPE331-9U,2,faa/faa_registry/ENGINE.txt
33909,HONEYWELL,TPE331-SER,2,faa/faa_registry/ENGINE.txt
33811,HONEYWELL,TSE331-3U,3,faa/faa_registry/ENGINE.txt
33813,HONEYWELL,TSE36-1,3,faa/faa_registry/ENGINE.txt
33967,HONEYWELL,TYPE331-5AB,2,faa/faa_registry/ENGINE.txt
34200,HOUSAI,6JIA,1,faa/faa_registry/ENGINE.txt
34201,HOUSAI,HS6A,1,faa/faa_registry/ENGINE.txt
34253,HUMMEL,1/2 VW,7,faa/faa_registry/ENGINE.txt
34250,HUMMEL,2180,1,faa/faa_registry/ENGINE.txt
34251,HUMMEL,VW 2.4L,8,faa/faa_registry/ENGINE.txt
34613,IAE,50R-AA,11,faa/faa_registry/ENGINE.txt
34550,IAE,PW1127G-JM,5,faa/faa_registry/ENGINE.txt
34551,IAE,PW1127GA-JM,5,faa/faa_registry/ENGINE.txt
34600,IAE,PW1133G-JM,5,faa/faa_registry/ENGINE.txt
34598,IAE,PW1133GA-JM,5,faa/faa_registry/ENGINE.txt
34602,IAE,V2500-A1,5,faa/faa_registry/ENGINE.txt
34599,IAE,V2500E-A5,5,faa/faa_registry/ENGINE.txt
34601,IAE,V2500SERIES,4,faa/faa_registry/ENGINE.txt
34607|34612,IAE,V2522-A5,4|5,faa/faa_registry/ENGINE.txt
34608,IAE,V2524-A5,5,faa/faa_registry/ENGINE.txt
34610,IAE,V2525-D5,5,faa/faa_registry/ENGINE.txt
34604,IAE,V2527-A5,5,faa/faa_registry/ENGINE.txt
34605,IAE,V2527E-A5,5,faa/faa_registry/ENGINE.txt
34606,IAE,V2527M-A5,5,faa/faa_registry/ENGINE.txt
34609,IAE,V2528-D5,5,faa/faa_registry/ENGINE.txt
34603,IAE,V2530-A5,5,faa/faa_registry/ENGINE.txt
34611,IAE,V2533-A5,5,faa/faa_registry/ENGINE.txt
34699,INNTEC,800,7,faa/faa_registry/ENGINE.txt
37595,ISOTOV,GTD-350,3,faa/faa_registry/ENGINE.txt
34701,IVCHENKO,AI-14R,1,faa/faa_registry/ENGINE.txt
34703,IVCHENKO,AI-25TL,5,faa/faa_registry/ENGINE.txt
34702,IVCHENKO,AL-25SERIES,5,faa/faa_registry/ENGINE.txt
34800,JABIRU,2200,8,faa/faa_registry/ENGINE.txt
34803,JABIRU,2200A,8,faa/faa_registry/ENGINE.txt
34801|34802,JABIRU,3300,1|8,faa/faa_registry/ENGINE.txt
34804,JABIRU,3300A,8,faa/faa_registry/ENGINE.txt
34811,JABIRU,3300L,8,faa/faa_registry/ENGINE.txt
34805,JABIRU,5100,8,faa/faa_registry/ENGINE.txt
35015,JACOBS,L-3MBA,1,faa/faa_registry/ENGINE.txt
35026,JACOBS,L-4,1,faa/faa_registry/ENGINE.txt
35027,JACOBS,L-4M,1,faa/faa_registry/ENGINE.txt
35028,JACOBS,L-4MA,1,faa/faa_registry/ENGINE.txt
35029,JACOBS,L-4MA7,1,faa/faa_registry/ENGINE.txt
35030,JACOBS,L-4MB,1,faa/faa_registry/ENGINE.txt
35016,JACOBS,L-5M,1,faa/faa_registry/ENGINE.txt
35017,JACOBS,L-5MB,1,faa/faa_registry/ENGINE.txt
35012,JACOBS,L-6M,1,faa/faa_registry/ENGINE.txt
35013,JACOBS,L-6MA,1,faa/faa_registry/ENGINE.txt
35014,JACOBS,L-6MB,1,faa/faa_registry/ENGINE.txt
35002,JACOBS,L3,1,faa/faa_registry/ENGINE.txt
35003,JACOBS,L4 /R755-7,1,faa/faa_registry/ENGINE.txt
35004,JACOBS,L5,1,faa/faa_registry/ENGINE.txt
35005,JACOBS,L6,1,faa/faa_registry/ENGINE.txt
35001,JACOBS,LA1,1,faa/faa_registry/ENGINE.txt
35031,JACOBS,R-755,1,faa/faa_registry/ENGINE.txt
35009,JACOBS,R-755-7,1,faa/faa_registry/ENGINE.txt
35018,JACOBS,R-755A1,1,faa/faa_registry/ENGINE.txt
35019,JACOBS,R-755A2,1,faa/faa_registry/ENGINE.txt
35020,JACOBS,R-755A2M,1,faa/faa_registry/ENGINE.txt
35021,JACOBS,R-755A2M1,1,faa/faa_registry/ENGINE.txt
35022,JACOBS,R-755B1,1,faa/faa_registry/ENGINE.txt
35023,JACOBS,R-755B2,1,faa/faa_registry/ENGINE.txt
35024,JACOBS,R-755B2M,1,faa/faa_registry/ENGINE.txt
35025,JACOBS,R-755E,1,faa/faa_registry/ENGINE.txt
35011,JACOBS,R-755S,1,faa/faa_registry/ENGINE.txt
35010,JACOBS,R-755SM,1,faa/faa_registry/ENGINE.txt
35006,JACOBS,R755A SERIES,1,faa/faa_registry/ENGINE.txt
35007,JACOBS,R755B SERIES,1,faa/faa_registry/ENGINE.txt
35008,JACOBS,R755E SERIES,1,faa/faa_registry/ENGINE.txt
24720,JB ENGINES,IOX-360-A1A9N,1,faa/faa_registry/ENGINE.txt
36405,JETCAT,C81,4,faa/faa_registry/ENGINE.txt
36402,JETCAT,MP-200,4,faa/faa_registry/ENGINE.txt
36401,JETCAT,SPH5,2,faa/faa_registry/ENGINE.txt
36400,JETCAT,SPT5,2,faa/faa_registry/ENGINE.txt
35500,KAWASAKI,ALL MDLS A/B,1,faa/faa_registry/ENGINE.txt
83360,KDE,10218XF-105,10,faa/faa_registry/ENGINE.txt
83358,KDE,7215XF,10,faa/faa_registry/ENGINE.txt
83357,KDE,8218XF,10,faa/faa_registry/ENGINE.txt
83359,KDE,HACKER,10,faa/faa_registry/ENGINE.txt
36501,KEIKHAFER,MK55,1,faa/faa_registry/ENGINE.txt
37009,KEN ROYCE,110 7DF,1,faa/faa_registry/ENGINE.txt
37001,KEN ROYCE,7 SERIES,1,faa/faa_registry/ENGINE.txt
37004,KEN ROYCE,7F,1,faa/faa_registry/ENGINE.txt
37005,KEN ROYCE,7G,1,faa/faa_registry/ENGINE.txt
37007,KEN ROYCE,85 5DF,1,faa/faa_registry/ENGINE.txt
37006,KEN ROYCE,85 5F,1,faa/faa_registry/ENGINE.txt
37008,KEN ROYCE,90 5F,1,faa/faa_registry/ENGINE.txt
37003,KEN ROYCE,90 5G,1,faa/faa_registry/ENGINE.txt
37002,KEN ROYCE,90-5 SERIES,1,faa/faa_registry/ENGINE.txt
37501,KINNER,B5 SERIES,1,faa/faa_registry/ENGINE.txt
37503,KINNER,K5 SERIES,1,faa/faa_registry/ENGINE.txt
37504,KINNER,R5 SERIES,1,faa/faa_registry/ENGINE.txt
37596,KLEINMOTOR,SOLO 2350 SER,7,faa/faa_registry/ENGINE.txt
37604,KLIMOV,RD-33,5,faa/faa_registry/ENGINE.txt
37602,KLIMOV,TB3-117BM,3,faa/faa_registry/ENGINE.txt
37603,KLIMOV,TV3-117VM,3,faa/faa_registry/ENGINE.txt
37600,KLIMOV,VK-1A,4,faa/faa_registry/ENGINE.txt
37601,KLIMOV,VK-1F,4,faa/faa_registry/ENGINE.txt
57651,KONIG,SC430,7,faa/faa_registry/ENGINE.txt
37650,KONIG,SD 570,7,faa/faa_registry/ENGINE.txt
37700,KONTRONIK,KORA 25-10,10,faa/faa_registry/ENGINE.txt
38501,LAMBERT,R266,1,faa/faa_registry/ENGINE.txt
38801,LAWRENCE,3 CYL,1,faa/faa_registry/ENGINE.txt
39101,LEBLOND,70 SERIES,1,faa/faa_registry/ENGINE.txt
39102,LEBLOND,85 SERIES,1,faa/faa_registry/ENGINE.txt
39103,LEBLOND,90 SERIES,1,faa/faa_registry/ENGINE.txt
39501,LENAPE,AR3-160,1,faa/faa_registry/ENGINE.txt
39506,LENAPE,LM5,1,faa/faa_registry/ENGINE.txt
40001,LERHONE,TYPE C,1,faa/faa_registry/ENGINE.txt
40002,LERHONE,TYPE J,1,faa/faa_registry/ENGINE.txt
38590,LIBERTY,V-12,1,faa/faa_registry/ENGINE.txt
38602,LIMBACH,1700E,1,faa/faa_registry/ENGINE.txt
38604,LIMBACH,L2000 EB 1.A,1,faa/faa_registry/ENGINE.txt
38603,LIMBACH,L2400,8,faa/faa_registry/ENGINE.txt
38601,LIMBACH,LIMBACH L2000,8,faa/faa_registry/ENGINE.txt
40701,LINCOLN,LIBERTY-12,1,faa/faa_registry/ENGINE.txt
40802,LOM,M132A,1,faa/faa_registry/ENGINE.txt
40801,LOM,M137A,1,faa/faa_registry/ENGINE.txt
40800,LOM,M332,1,faa/faa_registry/ENGINE.txt
40803,LOM,M332AK,1,faa/faa_registry/ENGINE.txt
41599,LYCOMING,(L)TO 360 SER,2,faa/faa_registry/ENGINE.txt
41501,LYCOMING,0-145A SERIES,1,faa/faa_registry/ENGINE.txt
41502,LYCOMING,0-145B SERIES,1,faa/faa_registry/ENGINE.txt
41505,LYCOMING,0-235 SERIES,8,faa/faa_registry/ENGINE.txt
41506,LYCOMING,0-290 SERIES,8,faa/faa_registry/ENGINE.txt
41600,LYCOMING,0-30-A1P,1,faa/faa_registry/ENGINE.txt
42498,LYCOMING,0-32-H2AD,1,faa/faa_registry/ENGINE.txt
41508,LYCOMING,0-320 SERIES,1,faa/faa_registry/ENGINE.txt
42100,LYCOMING,0-320-A2A,1,faa/faa_registry/ENGINE.txt
42400,LYCOMING,0-320-E2G,1,faa/faa_registry/ENGINE.txt
41510,LYCOMING,0-340 SERIES,1,faa/faa_registry/ENGINE.txt
41512,LYCOMING,0-350 SERIES,1,faa/faa_registry/ENGINE.txt
41499,LYCOMING,0-360 SERIES,1,faa/faa_registry/ENGINE.txt
41504,LYCOMING,0-360-A1D,1,faa/faa_registry/ENGINE.txt
41588,LYCOMING,0-360-C1A,1,faa/faa_registry/ENGINE.txt
41573,LYCOMING,0-360-C1F,1,faa/faa_registry/ENGINE.txt
41591,LYCOMING,0-360-C4F,1,faa/faa_registry/ENGINE.txt
41579,LYCOMING,0-360-E2D,1,faa/faa_registry/ENGINE.txt
41516,LYCOMING,0-435,1,faa/faa_registry/ENGINE.txt
41943,LYCOMING,0-435-25,1,faa/faa_registry/ENGINE.txt
41517,LYCOMING,0-435A/0-435C,1,faa/faa_registry/ENGINE.txt
41518,LYCOMING,0-435A2-KSER,1,faa/faa_registry/ENGINE.txt
41519,LYCOMING,0-435B,1,faa/faa_registry/ENGINE.txt
41532,LYCOMING,0-540 SERIES,1,faa/faa_registry/ENGINE.txt
41498,LYCOMING,0-540-JIA5D,1,faa/faa_registry/ENGINE.txt
41531,LYCOMING,0-540F1 SERIE,1,faa/faa_registry/ENGINE.txt
41548,LYCOMING,0-550-J3A5D,1,faa/faa_registry/ENGINE.txt
42398,LYCOMING,0320-E3D,8,faa/faa_registry/ENGINE.txt
41700,LYCOMING,0360-A1A,1,faa/faa_registry/ENGINE.txt
41547,LYCOMING,11A,3,faa/faa_registry/ENGINE.txt
41507,LYCOMING,125,1,faa/faa_registry/ENGINE.txt
41466,LYCOMING,340 SERIES,8,faa/faa_registry/ENGINE.txt
41500|41567,LYCOMING,AEIO-320 SER,1,faa/faa_registry/ENGINE.txt
41929,LYCOMING,AEIO-320-D1B,1,faa/faa_registry/ENGINE.txt
41930,LYCOMING,AEIO-320-D2B,1,faa/faa_registry/ENGINE.txt
41925,LYCOMING,AEIO-320-E1A,1,faa/faa_registry/ENGINE.txt
41926,LYCOMING,AEIO-320-E1B,1,faa/faa_registry/ENGINE.txt
41927,LYCOMING,AEIO-320-E2A,1,faa/faa_registry/ENGINE.txt
41928,LYCOMING,AEIO-320-E2B,1,faa/faa_registry/ENGINE.txt
41522|41601,LYCOMING,AEIO-360 SER,1,faa/faa_registry/ENGINE.txt
41847,LYCOMING,AEIO-360-A1A,1,faa/faa_registry/ENGINE.txt
41848,LYCOMING,AEIO-360-A1B,1,faa/faa_registry/ENGINE.txt
41849,LYCOMING,AEIO-360-A1B6,1,faa/faa_registry/ENGINE.txt
41850,LYCOMING,AEIO-360-A1C,1,faa/faa_registry/ENGINE.txt
41853,LYCOMING,AEIO-360-A1D,1,faa/faa_registry/ENGINE.txt
41851,LYCOMING,AEIO-360-A1E,1,faa/faa_registry/ENGINE.txt
41852,LYCOMING,AEIO-360-A1E6,1,faa/faa_registry/ENGINE.txt
41854,LYCOMING,AEIO-360-A2A,1,faa/faa_registry/ENGINE.txt
41855,LYCOMING,AEIO-360-A2B,1,faa/faa_registry/ENGINE.txt
41856,LYCOMING,AEIO-360-A2C,1,faa/faa_registry/ENGINE.txt
41872,LYCOMING,AEIO-360-B1B,1,faa/faa_registry/ENGINE.txt
41873,LYCOMING,AEIO-360-B1D,1,faa/faa_registry/ENGINE.txt
41874,LYCOMING,AEIO-360-B1F,1,faa/faa_registry/ENGINE.txt
41877,LYCOMING,AEIO-360-B1F6,1,faa/faa_registry/ENGINE.txt
41879,LYCOMING,AEIO-360-B1G6,1,faa/faa_registry/ENGINE.txt
41884,LYCOMING,AEIO-360-B1H,1,faa/faa_registry/ENGINE.txt
41875,LYCOMING,AEIO-360-B2F,1,faa/faa_registry/ENGINE.txt
41878,LYCOMING,AEIO-360-B2F6,1,faa/faa_registry/ENGINE.txt
41876,LYCOMING,AEIO-360-B4A,1,faa/faa_registry/ENGINE.txt
41882,LYCOMING,AEIO-360-H1A,1,faa/faa_registry/ENGINE.txt
41883,LYCOMING,AEIO-360-H1B,1,faa/faa_registry/ENGINE.txt
42409,LYCOMING,AEIO-390-A1B6,1,faa/faa_registry/ENGINE.txt
43001,LYCOMING,AEIO-390-X,1,faa/faa_registry/ENGINE.txt
41568,LYCOMING,AEIO-540 SER,1,faa/faa_registry/ENGINE.txt
41799,LYCOMING,AEIO-540-D4A5,1,faa/faa_registry/ENGINE.txt
41800,LYCOMING,AEIO-540-D4B5,1,faa/faa_registry/ENGINE.txt
41801,LYCOMING,AEIO-540-D4C5,1,faa/faa_registry/ENGINE.txt
41802,LYCOMING,AEIO-540-D4D5,1,faa/faa_registry/ENGINE.txt
42425,LYCOMING,AEIO-540-K1H5,1,faa/faa_registry/ENGINE.txt
41792,LYCOMING,AEIO-540-L1B5,1,faa/faa_registry/ENGINE.txt
41793,LYCOMING,AEIO-540-L1D5,1,faa/faa_registry/ENGINE.txt
42403,LYCOMING,AEIO-580-B1A,1,faa/faa_registry/ENGINE.txt
41806,LYCOMING,AEIO-580-X,1,faa/faa_registry/ENGINE.txt
41791,LYCOMING,AEIO540-L1B5D,1,faa/faa_registry/ENGINE.txt
41681,LYCOMING,AEO-540-FBAE,1,faa/faa_registry/ENGINE.txt
41931,LYCOMING,AIO-320-A1A,1,faa/faa_registry/ENGINE.txt
41932,LYCOMING,AIO-320-A1B,1,faa/faa_registry/ENGINE.txt
41933,LYCOMING,AIO-320-A2A,1,faa/faa_registry/ENGINE.txt
41934,LYCOMING,AIO-320-A2B,1,faa/faa_registry/ENGINE.txt
41935,LYCOMING,AIO-320-B1B,1,faa/faa_registry/ENGINE.txt
41936,LYCOMING,AIO-320-C1B,1,faa/faa_registry/ENGINE.txt
41845,LYCOMING,AIO-360-A1B,1,faa/faa_registry/ENGINE.txt
41844,LYCOMING,AIO-360-A2A,1,faa/faa_registry/ENGINE.txt
41846,LYCOMING,AIO-360-B1B,1,faa/faa_registry/ENGINE.txt
41583,LYCOMING,AL503 SER,4,faa/faa_registry/ENGINE.txt
41581,LYCOMING,AL5512,3,faa/faa_registry/ENGINE.txt
41580,LYCOMING,ALF-502 SER.,4,faa/faa_registry/ENGINE.txt
41589,LYCOMING,ALF502L,5,faa/faa_registry/ENGINE.txt
41617,LYCOMING,ALF502L-2,5,faa/faa_registry/ENGINE.txt
41618,LYCOMING,ALF502L-2A,5,faa/faa_registry/ENGINE.txt
41619,LYCOMING,ALF502L-2C,5,faa/faa_registry/ENGINE.txt
41620,LYCOMING,ALF502L-3,5,faa/faa_registry/ENGINE.txt
41621,LYCOMING,ALF502R-3,5,faa/faa_registry/ENGINE.txt
41622,LYCOMING,ALF502R-3A,5,faa/faa_registry/ENGINE.txt
41623,LYCOMING,ALF502R-4,5,faa/faa_registry/ENGINE.txt
41624,LYCOMING,ALF502R-5,5,faa/faa_registry/ENGINE.txt
41625,LYCOMING,ALF502R-6,5,faa/faa_registry/ENGINE.txt
41627,LYCOMING,ALF507-1F,5,faa/faa_registry/ENGINE.txt
41626,LYCOMING,ALF507-1H,5,faa/faa_registry/ENGINE.txt
41465,LYCOMING,CC363I,1,faa/faa_registry/ENGINE.txt
42385,LYCOMING,GO-145-C2,1,faa/faa_registry/ENGINE.txt
42386,LYCOMING,GO-145-C3,1,faa/faa_registry/ENGINE.txt
41520|42072,LYCOMING,GO-435,1,faa/faa_registry/ENGINE.txt
42074,LYCOMING,GO-435-C2,1,faa/faa_registry/ENGINE.txt
42075,LYCOMING,GO-435-C2A,1,faa/faa_registry/ENGINE.txt
42076,LYCOMING,GO-435-C2A2,1,faa/faa_registry/ENGINE.txt
42077,LYCOMING,GO-435-C2B,1,faa/faa_registry/ENGINE.txt
42078,LYCOMING,GO-435-C2B1,1,faa/faa_registry/ENGINE.txt
42079,LYCOMING,GO-435-C2B2,1,faa/faa_registry/ENGINE.txt
42080,LYCOMING,GO-435-C2C,1,faa/faa_registry/ENGINE.txt
42081,LYCOMING,GO-435-C2D,1,faa/faa_registry/ENGINE.txt
42082,LYCOMING,GO-435-C2E,1,faa/faa_registry/ENGINE.txt
42073,LYCOMING,GO-435-D1,1,faa/faa_registry/ENGINE.txt
41521,LYCOMING,GO-435C&D SER,1,faa/faa_registry/ENGINE.txt
41527,LYCOMING,GO-480 SERIES,1,faa/faa_registry/ENGINE.txt
42157,LYCOMING,GO-480-A1A,1,faa/faa_registry/ENGINE.txt
42158,LYCOMING,GO-480-B,1,faa/faa_registry/ENGINE.txt
42159,LYCOMING,GO-480-B1A6,1,faa/faa_registry/ENGINE.txt
42160,LYCOMING,GO-480-B1B,1,faa/faa_registry/ENGINE.txt
42161,LYCOMING,GO-480-B1C,1,faa/faa_registry/ENGINE.txt
42162,LYCOMING,GO-480-B1D,1,faa/faa_registry/ENGINE.txt
42175,LYCOMING,GO-480-C1B6,1,faa/faa_registry/ENGINE.txt
42176,LYCOMING,GO-480-C1D6,1,faa/faa_registry/ENGINE.txt
42177,LYCOMING,GO-480-C2C6,1,faa/faa_registry/ENGINE.txt
42178,LYCOMING,GO-480-C2D6,1,faa/faa_registry/ENGINE.txt
42179,LYCOMING,GO-480-C2E6,1,faa/faa_registry/ENGINE.txt
42189,LYCOMING,GO-480-C3A6,1,faa/faa_registry/ENGINE.txt
42163,LYCOMING,GO-480-D1A,1,faa/faa_registry/ENGINE.txt
42164,LYCOMING,GO-480-E1A6,1,faa/faa_registry/ENGINE.txt
42169,LYCOMING,GO-480-F1A6,1,faa/faa_registry/ENGINE.txt
42170,LYCOMING,GO-480-F2A6,1,faa/faa_registry/ENGINE.txt
42171,LYCOMING,GO-480-F2D6,1,faa/faa_registry/ENGINE.txt
42172,LYCOMING,GO-480-F3A6,1,faa/faa_registry/ENGINE.txt
42165,LYCOMING,GO-480-F3B6,1,faa/faa_registry/ENGINE.txt
42173,LYCOMING,GO-480-F4A6,1,faa/faa_registry/ENGINE.txt
42174,LYCOMING,GO-480-F4B6,1,faa/faa_registry/ENGINE.txt
42168,LYCOMING,GO-480-F6,1,faa/faa_registry/ENGINE.txt
42180,LYCOMING,GO-480-G1A6,1,faa/faa_registry/ENGINE.txt
42181,LYCOMING,GO-480-G1B6,1,faa/faa_registry/ENGINE.txt
42182,LYCOMING,GO-480-G1D6,1,faa/faa_registry/ENGINE.txt
42183,LYCOMING,GO-480-G1H6,1,faa/faa_registry/ENGINE.txt
42184,LYCOMING,GO-480-G1J6,1,faa/faa_registry/ENGINE.txt
42185,LYCOMING,GO-480-G2D6,1,faa/faa_registry/ENGINE.txt
42186,LYCOMING,GO-480-G2F6,1,faa/faa_registry/ENGINE.txt
41529,LYCOMING,GSO&IGSO-480,1,faa/faa_registry/ENGINE.txt
41523,LYCOMING,GSO-435 SERIE,1,faa/faa_registry/ENGINE.txt
42190,LYCOMING,GSO-435-B,1,faa/faa_registry/ENGINE.txt
42191,LYCOMING,GSO-435-B2,1,faa/faa_registry/ENGINE.txt
42202,LYCOMING,GSO-480-A1A6,1,faa/faa_registry/ENGINE.txt
42203,LYCOMING,GSO-480-A1C6,1,faa/faa_registry/ENGINE.txt
42204,LYCOMING,GSO-480-A2A6,1,faa/faa_registry/ENGINE.txt
42216,LYCOMING,GSO-480-B1B3,1,faa/faa_registry/ENGINE.txt
42206,LYCOMING,GSO-480-B1B6,1,faa/faa_registry/ENGINE.txt
42207,LYCOMING,GSO-480-B1C6,1,faa/faa_registry/ENGINE.txt
42208,LYCOMING,GSO-480-B1E6,1,faa/faa_registry/ENGINE.txt
42209,LYCOMING,GSO-480-B1F6,1,faa/faa_registry/ENGINE.txt
42210,LYCOMING,GSO-480-B1G6,1,faa/faa_registry/ENGINE.txt
42211,LYCOMING,GSO-480-B1J6,1,faa/faa_registry/ENGINE.txt
42212,LYCOMING,GSO-480-B2C6,1,faa/faa_registry/ENGINE.txt
42213,LYCOMING,GSO-480-B2D6,1,faa/faa_registry/ENGINE.txt
42214,LYCOMING,GSO-480-B2G6,1,faa/faa_registry/ENGINE.txt
42215,LYCOMING,GSO-480-B2H6,1,faa/faa_registry/ENGINE.txt
42094,LYCOMING,GSO-580,1,faa/faa_registry/ENGINE.txt
41537,LYCOMING,GSO-580 SER,1,faa/faa_registry/ENGINE.txt
42096,LYCOMING,GSO-580-B,1,faa/faa_registry/ENGINE.txt
42095,LYCOMING,GSO-580-C,1,faa/faa_registry/ENGINE.txt
42097,LYCOMING,GSO-580-D,1,faa/faa_registry/ENGINE.txt
42205,LYCOMING,GSO-B1A6,1,faa/faa_registry/ENGINE.txt
42351,LYCOMING,H2B5D,1,faa/faa_registry/ENGINE.txt
41553,LYCOMING,HI0-360 SER,3,faa/faa_registry/ENGINE.txt
41524,LYCOMING,HIO-360 SER,1,faa/faa_registry/ENGINE.txt
41885,LYCOMING,HIO-360-A1A,1,faa/faa_registry/ENGINE.txt
41886,LYCOMING,HIO-360-A1B,1,faa/faa_registry/ENGINE.txt
41887,LYCOMING,HIO-360-B1A,1,faa/faa_registry/ENGINE.txt
41888,LYCOMING,HIO-360-B1B,1,faa/faa_registry/ENGINE.txt
41889,LYCOMING,HIO-360-C1A,1,faa/faa_registry/ENGINE.txt
41890,LYCOMING,HIO-360-C1B,1,faa/faa_registry/ENGINE.txt
41893,LYCOMING,HIO-360-D1A,1,faa/faa_registry/ENGINE.txt
41894,LYCOMING,HIO-360-E1AD,1,faa/faa_registry/ENGINE.txt
41895,LYCOMING,HIO-360-E1BD,1,faa/faa_registry/ENGINE.txt
41896,LYCOMING,HIO-360-F1AD,1,faa/faa_registry/ENGINE.txt
41898,LYCOMING,HIO-360-G1A,1,faa/faa_registry/ENGINE.txt
42999,LYCOMING,HIO-390-X252,1,faa/faa_registry/ENGINE.txt
41648,LYCOMING,HIO-540-A1A,1,faa/faa_registry/ENGINE.txt
41513,LYCOMING,HO-360,1,faa/faa_registry/ENGINE.txt
42315,LYCOMING,HO-360-A1A,1,faa/faa_registry/ENGINE.txt
42316,LYCOMING,HO-360-B1A,1,faa/faa_registry/ENGINE.txt
42317,LYCOMING,HO-360-B1B,1,faa/faa_registry/ENGINE.txt
42318,LYCOMING,HO-360-C1A,1,faa/faa_registry/ENGINE.txt
41558,LYCOMING,I0-360 SER,3,faa/faa_registry/ENGINE.txt
41559,LYCOMING,I0-360-B1E,1,faa/faa_registry/ENGINE.txt
41596,LYCOMING,I0-360-ES,1,faa/faa_registry/ENGINE.txt
41515,LYCOMING,I0360 SER,1,faa/faa_registry/ENGINE.txt
41511,LYCOMING,I0360 SER A&C,1,faa/faa_registry/ENGINE.txt
42716,LYCOMING,IGO-480,1,faa/faa_registry/ENGINE.txt
42187,LYCOMING,IGO-480-A1A6,1,faa/faa_registry/ENGINE.txt
42188,LYCOMING,IGO-480-A1B6,1,faa/faa_registry/ENGINE.txt
41900,LYCOMING,IGO-540-A1A,1,faa/faa_registry/ENGINE.txt
41901,LYCOMING,IGO-540-A1B,1,faa/faa_registry/ENGINE.txt
41902,LYCOMING,IGO-540-A1C,1,faa/faa_registry/ENGINE.txt
41538,LYCOMING,IGO-540-B1A,1,faa/faa_registry/ENGINE.txt
41903,LYCOMING,IGO-540-B1B,1,faa/faa_registry/ENGINE.txt
41904,LYCOMING,IGO-540-B1C,1,faa/faa_registry/ENGINE.txt
41810,LYCOMING,IGS0-540-A1A,1,faa/faa_registry/ENGINE.txt
41812,LYCOMING,IGS0-540-A1C,1,faa/faa_registry/ENGINE.txt
41811,LYCOMING,IGS0-540-A1D,1,faa/faa_registry/ENGINE.txt
41813,LYCOMING,IGS0-540-A1E,1,faa/faa_registry/ENGINE.txt
41814,LYCOMING,IGS0-540-A1F,1,faa/faa_registry/ENGINE.txt
41815,LYCOMING,IGS0-540-A1H,1,faa/faa_registry/ENGINE.txt
41816,LYCOMING,IGS0-540-B1A,1,faa/faa_registry/ENGINE.txt
41817,LYCOMING,IGS0-540-B1C,1,faa/faa_registry/ENGINE.txt
42217,LYCOMING,IGSO-480-A1A6,1,faa/faa_registry/ENGINE.txt
42218,LYCOMING,IGSO-480-A1B6,1,faa/faa_registry/ENGINE.txt
42219,LYCOMING,IGSO-480-A1C6,1,faa/faa_registry/ENGINE.txt
42220,LYCOMING,IGSO-480-A1D6,1,faa/faa_registry/ENGINE.txt
42221,LYCOMING,IGSO-480-A1E6,1,faa/faa_registry/ENGINE.txt
42224,LYCOMING,IGSO-480-A1F3,1,faa/faa_registry/ENGINE.txt
42222,LYCOMING,IGSO-480-A1F6,1,faa/faa_registry/ENGINE.txt
42223,LYCOMING,IGSO-480-A1G6,1,faa/faa_registry/ENGINE.txt
41535,LYCOMING,IGSO-540-B1A,1,faa/faa_registry/ENGINE.txt
41585,LYCOMING,IO 540 SER,1,faa/faa_registry/ENGINE.txt
42405,LYCOMING,IO-233 SERIES,1,faa/faa_registry/ENGINE.txt
41916,LYCOMING,IO-320 B2B,1,faa/faa_registry/ENGINE.txt
41509,LYCOMING,IO-320 SERIES,1,faa/faa_registry/ENGINE.txt
41905,LYCOMING,IO-320-A1A,1,faa/faa_registry/ENGINE.txt
41906,LYCOMING,IO-320-A2A,1,faa/faa_registry/ENGINE.txt
41907,LYCOMING,IO-320-B1A,1,faa/faa_registry/ENGINE.txt
41908,LYCOMING,IO-320-B1B,1,faa/faa_registry/ENGINE.txt
41909,LYCOMING,IO-320-B1C,1,faa/faa_registry/ENGINE.txt
41910,LYCOMING,IO-320-B1E,1,faa/faa_registry/ENGINE.txt
41912,LYCOMING,IO-320-B2A,1,faa/faa_registry/ENGINE.txt
41913,LYCOMING,IO-320-C1A,1,faa/faa_registry/ENGINE.txt
41914,LYCOMING,IO-320-C1B,1,faa/faa_registry/ENGINE.txt
42394,LYCOMING,IO-320-D1A,1,faa/faa_registry/ENGINE.txt
41917,LYCOMING,IO-320-D1B,1,faa/faa_registry/ENGINE.txt
41915,LYCOMING,IO-320-D1C,1,faa/faa_registry/ENGINE.txt
41918,LYCOMING,IO-320-E1A,1,faa/faa_registry/ENGINE.txt
41920,LYCOMING,IO-320-E1B,1,faa/faa_registry/ENGINE.txt
41919,LYCOMING,IO-320-E2A,1,faa/faa_registry/ENGINE.txt
41921,LYCOMING,IO-320-E2B,1,faa/faa_registry/ENGINE.txt
41922,LYCOMING,IO-320-F1A,1,faa/faa_registry/ENGINE.txt
41685,LYCOMING,IO-340 EXP SE,1,faa/faa_registry/ENGINE.txt
41881,LYCOMING,IO-360 SERIES,1,faa/faa_registry/ENGINE.txt
41818,LYCOMING,IO-360-A1A,1,faa/faa_registry/ENGINE.txt
41819,LYCOMING,IO-360-A1B,1,faa/faa_registry/ENGINE.txt
41576,LYCOMING,IO-360-A1B6,1,faa/faa_registry/ENGINE.txt
41593,LYCOMING,IO-360-A1B6D,1,faa/faa_registry/ENGINE.txt
41820,LYCOMING,IO-360-A1C,1,faa/faa_registry/ENGINE.txt
41821,LYCOMING,IO-360-A1D,1,faa/faa_registry/ENGINE.txt
41822,LYCOMING,IO-360-A1D6,1,faa/faa_registry/ENGINE.txt
41823,LYCOMING,IO-360-A1D6D,1,faa/faa_registry/ENGINE.txt
41780,LYCOMING,IO-360-A1H1S,1,faa/faa_registry/ENGINE.txt
41824,LYCOMING,IO-360-A2A,1,faa/faa_registry/ENGINE.txt
41825,LYCOMING,IO-360-A2B,1,faa/faa_registry/ENGINE.txt
41826,LYCOMING,IO-360-A2C,1,faa/faa_registry/ENGINE.txt
41827,LYCOMING,IO-360-A3B6,1,faa/faa_registry/ENGINE.txt
41828,LYCOMING,IO-360-A3B6D,1,faa/faa_registry/ENGINE.txt
41829,LYCOMING,IO-360-A3D6D,1,faa/faa_registry/ENGINE.txt
41857,LYCOMING,IO-360-B1A,1,faa/faa_registry/ENGINE.txt
41858,LYCOMING,IO-360-B1B,1,faa/faa_registry/ENGINE.txt
41880,LYCOMING,IO-360-B1C,1,faa/faa_registry/ENGINE.txt
41859,LYCOMING,IO-360-B1D,1,faa/faa_registry/ENGINE.txt
41860,LYCOMING,IO-360-B1E,1,faa/faa_registry/ENGINE.txt
41861,LYCOMING,IO-360-B1F,1,faa/faa_registry/ENGINE.txt
41862,LYCOMING,IO-360-B1F6,1,faa/faa_registry/ENGINE.txt
41866,LYCOMING,IO-360-B1G6,1,faa/faa_registry/ENGINE.txt
41911,LYCOMING,IO-360-B2B,1,faa/faa_registry/ENGINE.txt
41863,LYCOMING,IO-360-B2E,1,faa/faa_registry/ENGINE.txt
41864,LYCOMING,IO-360-B2F,1,faa/faa_registry/ENGINE.txt
41865,LYCOMING,IO-360-B2F6,1,faa/faa_registry/ENGINE.txt
41867,LYCOMING,IO-360-B4A,1,faa/faa_registry/ENGINE.txt
41830,LYCOMING,IO-360-C1A,1,faa/faa_registry/ENGINE.txt
41831,LYCOMING,IO-360-C1B,1,faa/faa_registry/ENGINE.txt
41832,LYCOMING,IO-360-C1C,1,faa/faa_registry/ENGINE.txt
41833,LYCOMING,IO-360-C1C6,1,faa/faa_registry/ENGINE.txt
41834,LYCOMING,IO-360-C1D6,1,faa/faa_registry/ENGINE.txt
41835,LYCOMING,IO-360-C1E6,1,faa/faa_registry/ENGINE.txt
41836,LYCOMING,IO-360-C1E6D,1,faa/faa_registry/ENGINE.txt
41837,LYCOMING,IO-360-C1F,1,faa/faa_registry/ENGINE.txt
41838,LYCOMING,IO-360-C1G6,1,faa/faa_registry/ENGINE.txt
41839,LYCOMING,IO-360-D1A,1,faa/faa_registry/ENGINE.txt
41868,LYCOMING,IO-360-E1A,1,faa/faa_registry/ENGINE.txt
41870,LYCOMING,IO-360-F1A,1,faa/faa_registry/ENGINE.txt
41841,LYCOMING,IO-360-J1A6D,1,faa/faa_registry/ENGINE.txt
41840,LYCOMING,IO-360-J1AD,1,faa/faa_registry/ENGINE.txt
41842,LYCOMING,IO-360-K2A,1,faa/faa_registry/ENGINE.txt
41597,LYCOMING,IO-360-L2A,1,faa/faa_registry/ENGINE.txt
40891,LYCOMING,IO-360-M1A,8,faa/faa_registry/ENGINE.txt
41869,LYCOMING,IO-360-M1A+,1,faa/faa_registry/ENGINE.txt
41871,LYCOMING,IO-360-M1B,1,faa/faa_registry/ENGINE.txt
41952,LYCOMING,IO-360-M1S,1,faa/faa_registry/ENGINE.txt
42401,LYCOMING,IO-360-M2,1,faa/faa_registry/ENGINE.txt
42712,LYCOMING,IO-360A,1,faa/faa_registry/ENGINE.txt
42419,LYCOMING,IO-375,1,faa/faa_registry/ENGINE.txt
42415,LYCOMING,IO-375-M1S,1,faa/faa_registry/ENGINE.txt
41678,LYCOMING,IO-390 SER,1,faa/faa_registry/ENGINE.txt
41602,LYCOMING,IO-390-A1A6,1,faa/faa_registry/ENGINE.txt
42407,LYCOMING,IO-390-A1B6,1,faa/faa_registry/ENGINE.txt
42421,LYCOMING,IO-390-A3A6,1,faa/faa_registry/ENGINE.txt
42707,LYCOMING,IO-390-C SERI,1,faa/faa_registry/ENGINE.txt
42710,LYCOMING,IO-390-C3B6,1,faa/faa_registry/ENGINE.txt
42714,LYCOMING,IO-390-D3B6,1,faa/faa_registry/ENGINE.txt
41584,LYCOMING,IO-520 SER,1,faa/faa_registry/ENGINE.txt
41530,LYCOMING,IO-540 SER,1,faa/faa_registry/ENGINE.txt
41634,LYCOMING,IO-540-A1A5,1,faa/faa_registry/ENGINE.txt
41661,LYCOMING,IO-540-AA1A5,1,faa/faa_registry/ENGINE.txt
41662,LYCOMING,IO-540-AA1B5,1,faa/faa_registry/ENGINE.txt
41808,LYCOMING,IO-540-AB1A5,1,faa/faa_registry/ENGINE.txt
41809,LYCOMING,IO-540-AC1A5,1,faa/faa_registry/ENGINE.txt
41899,LYCOMING,IO-540-AE1A5,1,faa/faa_registry/ENGINE.txt
41635,LYCOMING,IO-540-B1A5,1,faa/faa_registry/ENGINE.txt
41636,LYCOMING,IO-540-B1B5,1,faa/faa_registry/ENGINE.txt
41637,LYCOMING,IO-540-B1C5,1,faa/faa_registry/ENGINE.txt
41649,LYCOMING,IO-540-C1B5,1,faa/faa_registry/ENGINE.txt
41650,LYCOMING,IO-540-C1C5,1,faa/faa_registry/ENGINE.txt
41653,LYCOMING,IO-540-C2C,1,faa/faa_registry/ENGINE.txt
41651,LYCOMING,IO-540-C4B5,1,faa/faa_registry/ENGINE.txt
41657,LYCOMING,IO-540-C4B5D,1,faa/faa_registry/ENGINE.txt
41654,LYCOMING,IO-540-C4C5,1,faa/faa_registry/ENGINE.txt
41656,LYCOMING,IO-540-C4D5,1,faa/faa_registry/ENGINE.txt
41652,LYCOMING,IO-540-C4D5D,1,faa/faa_registry/ENGINE.txt
41798,LYCOMING,IO-540-D4A5,1,faa/faa_registry/ENGINE.txt
41794,LYCOMING,IO-540-D4B5,1,faa/faa_registry/ENGINE.txt
41795,LYCOMING,IO-540-D4C5,1,faa/faa_registry/ENGINE.txt
41638,LYCOMING,IO-540-E1A5,1,faa/faa_registry/ENGINE.txt
41639,LYCOMING,IO-540-E1B5,1,faa/faa_registry/ENGINE.txt
41640,LYCOMING,IO-540-E1C5,1,faa/faa_registry/ENGINE.txt
42396,LYCOMING,IO-540-E4B5,1,faa/faa_registry/ENGINE.txt
42167,LYCOMING,IO-540-EXP,1,faa/faa_registry/ENGINE.txt
41641,LYCOMING,IO-540-G1A5,1,faa/faa_registry/ENGINE.txt
41642,LYCOMING,IO-540-G1B5,1,faa/faa_registry/ENGINE.txt
41643,LYCOMING,IO-540-G1C5,1,faa/faa_registry/ENGINE.txt
41644,LYCOMING,IO-540-G1D5,1,faa/faa_registry/ENGINE.txt
41645,LYCOMING,IO-540-G1E5,1,faa/faa_registry/ENGINE.txt
41646,LYCOMING,IO-540-G1F5,1,faa/faa_registry/ENGINE.txt
41655,LYCOMING,IO-540-J4A5,1,faa/faa_registry/ENGINE.txt
41663,LYCOMING,IO-540-K1A5,1,faa/faa_registry/ENGINE.txt
41664,LYCOMING,IO-540-K1A5D,1,faa/faa_registry/ENGINE.txt
41665|42718,LYCOMING,IO-540-K1B5,1|2,faa/faa_registry/ENGINE.txt
41667,LYCOMING,IO-540-K1B5D,1,faa/faa_registry/ENGINE.txt
41668,LYCOMING,IO-540-K1C5,1,faa/faa_registry/ENGINE.txt
41669,LYCOMING,IO-540-K1D5,1,faa/faa_registry/ENGINE.txt
41671,LYCOMING,IO-540-K1E5,1,faa/faa_registry/ENGINE.txt
41670,LYCOMING,IO-540-K1E5D,1,faa/faa_registry/ENGINE.txt
41672,LYCOMING,IO-540-K1F5,1,faa/faa_registry/ENGINE.txt
41673,LYCOMING,IO-540-K1F5D,1,faa/faa_registry/ENGINE.txt
41674,LYCOMING,IO-540-K1G5,1,faa/faa_registry/ENGINE.txt
41598,LYCOMING,IO-540-K1G5D,1,faa/faa_registry/ENGINE.txt
41675,LYCOMING,IO-540-K1H5,1,faa/faa_registry/ENGINE.txt
41676,LYCOMING,IO-540-K1J5,1,faa/faa_registry/ENGINE.txt
41677,LYCOMING,IO-540-K1K5,1,faa/faa_registry/ENGINE.txt
41666,LYCOMING,IO-540-K2A5,1,faa/faa_registry/ENGINE.txt
41679,LYCOMING,IO-540-L1A5,1,faa/faa_registry/ENGINE.txt
41680,LYCOMING,IO-540-L1A5D,1,faa/faa_registry/ENGINE.txt
41781,LYCOMING,IO-540-L1B5D,1,faa/faa_registry/ENGINE.txt
41782,LYCOMING,IO-540-L1C5,1,faa/faa_registry/ENGINE.txt
41783,LYCOMING,IO-540-M1A5,1,faa/faa_registry/ENGINE.txt
41784,LYCOMING,IO-540-M1A5D,1,faa/faa_registry/ENGINE.txt
41785,LYCOMING,IO-540-M1B5D,1,faa/faa_registry/ENGINE.txt
41786,LYCOMING,IO-540-M1C5,1,faa/faa_registry/ENGINE.txt
41787,LYCOMING,IO-540-M2A5D,1,faa/faa_registry/ENGINE.txt
41796,LYCOMING,IO-540-N1A5,1,faa/faa_registry/ENGINE.txt
41647,LYCOMING,IO-540-P1A5,1,faa/faa_registry/ENGINE.txt
41797,LYCOMING,IO-540-R1A5,1,faa/faa_registry/ENGINE.txt
41788,LYCOMING,IO-540-S1A5,1,faa/faa_registry/ENGINE.txt
41803,LYCOMING,IO-540-T4A5D,1,faa/faa_registry/ENGINE.txt
41804,LYCOMING,IO-540-T4B5,1,faa/faa_registry/ENGINE.txt
41805,LYCOMING,IO-540-T4C5D,1,faa/faa_registry/ENGINE.txt
41789,LYCOMING,IO-540-U1A5D,1,faa/faa_registry/ENGINE.txt
41790,LYCOMING,IO-540-U1B5D,1,faa/faa_registry/ENGINE.txt
41807,LYCOMING,IO-540-V4A5D,1,faa/faa_registry/ENGINE.txt
41660,LYCOMING,IO-540-W1A5,1,faa/faa_registry/ENGINE.txt
41658,LYCOMING,IO-540-W1A5D,1,faa/faa_registry/ENGINE.txt
41659,LYCOMING,IO-540-W3A5D,1,faa/faa_registry/ENGINE.txt
41628,LYCOMING,IO-580-A1A,1,faa/faa_registry/ENGINE.txt
41629,LYCOMING,IO-580-B1A,1,faa/faa_registry/ENGINE.txt
41546,LYCOMING,IO-720,1,faa/faa_registry/ENGINE.txt
41948,LYCOMING,IO-720-A1A,1,faa/faa_registry/ENGINE.txt
41949,LYCOMING,IO-720-A1B,1,faa/faa_registry/ENGINE.txt
41950,LYCOMING,IO-720-A1BD,1,faa/faa_registry/ENGINE.txt
41951,LYCOMING,IO-720-B1B,1,faa/faa_registry/ENGINE.txt
41953,LYCOMING,IO-720-B1BD,1,faa/faa_registry/ENGINE.txt
41954,LYCOMING,IO-720-C1B,1,faa/faa_registry/ENGINE.txt
41955,LYCOMING,IO-720-C1BD,1,faa/faa_registry/ENGINE.txt
41956,LYCOMING,IO-720-D1B,1,faa/faa_registry/ENGINE.txt
41957,LYCOMING,IO-720-D1BD,1,faa/faa_registry/ENGINE.txt
41958,LYCOMING,IO-720-D1C,1,faa/faa_registry/ENGINE.txt
41959,LYCOMING,IO-720-D1CD,1,faa/faa_registry/ENGINE.txt
41633,LYCOMING,IVO-360-A1A,1,faa/faa_registry/ENGINE.txt
41965,LYCOMING,IVO-540-A1A,1,faa/faa_registry/ENGINE.txt
41563,LYCOMING,L-540-T4B5,1,faa/faa_registry/ENGINE.txt
41891,LYCOMING,LHIO-360-C1A,1,faa/faa_registry/ENGINE.txt
41892,LYCOMING,LHIO-360-C1B,1,faa/faa_registry/ENGINE.txt
41897,LYCOMING,LHIO-360-F1AD,1,faa/faa_registry/ENGINE.txt
41923,LYCOMING,LIO-320-B1A,1,faa/faa_registry/ENGINE.txt
41924,LYCOMING,LIO-320-C1A,1,faa/faa_registry/ENGINE.txt
41843,LYCOMING,LIO-360-C1E6,1,faa/faa_registry/ENGINE.txt
41577,LYCOMING,LIO-360-CIE6,1,faa/faa_registry/ENGINE.txt
42293,LYCOMING,LO-360-A1G6D,1,faa/faa_registry/ENGINE.txt
42294,LYCOMING,LO-360-A1H6,1,faa/faa_registry/ENGINE.txt
42310,LYCOMING,LO-360-E1A6DA,1,faa/faa_registry/ENGINE.txt
42309,LYCOMING,LO-360-E1AD,1,faa/faa_registry/ENGINE.txt
42312,LYCOMING,LO-360-E1BD,1,faa/faa_registry/ENGINE.txt
42311,LYCOMING,LO-360-E2AD,1,faa/faa_registry/ENGINE.txt
42313,LYCOMING,LO-360-E2BD,1,faa/faa_registry/ENGINE.txt
41608,LYCOMING,LTC1B-1,3,faa/faa_registry/ENGINE.txt
41592,LYCOMING,LTC1K-4K,3,faa/faa_registry/ENGINE.txt
41556,LYCOMING,LTC4B-8D,3,faa/faa_registry/ENGINE.txt
41975,LYCOMING,LTIO-540-F2BD,1,faa/faa_registry/ENGINE.txt
41979,LYCOMING,LTIO-540-J2B,1,faa/faa_registry/ENGINE.txt
41980,LYCOMING,LTIO-540-J2BD,1,faa/faa_registry/ENGINE.txt
41987,LYCOMING,LTIO-540-K1AD,1,faa/faa_registry/ENGINE.txt
41981,LYCOMING,LTIO-540-N2BD,1,faa/faa_registry/ENGINE.txt
41983,LYCOMING,LTIO-540-R2AD,1,faa/faa_registry/ENGINE.txt
41991,LYCOMING,LTIO-540-U2A,1,faa/faa_registry/ENGINE.txt
41993,LYCOMING,LTIO-540-V2AD,1,faa/faa_registry/ENGINE.txt
41995,LYCOMING,LTIO-540-W2A,1,faa/faa_registry/ENGINE.txt
42021,LYCOMING,LTO-360-A1A6D,1,faa/faa_registry/ENGINE.txt
42020,LYCOMING,LTO-360-E1A6D,1,faa/faa_registry/ENGINE.txt
41565,LYCOMING,LTP 101-600,2,faa/faa_registry/ENGINE.txt
41566,LYCOMING,LTP101-600A,1,faa/faa_registry/ENGINE.txt
41611,LYCOMING,LTP101-600A1A,2,faa/faa_registry/ENGINE.txt
41612,LYCOMING,LTP101-700A1A,2,faa/faa_registry/ENGINE.txt
41562,LYCOMING,LTS 101 600A,3,faa/faa_registry/ENGINE.txt
41560,LYCOMING,LTS-101 SER,3,faa/faa_registry/ENGINE.txt
41564,LYCOMING,LTS-750-B-1,3,faa/faa_registry/ENGINE.txt
42058,LYCOMING,LYCOMING,1,faa/faa_registry/ENGINE.txt
41503,LYCOMING,O&GO-145C SER,1,faa/faa_registry/ENGINE.txt
41514,LYCOMING,O&VO-360 SER,1,faa/faa_registry/ENGINE.txt
42380,LYCOMING,O-145-A1,1,faa/faa_registry/ENGINE.txt
42381,LYCOMING,O-145-A2,1,faa/faa_registry/ENGINE.txt
42382,LYCOMING,O-145-B2,1,faa/faa_registry/ENGINE.txt
42383,LYCOMING,O-145-B3,1,faa/faa_registry/ENGINE.txt
42384,LYCOMING,O-145-C2,1,faa/faa_registry/ENGINE.txt
42410,LYCOMING,O-233,1,faa/faa_registry/ENGINE.txt
42717,LYCOMING,O-235,1,faa/faa_registry/ENGINE.txt
42397,LYCOMING,O-235-C,1,faa/faa_registry/ENGINE.txt
42027,LYCOMING,O-235-C1,8,faa/faa_registry/ENGINE.txt
42032,LYCOMING,O-235-C1A,1,faa/faa_registry/ENGINE.txt
42028,LYCOMING,O-235-C1B,1,faa/faa_registry/ENGINE.txt
42031,LYCOMING,O-235-C1C,1,faa/faa_registry/ENGINE.txt
42392,LYCOMING,O-235-C2,1,faa/faa_registry/ENGINE.txt
42037,LYCOMING,O-235-C2A,1,faa/faa_registry/ENGINE.txt
42038,LYCOMING,O-235-C2B,1,faa/faa_registry/ENGINE.txt
42033,LYCOMING,O-235-C2C,1,faa/faa_registry/ENGINE.txt
42029,LYCOMING,O-235-E1,1,faa/faa_registry/ENGINE.txt
42030,LYCOMING,O-235-E1B,1,faa/faa_registry/ENGINE.txt
42039,LYCOMING,O-235-E2A,1,faa/faa_registry/ENGINE.txt
42040,LYCOMING,O-235-E2B,1,faa/faa_registry/ENGINE.txt
42041,LYCOMING,O-235-F1,1,faa/faa_registry/ENGINE.txt
42042,LYCOMING,O-235-F1B,1,faa/faa_registry/ENGINE.txt
42045,LYCOMING,O-235-F2A,1,faa/faa_registry/ENGINE.txt
42046,LYCOMING,O-235-F2B,1,faa/faa_registry/ENGINE.txt
42043,LYCOMING,O-235-G1,1,faa/faa_registry/ENGINE.txt
42044,LYCOMING,O-235-G1B,1,faa/faa_registry/ENGINE.txt
42047,LYCOMING,O-235-G2A,1,faa/faa_registry/ENGINE.txt
42048,LYCOMING,O-235-G2B,1,faa/faa_registry/ENGINE.txt
42034,LYCOMING,O-235-H2C,1,faa/faa_registry/ENGINE.txt
42049,LYCOMING,O-235-J2A,1,faa/faa_registry/ENGINE.txt
42050,LYCOMING,O-235-J2B,1,faa/faa_registry/ENGINE.txt
42051,LYCOMING,O-235-K2A,1,faa/faa_registry/ENGINE.txt
42052,LYCOMING,O-235-K2B,1,faa/faa_registry/ENGINE.txt
42036,LYCOMING,O-235-K2C,1,faa/faa_registry/ENGINE.txt
42053,LYCOMING,O-235-L2A,1,faa/faa_registry/ENGINE.txt
42035,LYCOMING,O-235-L2C,8,faa/faa_registry/ENGINE.txt
42054,LYCOMING,O-235-M1,1,faa/faa_registry/ENGINE.txt
42055,LYCOMING,O-235-M2C,1,faa/faa_registry/ENGINE.txt
42056,LYCOMING,O-235-M3C,1,faa/faa_registry/ENGINE.txt
42057,LYCOMING,O-235-N2A,1,faa/faa_registry/ENGINE.txt
42059,LYCOMING,O-235-P1,1,faa/faa_registry/ENGINE.txt
42060,LYCOMING,O-235-P2A,1,faa/faa_registry/ENGINE.txt
42061,LYCOMING,O-235-P2C,1,faa/faa_registry/ENGINE.txt
42062,LYCOMING,O-235-P3C,1,faa/faa_registry/ENGINE.txt
42083,LYCOMING,O-290,1,faa/faa_registry/ENGINE.txt
42084,LYCOMING,O-290-A,1,faa/faa_registry/ENGINE.txt
42085,LYCOMING,O-290-AP,1,faa/faa_registry/ENGINE.txt
42086,LYCOMING,O-290-B,1,faa/faa_registry/ENGINE.txt
42087,LYCOMING,O-290-C,1,faa/faa_registry/ENGINE.txt
42088,LYCOMING,O-290-CP,1,faa/faa_registry/ENGINE.txt
42089,LYCOMING,O-290-D,1,faa/faa_registry/ENGINE.txt
42090,LYCOMING,O-290-D2,1,faa/faa_registry/ENGINE.txt
42091,LYCOMING,O-290-D2A,1,faa/faa_registry/ENGINE.txt
42092,LYCOMING,O-290-D2B,1,faa/faa_registry/ENGINE.txt
42093,LYCOMING,O-290-D2C,1,faa/faa_registry/ENGINE.txt
42411,LYCOMING,O-290-G,8,faa/faa_registry/ENGINE.txt
42389,LYCOMING,O-320 SERIES,1,faa/faa_registry/ENGINE.txt
42395,LYCOMING,O-320-A,1,faa/faa_registry/ENGINE.txt
42098,LYCOMING,O-320-A1A,1,faa/faa_registry/ENGINE.txt
42099,LYCOMING,O-320-A1B,1,faa/faa_registry/ENGINE.txt
42101,LYCOMING,O-320-A2B,1,faa/faa_registry/ENGINE.txt
42102,LYCOMING,O-320-A2C,1,faa/faa_registry/ENGINE.txt
42103,LYCOMING,O-320-A2D,1,faa/faa_registry/ENGINE.txt
42104,LYCOMING,O-320-A3A,1,faa/faa_registry/ENGINE.txt
42105,LYCOMING,O-320-A3B,1,faa/faa_registry/ENGINE.txt
42106,LYCOMING,O-320-A3C,1,faa/faa_registry/ENGINE.txt
42135,LYCOMING,O-320-B1A,1,faa/faa_registry/ENGINE.txt
42136,LYCOMING,O-320-B1B,1,faa/faa_registry/ENGINE.txt
42137,LYCOMING,O-320-B2A,1,faa/faa_registry/ENGINE.txt
42138,LYCOMING,O-320-B2B,1,faa/faa_registry/ENGINE.txt
42139,LYCOMING,O-320-B2C,1,faa/faa_registry/ENGINE.txt
42140,LYCOMING,O-320-B2D,1,faa/faa_registry/ENGINE.txt
42144,LYCOMING,O-320-B2E,1,faa/faa_registry/ENGINE.txt
42141,LYCOMING,O-320-B3A,1,faa/faa_registry/ENGINE.txt
42142,LYCOMING,O-320-B3B,1,faa/faa_registry/ENGINE.txt
42143,LYCOMING,O-320-B3C,1,faa/faa_registry/ENGINE.txt
42107,LYCOMING,O-320-C1A,1,faa/faa_registry/ENGINE.txt
42108,LYCOMING,O-320-C1B,1,faa/faa_registry/ENGINE.txt
42109|42402,LYCOMING,O-320-C2A,1,faa/faa_registry/ENGINE.txt
42110,LYCOMING,O-320-C2B,1,faa/faa_registry/ENGINE.txt
42111,LYCOMING,O-320-C2C,1,faa/faa_registry/ENGINE.txt
42112,LYCOMING,O-320-C3A,1,faa/faa_registry/ENGINE.txt
42113,LYCOMING,O-320-C3B,1,faa/faa_registry/ENGINE.txt
42114,LYCOMING,O-320-C3C,1,faa/faa_registry/ENGINE.txt
42145,LYCOMING,O-320-D1A,1,faa/faa_registry/ENGINE.txt
42146,LYCOMING,O-320-D1B,1,faa/faa_registry/ENGINE.txt
42147,LYCOMING,O-320-D1C,1,faa/faa_registry/ENGINE.txt
42148,LYCOMING,O-320-D1D,1,faa/faa_registry/ENGINE.txt
42149,LYCOMING,O-320-D1F,1,faa/faa_registry/ENGINE.txt
42393,LYCOMING,O-320-D2,1,faa/faa_registry/ENGINE.txt
42150,LYCOMING,O-320-D2A,1,faa/faa_registry/ENGINE.txt
42151,LYCOMING,O-320-D2B,1,faa/faa_registry/ENGINE.txt
42152,LYCOMING,O-320-D2C,1,faa/faa_registry/ENGINE.txt
42153,LYCOMING,O-320-D2F,1,faa/faa_registry/ENGINE.txt
42154,LYCOMING,O-320-D2G,1,faa/faa_registry/ENGINE.txt
42155,LYCOMING,O-320-D2H,1,faa/faa_registry/ENGINE.txt
41595,LYCOMING,O-320-D2J,1,faa/faa_registry/ENGINE.txt
42156,LYCOMING,O-320-D3G,1,faa/faa_registry/ENGINE.txt
42115,LYCOMING,O-320-E1A,1,faa/faa_registry/ENGINE.txt
42116,LYCOMING,O-320-E1B,1,faa/faa_registry/ENGINE.txt
42117,LYCOMING,O-320-E1C,1,faa/faa_registry/ENGINE.txt
42118,LYCOMING,O-320-E1F,1,faa/faa_registry/ENGINE.txt
42119,LYCOMING,O-320-E1J,1,faa/faa_registry/ENGINE.txt
42120,LYCOMING,O-320-E2A,8,faa/faa_registry/ENGINE.txt
42121,LYCOMING,O-320-E2B,1,faa/faa_registry/ENGINE.txt
42122,LYCOMING,O-320-E2C,1,faa/faa_registry/ENGINE.txt
42123,LYCOMING,O-320-E2D,8,faa/faa_registry/ENGINE.txt
42124,LYCOMING,O-320-E2F,1,faa/faa_registry/ENGINE.txt
42125,LYCOMING,O-320-E2G,1,faa/faa_registry/ENGINE.txt
42126,LYCOMING,O-320-E2H,1,faa/faa_registry/ENGINE.txt
42127,LYCOMING,O-320-E3D,1,faa/faa_registry/ENGINE.txt
42128,LYCOMING,O-320-E3H,1,faa/faa_registry/ENGINE.txt
42406,LYCOMING,O-320-EXP,1,faa/faa_registry/ENGINE.txt
42129,LYCOMING,O-320-H1AD,1,faa/faa_registry/ENGINE.txt
42130,LYCOMING,O-320-H1BD,1,faa/faa_registry/ENGINE.txt
42131,LYCOMING,O-320-H2AD,1,faa/faa_registry/ENGINE.txt
42132,LYCOMING,O-320-H2BD,1,faa/faa_registry/ENGINE.txt
42133,LYCOMING,O-320-H3AD,1,faa/faa_registry/ENGINE.txt
42134,LYCOMING,O-320-H3BD,1,faa/faa_registry/ENGINE.txt
42192,LYCOMING,O-340-A1A,1,faa/faa_registry/ENGINE.txt
42193,LYCOMING,O-340-A2A,1,faa/faa_registry/ENGINE.txt
42194,LYCOMING,O-340-B1A,1,faa/faa_registry/ENGINE.txt
42387,LYCOMING,O-350,1,faa/faa_registry/ENGINE.txt
42388,LYCOMING,O-350-A,1,faa/faa_registry/ENGINE.txt
41575,LYCOMING,O-360 SERIES,1,faa/faa_registry/ENGINE.txt
41594,LYCOMING,O-360-A1A,8,faa/faa_registry/ENGINE.txt
42248,LYCOMING,O-360-A1AD,1,faa/faa_registry/ENGINE.txt
42249,LYCOMING,O-360-A1C,1,faa/faa_registry/ENGINE.txt
42250,LYCOMING,O-360-A1D,1,faa/faa_registry/ENGINE.txt
42251,LYCOMING,O-360-A1F,1,faa/faa_registry/ENGINE.txt
42252,LYCOMING,O-360-A1F6,8,faa/faa_registry/ENGINE.txt
42253,LYCOMING,O-360-A1F6D,1,faa/faa_registry/ENGINE.txt
42254,LYCOMING,O-360-A1G,1,faa/faa_registry/ENGINE.txt
42255,LYCOMING,O-360-A1G6,1,faa/faa_registry/ENGINE.txt
42256,LYCOMING,O-360-A1G6D,1,faa/faa_registry/ENGINE.txt
42257,LYCOMING,O-360-A1H,1,faa/faa_registry/ENGINE.txt
42399,LYCOMING,O-360-A1H6,1,faa/faa_registry/ENGINE.txt
42258,LYCOMING,O-360-A1LD,1,faa/faa_registry/ENGINE.txt
42259,LYCOMING,O-360-A1P,1,faa/faa_registry/ENGINE.txt
42261,LYCOMING,O-360-A2A,1,faa/faa_registry/ENGINE.txt
42262,LYCOMING,O-360-A2D,1,faa/faa_registry/ENGINE.txt
42263,LYCOMING,O-360-A2E,1,faa/faa_registry/ENGINE.txt
42264,LYCOMING,O-360-A2F,1,faa/faa_registry/ENGINE.txt
42265,LYCOMING,O-360-A2G,1,faa/faa_registry/ENGINE.txt
42266,LYCOMING,O-360-A2H,1,faa/faa_registry/ENGINE.txt
42267,LYCOMING,O-360-A3A,1,faa/faa_registry/ENGINE.txt
42268,LYCOMING,O-360-A3AD,1,faa/faa_registry/ENGINE.txt
42269,LYCOMING,O-360-A3D,1,faa/faa_registry/ENGINE.txt
42270,LYCOMING,O-360-A4A,1,faa/faa_registry/ENGINE.txt
42271,LYCOMING,O-360-A4AD,1,faa/faa_registry/ENGINE.txt
42272,LYCOMING,O-360-A4D,4,faa/faa_registry/ENGINE.txt
42273,LYCOMING,O-360-A4G,1,faa/faa_registry/ENGINE.txt
42274,LYCOMING,O-360-A4J,4,faa/faa_registry/ENGINE.txt
42275,LYCOMING,O-360-A4K,1,faa/faa_registry/ENGINE.txt
42276,LYCOMING,O-360-A4M,8,faa/faa_registry/ENGINE.txt
42277,LYCOMING,O-360-A4N,1,faa/faa_registry/ENGINE.txt
42278,LYCOMING,O-360-A4P,1,faa/faa_registry/ENGINE.txt
42279,LYCOMING,O-360-A5AD,1,faa/faa_registry/ENGINE.txt
42295,LYCOMING,O-360-B1A,1,faa/faa_registry/ENGINE.txt
42296,LYCOMING,O-360-B1B,1,faa/faa_registry/ENGINE.txt
42297,LYCOMING,O-360-B2A,1,faa/faa_registry/ENGINE.txt
42298,LYCOMING,O-360-B2B,1,faa/faa_registry/ENGINE.txt
42299,LYCOMING,O-360-B2C,1,faa/faa_registry/ENGINE.txt
42280,LYCOMING,O-360-C1A,1,faa/faa_registry/ENGINE.txt
42281,LYCOMING,O-360-C1C,1,faa/faa_registry/ENGINE.txt
42282,LYCOMING,O-360-C1E,1,faa/faa_registry/ENGINE.txt
42283,LYCOMING,O-360-C1F,1,faa/faa_registry/ENGINE.txt
42284,LYCOMING,O-360-C1G,1,faa/faa_registry/ENGINE.txt
42285,LYCOMING,O-360-C2A,1,faa/faa_registry/ENGINE.txt
42286,LYCOMING,O-360-C2B,1,faa/faa_registry/ENGINE.txt
42287,LYCOMING,O-360-C2C,1,faa/faa_registry/ENGINE.txt
42303,LYCOMING,O-360-C2D,1,faa/faa_registry/ENGINE.txt
42288,LYCOMING,O-360-C2E,1,faa/faa_registry/ENGINE.txt
42290,LYCOMING,O-360-C4F,1,faa/faa_registry/ENGINE.txt
42289,LYCOMING,O-360-C4P,1,faa/faa_registry/ENGINE.txt
42300,LYCOMING,O-360-D1A,1,faa/faa_registry/ENGINE.txt
42301,LYCOMING,O-360-D2A,1,faa/faa_registry/ENGINE.txt
42302,LYCOMING,O-360-D2B,1,faa/faa_registry/ENGINE.txt
42305,LYCOMING,O-360-E1A6D,1,faa/faa_registry/ENGINE.txt
42304,LYCOMING,O-360-E1AD,1,faa/faa_registry/ENGINE.txt
42307,LYCOMING,O-360-E1BD,1,faa/faa_registry/ENGINE.txt
42306,LYCOMING,O-360-E2AD,1,faa/faa_registry/ENGINE.txt
42308,LYCOMING,O-360-E2BD,1,faa/faa_registry/ENGINE.txt
42291,LYCOMING,O-360-F1A6,1,faa/faa_registry/ENGINE.txt
42292,LYCOMING,O-360-G1A6,1,faa/faa_registry/ENGINE.txt
42314,LYCOMING,O-360-J2A,1,faa/faa_registry/ENGINE.txt
41400,LYCOMING,O-390 SERIES,1,faa/faa_registry/ENGINE.txt
42063,LYCOMING,O-435,1,faa/faa_registry/ENGINE.txt
42365,LYCOMING,O-435-2-MI,1,faa/faa_registry/ENGINE.txt
42068,LYCOMING,O-435-A,1,faa/faa_registry/ENGINE.txt
42065,LYCOMING,O-435-A2,1,faa/faa_registry/ENGINE.txt
42064,LYCOMING,O-435-B,1,faa/faa_registry/ENGINE.txt
42070,LYCOMING,O-435-C,1,faa/faa_registry/ENGINE.txt
42069,LYCOMING,O-435-C1,1,faa/faa_registry/ENGINE.txt
42071,LYCOMING,O-435-C2,1,faa/faa_registry/ENGINE.txt
42066,LYCOMING,O-435-K,1,faa/faa_registry/ENGINE.txt
42067,LYCOMING,O-435-K1,1,faa/faa_registry/ENGINE.txt
42426,LYCOMING,O-450-25,1,faa/faa_registry/ENGINE.txt
42713,LYCOMING,O-540 SERIES,1,faa/faa_registry/ENGINE.txt
42319,LYCOMING,O-540-A1A,1,faa/faa_registry/ENGINE.txt
42320,LYCOMING,O-540-A1A5,1,faa/faa_registry/ENGINE.txt
42321,LYCOMING,O-540-A1B5,1,faa/faa_registry/ENGINE.txt
42322,LYCOMING,O-540-A1C5,1,faa/faa_registry/ENGINE.txt
42323,LYCOMING,O-540-A1D,1,faa/faa_registry/ENGINE.txt
42324,LYCOMING,O-540-A1D5,1,faa/faa_registry/ENGINE.txt
42325,LYCOMING,O-540-A2B,1,faa/faa_registry/ENGINE.txt
42326,LYCOMING,O-540-A3D5,1,faa/faa_registry/ENGINE.txt
42327,LYCOMING,O-540-A4A5,1,faa/faa_registry/ENGINE.txt
42328,LYCOMING,O-540-A4B5,1,faa/faa_registry/ENGINE.txt
42329,LYCOMING,O-540-A4C5,1,faa/faa_registry/ENGINE.txt
42330,LYCOMING,O-540-A4D5,1,faa/faa_registry/ENGINE.txt
42332,LYCOMING,O-540-B1A5,1,faa/faa_registry/ENGINE.txt
42333,LYCOMING,O-540-B1B5,1,faa/faa_registry/ENGINE.txt
42334,LYCOMING,O-540-B1D5,1,faa/faa_registry/ENGINE.txt
42335|42336,LYCOMING,O-540-B2A5,1,faa/faa_registry/ENGINE.txt
42337,LYCOMING,O-540-B2B5,1,faa/faa_registry/ENGINE.txt
42338,LYCOMING,O-540-B2C5,1,faa/faa_registry/ENGINE.txt
42339,LYCOMING,O-540-B4A5,1,faa/faa_registry/ENGINE.txt
42340,LYCOMING,O-540-B4B5,1,faa/faa_registry/ENGINE.txt
42331,LYCOMING,O-540-D1A5,1,faa/faa_registry/ENGINE.txt
42341,LYCOMING,O-540-E4A5,1,faa/faa_registry/ENGINE.txt
42342,LYCOMING,O-540-E4B5,1,faa/faa_registry/ENGINE.txt
42391,LYCOMING,O-540-E4C5,1,faa/faa_registry/ENGINE.txt
42343,LYCOMING,O-540-E4G5,1,faa/faa_registry/ENGINE.txt
42352,LYCOMING,O-540-F1A5,1,faa/faa_registry/ENGINE.txt
42353,LYCOMING,O-540-F1B5,1,faa/faa_registry/ENGINE.txt
42344,LYCOMING,O-540-G1A5,1,faa/faa_registry/ENGINE.txt
42345,LYCOMING,O-540-G2A5,1,faa/faa_registry/ENGINE.txt
42346,LYCOMING,O-540-H1A5,1,faa/faa_registry/ENGINE.txt
42348,LYCOMING,O-540-H1A5D,1,faa/faa_registry/ENGINE.txt
42350,LYCOMING,O-540-H1B5D,1,faa/faa_registry/ENGINE.txt
42347,LYCOMING,O-540-H2A5,1,faa/faa_registry/ENGINE.txt
42349,LYCOMING,O-540-H2A5D,1,faa/faa_registry/ENGINE.txt
42354,LYCOMING,O-540-J1A5D,1,faa/faa_registry/ENGINE.txt
42356,LYCOMING,O-540-J1B5D,1,faa/faa_registry/ENGINE.txt
42359,LYCOMING,O-540-J1C5D,1,faa/faa_registry/ENGINE.txt
42362,LYCOMING,O-540-J1D5D,1,faa/faa_registry/ENGINE.txt
42355,LYCOMING,O-540-J2A5D,1,faa/faa_registry/ENGINE.txt
42357,LYCOMING,O-540-J2B5D,1,faa/faa_registry/ENGINE.txt
42360,LYCOMING,O-540-J2C5D,1,faa/faa_registry/ENGINE.txt
42363,LYCOMING,O-540-J2D5D,1,faa/faa_registry/ENGINE.txt
42358,LYCOMING,O-540-J3A5D,1,faa/faa_registry/ENGINE.txt
42361,LYCOMING,O-540-J3C5D,1,faa/faa_registry/ENGINE.txt
42364,LYCOMING,O-540-L3C5D,1,faa/faa_registry/ENGINE.txt
42166,LYCOMING,O235N2C,8,faa/faa_registry/ENGINE.txt
41570|41571,LYCOMING,R-1820 SER,1|2,faa/faa_registry/ENGINE.txt
42379,LYCOMING,R-530-D-2,1,faa/faa_registry/ENGINE.txt
42378,LYCOMING,R-530-D1,1,faa/faa_registry/ENGINE.txt
42368,LYCOMING,R-680-2,1,faa/faa_registry/ENGINE.txt
42369,LYCOMING,R-680-4,1,faa/faa_registry/ENGINE.txt
42372,LYCOMING,R-680-5,1,faa/faa_registry/ENGINE.txt
42374,LYCOMING,R-680-6,1,faa/faa_registry/ENGINE.txt
42366,LYCOMING,R-680-B2,1,faa/faa_registry/ENGINE.txt
42370,LYCOMING,R-680-B4,1,faa/faa_registry/ENGINE.txt
42371,LYCOMING,R-680-B4B,1,faa/faa_registry/ENGINE.txt
42373,LYCOMING,R-680-B5,1,faa/faa_registry/ENGINE.txt
42375,LYCOMING,R-680-B6,1,faa/faa_registry/ENGINE.txt
42367,LYCOMING,R-680-BA,1,faa/faa_registry/ENGINE.txt
42376,LYCOMING,R-680-D5,1,faa/faa_registry/ENGINE.txt
42377,LYCOMING,R-680-D6,1,faa/faa_registry/ENGINE.txt
42026,LYCOMING,R-680E1,1,faa/faa_registry/ENGINE.txt
42022,LYCOMING,R-680E2,1,faa/faa_registry/ENGINE.txt
42023,LYCOMING,R-680E3,1,faa/faa_registry/ENGINE.txt
41540,LYCOMING,R680,1,faa/faa_registry/ENGINE.txt
42408,LYCOMING,R680-13,1,faa/faa_registry/ENGINE.txt
42404,LYCOMING,R680-17,1,faa/faa_registry/ENGINE.txt
41541,LYCOMING,R680-2-B2-BA,1,faa/faa_registry/ENGINE.txt
41542,LYCOMING,R680-4P-B4,1,faa/faa_registry/ENGINE.txt
41543,LYCOMING,R680-5-B5-D5,1,faa/faa_registry/ENGINE.txt
41544,LYCOMING,R680-6B6-D6,1,faa/faa_registry/ENGINE.txt
41545,LYCOMING,R680E SERIES,1,faa/faa_registry/ENGINE.txt
42024,LYCOMING,R680E3A,1,faa/faa_registry/ENGINE.txt
42025,LYCOMING,R680E3B,1,faa/faa_registry/ENGINE.txt
42225,LYCOMING,SO-580-A1A,1,faa/faa_registry/ENGINE.txt
42226,LYCOMING,SO-580-A1B,1,faa/faa_registry/ENGINE.txt
41552,LYCOMING,T-53,3,faa/faa_registry/ENGINE.txt
41587,LYCOMING,T-53 SER,2,faa/faa_registry/ENGINE.txt
41549,LYCOMING,T-53 SERIES,1,faa/faa_registry/ENGINE.txt
41554,LYCOMING,T-55 SER TP,2,faa/faa_registry/ENGINE.txt
41555,LYCOMING,T-55 SER TS,3,faa/faa_registry/ENGINE.txt
41528,LYCOMING,T0-360 SER,1,faa/faa_registry/ENGINE.txt
41574,LYCOMING,T53-L-11D,3,faa/faa_registry/ENGINE.txt
41551,LYCOMING,T53-L-13,3,faa/faa_registry/ENGINE.txt
41220,LYCOMING,T53-L-13B,3,faa/faa_registry/ENGINE.txt
41578,LYCOMING,T53-L-701,2,faa/faa_registry/ENGINE.txt
41610,LYCOMING,T5307A,2,faa/faa_registry/ENGINE.txt
41603,LYCOMING,T5309A,3,faa/faa_registry/ENGINE.txt
41604,LYCOMING,T5309B,3,faa/faa_registry/ENGINE.txt
41605,LYCOMING,T5309C,3,faa/faa_registry/ENGINE.txt
41606,LYCOMING,T5311A,3,faa/faa_registry/ENGINE.txt
41607,LYCOMING,T5311B,3,faa/faa_registry/ENGINE.txt
41613,LYCOMING,T5313B,3,faa/faa_registry/ENGINE.txt
41614,LYCOMING,T5317A,3,faa/faa_registry/ENGINE.txt
41615,LYCOMING,T5317A-1,3,faa/faa_registry/ENGINE.txt
41616,LYCOMING,T5317B,3,faa/faa_registry/ENGINE.txt
41557,LYCOMING,T53L-703,3,faa/faa_registry/ENGINE.txt
41609,LYCOMING,T5508D,3,faa/faa_registry/ENGINE.txt
42715,LYCOMING,TEO-540-C1A,1,faa/faa_registry/ENGINE.txt
41533,LYCOMING,TI0-540 SER,2,faa/faa_registry/ENGINE.txt
41536,LYCOMING,TI0-541 SER,1,faa/faa_registry/ENGINE.txt
42010,LYCOMING,TIFO-541-B1A,1,faa/faa_registry/ENGINE.txt
42011,LYCOMING,TIGO-541-C1A,1,faa/faa_registry/ENGINE.txt
42012,LYCOMING,TIGO-541-D1A,1,faa/faa_registry/ENGINE.txt
42013,LYCOMING,TIGO-541-D1B,1,faa/faa_registry/ENGINE.txt
42014,LYCOMING,TIGO-541-E1A,1,faa/faa_registry/ENGINE.txt
42015,LYCOMING,TIGO-541-G1AD,1,faa/faa_registry/ENGINE.txt
41539,LYCOMING,TIGO-541SER,1,faa/faa_registry/ENGINE.txt
41569|42500,LYCOMING,TIO 540 SER,1|2,faa/faa_registry/ENGINE.txt
41572,LYCOMING,TIO-360 SER,1,faa/faa_registry/ENGINE.txt
42006,LYCOMING,TIO-360-A1A,1,faa/faa_registry/ENGINE.txt
42007,LYCOMING,TIO-360-A1B,1,faa/faa_registry/ENGINE.txt
42008,LYCOMING,TIO-360-A3B6,1,faa/faa_registry/ENGINE.txt
42260,LYCOMING,TIO-360-C1A,1,faa/faa_registry/ENGINE.txt
42009,LYCOMING,TIO-360-C1A6D,1,faa/faa_registry/ENGINE.txt
41966,LYCOMING,TIO-540-A1A,1,faa/faa_registry/ENGINE.txt
41967,LYCOMING,TIO-540-A1B,1,faa/faa_registry/ENGINE.txt
41970,LYCOMING,TIO-540-A1C,1,faa/faa_registry/ENGINE.txt
41968,LYCOMING,TIO-540-A2A,1,faa/faa_registry/ENGINE.txt
41969,LYCOMING,TIO-540-A2B,1,faa/faa_registry/ENGINE.txt
41971,LYCOMING,TIO-540-A2C,1,faa/faa_registry/ENGINE.txt
41996,LYCOMING,TIO-540-AA1AD,1,faa/faa_registry/ENGINE.txt
41997,LYCOMING,TIO-540-AB1AD,1,faa/faa_registry/ENGINE.txt
41998,LYCOMING,TIO-540-AB1BD,1,faa/faa_registry/ENGINE.txt
40999|41999,LYCOMING,TIO-540-AE2A,1|2,faa/faa_registry/ENGINE.txt
42000,LYCOMING,TIO-540-AF1A,1,faa/faa_registry/ENGINE.txt
42001,LYCOMING,TIO-540-AF1B,1,faa/faa_registry/ENGINE.txt
42002,LYCOMING,TIO-540-AG1A,1,faa/faa_registry/ENGINE.txt
42003,LYCOMING,TIO-540-AH1A,1,faa/faa_registry/ENGINE.txt
42004,LYCOMING,TIO-540-AJ1A,1,faa/faa_registry/ENGINE.txt
42005,LYCOMING,TIO-540-AK1A,2,faa/faa_registry/ENGINE.txt
41984,LYCOMING,TIO-540-C1A,1,faa/faa_registry/ENGINE.txt
41972,LYCOMING,TIO-540-E1A,1,faa/faa_registry/ENGINE.txt
41974,LYCOMING,TIO-540-F2BD,1,faa/faa_registry/ENGINE.txt
41985,LYCOMING,TIO-540-G1A,1,faa/faa_registry/ENGINE.txt
41973,LYCOMING,TIO-540-H1A,1,faa/faa_registry/ENGINE.txt
41976,LYCOMING,TIO-540-J2B,1,faa/faa_registry/ENGINE.txt
41977,LYCOMING,TIO-540-J2BD,1,faa/faa_registry/ENGINE.txt
41986,LYCOMING,TIO-540-K1AD,1,faa/faa_registry/ENGINE.txt
41978,LYCOMING,TIO-540-N2BD,1,faa/faa_registry/ENGINE.txt
41982,LYCOMING,TIO-540-R2AD,1,faa/faa_registry/ENGINE.txt
41988,LYCOMING,TIO-540-S1AD,1,faa/faa_registry/ENGINE.txt
41989,LYCOMING,TIO-540-T2AD,1,faa/faa_registry/ENGINE.txt
41990,LYCOMING,TIO-540-U2A,1,faa/faa_registry/ENGINE.txt
41992,LYCOMING,TIO-540-V2AD,1,faa/faa_registry/ENGINE.txt
41994,LYCOMING,TIO-540-W2A,1,faa/faa_registry/ENGINE.txt
42390,LYCOMING,TIO-540-X136,1,faa/faa_registry/ENGINE.txt
41698,LYCOMING,TIO-541 SER,1,faa/faa_registry/ENGINE.txt
41960,LYCOMING,TIO-541-A1A,1,faa/faa_registry/ENGINE.txt
41961,LYCOMING,TIO-541-E1A4,1,faa/faa_registry/ENGINE.txt
41962,LYCOMING,TIO-541-E1B4,1,faa/faa_registry/ENGINE.txt
41963,LYCOMING,TIO-541-E1C4,1,faa/faa_registry/ENGINE.txt
41964,LYCOMING,TIO-541-E1D4,1,faa/faa_registry/ENGINE.txt
42016,LYCOMING,TO-360-A1A6D,1,faa/faa_registry/ENGINE.txt
42017,LYCOMING,TO-360-C1A6D,1,faa/faa_registry/ENGINE.txt
42412,LYCOMING,TO-360-E1A6D,1,faa/faa_registry/ENGINE.txt
42019,LYCOMING,TO-360-E1A6D1,1,faa/faa_registry/ENGINE.txt
42018,LYCOMING,TO-360-F1A6D,1,faa/faa_registry/ENGINE.txt
41561,LYCOMING,TSIO-360SER,2,faa/faa_registry/ENGINE.txt
41937,LYCOMING,TVO-435-A1A,1,faa/faa_registry/ENGINE.txt
41938,LYCOMING,TVO-435-B1A,1,faa/faa_registry/ENGINE.txt
41939,LYCOMING,TVO-435-B1B,1,faa/faa_registry/ENGINE.txt
41940,LYCOMING,TVO-435-C1A,1,faa/faa_registry/ENGINE.txt
41941,LYCOMING,TVO-435-D1A,1,faa/faa_registry/ENGINE.txt
41942,LYCOMING,TVO-435-D1B,1,faa/faa_registry/ENGINE.txt
41945,LYCOMING,TVO-435-E1A,1,faa/faa_registry/ENGINE.txt
41944,LYCOMING,TVO-435-F1A,1,faa/faa_registry/ENGINE.txt
41746|41946,LYCOMING,TVO-435-G1A,1|2,faa/faa_registry/ENGINE.txt
41947,LYCOMING,TVO-435-G1B,1,faa/faa_registry/ENGINE.txt
41526,LYCOMING,TVO-435-GIA,2,faa/faa_registry/ENGINE.txt
41630,LYCOMING,V0-360-A1A,1,faa/faa_registry/ENGINE.txt
41631,LYCOMING,V0-360-A1B,1,faa/faa_registry/ENGINE.txt
41632,LYCOMING,V0-360-B1A,1,faa/faa_registry/ENGINE.txt
41525,LYCOMING,VO-435 SERIES,1,faa/faa_registry/ENGINE.txt
42195,LYCOMING,VO-435-A1A,1,faa/faa_registry/ENGINE.txt
42196,LYCOMING,VO-435-A1B,1,faa/faa_registry/ENGINE.txt
42197,LYCOMING,VO-435-A1C,1,faa/faa_registry/ENGINE.txt
42198,LYCOMING,VO-435-A1D,1,faa/faa_registry/ENGINE.txt
42199,LYCOMING,VO-435-A1E,1,faa/faa_registry/ENGINE.txt
42200,LYCOMING,VO-435-A1F,1,faa/faa_registry/ENGINE.txt
42201,LYCOMING,VO-435-B1A,1,faa/faa_registry/ENGINE.txt
41582,LYCOMING,VO-540 SER,3,faa/faa_registry/ENGINE.txt
41534,LYCOMING,VO-540 SERIES,1,faa/faa_registry/ENGINE.txt
42228,LYCOMING,VO-540-A1A,1,faa/faa_registry/ENGINE.txt
42229,LYCOMING,VO-540-A2A,1,faa/faa_registry/ENGINE.txt
42230,LYCOMING,VO-540-B1A,1,faa/faa_registry/ENGINE.txt
42231,LYCOMING,VO-540-B1B,1,faa/faa_registry/ENGINE.txt
42232,LYCOMING,VO-540-B1B3,1,faa/faa_registry/ENGINE.txt
42233,LYCOMING,VO-540-B1C,1,faa/faa_registry/ENGINE.txt
42238,LYCOMING,VO-540-B1D,1,faa/faa_registry/ENGINE.txt
42239,LYCOMING,VO-540-B1E,1,faa/faa_registry/ENGINE.txt
42234,LYCOMING,VO-540-B1F,1,faa/faa_registry/ENGINE.txt
42235,LYCOMING,VO-540-B1H3,1,faa/faa_registry/ENGINE.txt
42236,LYCOMING,VO-540-B2A,1,faa/faa_registry/ENGINE.txt
42237,LYCOMING,VO-540-B2C,1,faa/faa_registry/ENGINE.txt
42240,LYCOMING,VO-540-B2D,1,faa/faa_registry/ENGINE.txt
42241,LYCOMING,VO-540-B2E,1,faa/faa_registry/ENGINE.txt
42242,LYCOMING,VO-540-C1A,1,faa/faa_registry/ENGINE.txt
42243,LYCOMING,VO-540-C1B,1,faa/faa_registry/ENGINE.txt
42247,LYCOMING,VO-540-C1C3,1,faa/faa_registry/ENGINE.txt
42244,LYCOMING,VO-540-C2A,1,faa/faa_registry/ENGINE.txt
42245,LYCOMING,VO-540-C2B,1,faa/faa_registry/ENGINE.txt
42246,LYCOMING,VO540-C2C,1,faa/faa_registry/ENGINE.txt
42227,LYCOMING,VSO-580-A1A,1,faa/faa_registry/ENGINE.txt
41460,LYCOMING,X(I)O 320,8,faa/faa_registry/ENGINE.txt
41455,LYCOMING,XIO-360 SERIE,1,faa/faa_registry/ENGINE.txt
41451,LYCOMING,XIO-390 SERIE,1,faa/faa_registry/ENGINE.txt
41450,LYCOMING,XIO-390-A3B6,8,faa/faa_registry/ENGINE.txt
41462,LYCOMING,XIO-540 SERIE,1,faa/faa_registry/ENGINE.txt
41000,LYCOMING,XLIO-360A1B,1,faa/faa_registry/ENGINE.txt
41010,LYCOMING,XLO-360 SERIE,1,faa/faa_registry/ENGINE.txt
43104,LYCOMING,YAEIO-233-EXP,1,faa/faa_registry/ENGINE.txt
41770,LYCOMING,YAEIO-540,1,faa/faa_registry/ENGINE.txt
42770,LYCOMING,YAEIO-580,1,faa/faa_registry/ENGINE.txt
42711,LYCOMING,YIO-233-B2A,8,faa/faa_registry/ENGINE.txt
42417,LYCOMING,YIO-320 SERIE,1,faa/faa_registry/ENGINE.txt
41710,LYCOMING,YIO-360 EXP,1,faa/faa_registry/ENGINE.txt
41699,LYCOMING,YIO-360-A186,1,faa/faa_registry/ENGINE.txt
42416,LYCOMING,YIO-360-M1A,1,faa/faa_registry/ENGINE.txt
42414,LYCOMING,YIO-360-M1B,1,faa/faa_registry/ENGINE.txt
42418,LYCOMING,YIO-390 SER,1,faa/faa_registry/ENGINE.txt
42420,LYCOMING,YIO-390-A3B6,1,faa/faa_registry/ENGINE.txt
42430,LYCOMING,YIO-390EXP109,1,faa/faa_registry/ENGINE.txt
42431,LYCOMING,YIO-390EXP289,1,faa/faa_registry/ENGINE.txt
41779,LYCOMING,YIO-540 SERIE,1,faa/faa_registry/ENGINE.txt
42413,LYCOMING,YO-233,8,faa/faa_registry/ENGINE.txt
42424,LYCOMING,YO-320 SERIES,1,faa/faa_registry/ENGINE.txt
42422,LYCOMING,YO-360 SERIES,1,faa/faa_registry/ENGINE.txt
41586|42427,LYCOMING,YO-360-A1A,8,faa/faa_registry/ENGINE.txt
42423,LYCOMING,YO235 SERIES,8,faa/faa_registry/ENGINE.txt
41550,LYCOMING,YT55-L-9,3,faa/faa_registry/ENGINE.txt
42801,LZ DESIGN,FES SIL 100,10,faa/faa_registry/ENGINE.txt
42813,LZ DESIGN,FES-AS-M100,10,faa/faa_registry/ENGINE.txt
42811,LZ DESIGN,FES-DIA-M100,10,faa/faa_registry/ENGINE.txt
42810,LZ DESIGN,FES-LAK-M100,10,faa/faa_registry/ENGINE.txt
42805,LZ DESIGN,FES-VEN-M100,10,faa/faa_registry/ENGINE.txt
42812,LZ DESIGN,LES-LAK-C100,10,faa/faa_registry/ENGINE.txt
45010,M&D FLUGZE,MD-TJ42,4,faa/faa_registry/ENGINE.txt
99222,MAGICALL,MAGIDRIVE 75,10,faa/faa_registry/ENGINE.txt
43300,MAGNIX,MAGNI250,10,faa/faa_registry/ENGINE.txt
43301,MAGNIX,MAGNI500,10,faa/faa_registry/ENGINE.txt
43302,MAGNIX,MAGNI650,10,faa/faa_registry/ENGINE.txt
59603,MATTITUCK,IO-360,1,faa/faa_registry/ENGINE.txt
59602,MATTITUCK,TMX 360,1,faa/faa_registry/ENGINE.txt
59606,MATTITUCK,TMX 390,1,faa/faa_registry/ENGINE.txt
59608,MATTITUCK,TMX IO-360,1,faa/faa_registry/ENGINE.txt
59605,MATTITUCK,TMX IO-390,8,faa/faa_registry/ENGINE.txt
59609,MATTITUCK,TMX IO540D4A5,1,faa/faa_registry/ENGINE.txt
59600,MATTITUCK,TMX O-200,8,faa/faa_registry/ENGINE.txt
59601,MATTITUCK,TMX O-320,1,faa/faa_registry/ENGINE.txt
59610,MATTITUCK,TMX O-360,1,faa/faa_registry/ENGINE.txt
59607,MATTITUCK,TMX-0-360-A1A,8,faa/faa_registry/ENGINE.txt
59604,MATTITUCK,TMX-540,1,faa/faa_registry/ENGINE.txt
43200|43201,MAZDA,13B,1|11,faa/faa_registry/ENGINE.txt
43103,MCCULLOCH,430,1,faa/faa_registry/ENGINE.txt
30181,MCCULLOCH,4318 SERIES,1,faa/faa_registry/ENGINE.txt
43101,MCCULLOCH,4318A&E/0-100,1,faa/faa_registry/ENGINE.txt
43102,MCCULLOCH,ALL MDLS A/B,1,faa/faa_registry/ENGINE.txt
43501,MENASCO,0-45,1,faa/faa_registry/ENGINE.txt
43520,MENASCO,A-6,1,faa/faa_registry/ENGINE.txt
43516,MENASCO,B6S,1,faa/faa_registry/ENGINE.txt
43512,MENASCO,BUCCANEER B-6,1,faa/faa_registry/ENGINE.txt
43509,MENASCO,BUCCANEER B6S,1,faa/faa_registry/ENGINE.txt
43515,MENASCO,C6S-4,1,faa/faa_registry/ENGINE.txt
43519,MENASCO,DR-87,1,faa/faa_registry/ENGINE.txt
43521,MENASCO,PIRATE A-4,1,faa/faa_registry/ENGINE.txt
43510,MENASCO,PIRATE B-4,1,faa/faa_registry/ENGINE.txt
43517,MENASCO,PIRATE C4,1,faa/faa_registry/ENGINE.txt
43504,MENASCO,PIRATE C4 D4,1,faa/faa_registry/ENGINE.txt
43505,MENASCO,PIRATE C4S,1,faa/faa_registry/ENGINE.txt
43518,MENASCO,PIRATE D4,1,faa/faa_registry/ENGINE.txt
43523,MENASCO,PIRATE D4-87,1,faa/faa_registry/ENGINE.txt
43511,MENASCO,PIRATE M-50,1,faa/faa_registry/ENGINE.txt
43522,MENASCO,S PIRATE D4B,1,faa/faa_registry/ENGINE.txt
43513,MENASCO,S PIRATE DRB,1,faa/faa_registry/ENGINE.txt
43506,MENASCO,SUP PIRT D4B,1,faa/faa_registry/ENGINE.txt
43701,MERCEDES,D111A,1,faa/faa_registry/ENGINE.txt
43810,MERCURY,1000,1,faa/faa_registry/ENGINE.txt
43801,MERCURY,MK78/75/,1,faa/faa_registry/ENGINE.txt
43901,MICRO,TRS-18,4,faa/faa_registry/ENGINE.txt
43951,MICRORURBO,TJ100B,4,faa/faa_registry/ENGINE.txt
51500,MID-WEST,AE50R,1,faa/faa_registry/ENGINE.txt
44003,MILW PARTS,TANK V470,1,faa/faa_registry/ENGINE.txt
44002,MILW PARTS,TANK V502,1,faa/faa_registry/ENGINE.txt
44001,MILW PARTS,TANK VSER,1,faa/faa_registry/ENGINE.txt
44100,MISTRAL,G-190,1,faa/faa_registry/ENGINE.txt
44101,MISTRAL,G-300,11,faa/faa_registry/ENGINE.txt
45999,MONOCOUPE,LAMBERT R-266,1,faa/faa_registry/ENGINE.txt
46100,MOTO GUZZI,750,1,faa/faa_registry/ENGINE.txt
46025,MOTOR-SICH,AI-25TL,5,faa/faa_registry/ENGINE.txt
46007,MOTORLET,M-701(SERIES),4,faa/faa_registry/ENGINE.txt
46000,MOTORLET,M-701C,4,faa/faa_registry/ENGINE.txt
46006,MOTORLET,M601D-11,2,faa/faa_registry/ENGINE.txt
46001,MOTORLET,M601E-11,2,faa/faa_registry/ENGINE.txt
46003,MOTORLET,M601E-11A,2,faa/faa_registry/ENGINE.txt
46004,MOTORLET,M601E-11AS,2,faa/faa_registry/ENGINE.txt
46002,MOTORLET,M601E-11S,2,faa/faa_registry/ENGINE.txt
46005,MOTORLET,M601F,2,faa/faa_registry/ENGINE.txt
46060,MOTORSTAR,M-14P-XEDK,1,faa/faa_registry/ENGINE.txt
46061,MOTORSTAR,M14-PDXK,1,faa/faa_registry/ENGINE.txt
47400,NATIONAL A,E-107A,1,faa/faa_registry/ENGINE.txt
47401,NATIONAL A,E-113,1,faa/faa_registry/ENGINE.txt
47402,NATIONAL A,E-113A,1,faa/faa_registry/ENGINE.txt
47403,NATIONAL A,E-113B,1,faa/faa_registry/ENGINE.txt
47404,NATIONAL A,E-113C,1,faa/faa_registry/ENGINE.txt
47406,NATIONAL A,E-113CB,1,faa/faa_registry/ENGINE.txt
47407,NATIONAL A,E-113CD,1,faa/faa_registry/ENGINE.txt
47405,NATIONAL A,E-113CDB,1,faa/faa_registry/ENGINE.txt
47501,NELSON,H-44-54-59-63,1,faa/faa_registry/ENGINE.txt
47801,OLDSMOBILE,ROCKET 64654,1,faa/faa_registry/ENGINE.txt
47850,ONAN,ALL MDLS A/B,1,faa/faa_registry/ENGINE.txt
47870,ORBITAL,N20B,7,faa/faa_registry/ENGINE.txt
47906,ORENDA,10,4,faa/faa_registry/ENGINE.txt
47910,ORENDA,14,4,faa/faa_registry/ENGINE.txt
47912,ORENDA,J85-15,4,faa/faa_registry/ENGINE.txt
47915,ORENDA,J85-CAN-15,4,faa/faa_registry/ENGINE.txt
47911,ORENDA,OE600A,1,faa/faa_registry/ENGINE.txt
48001,OUTBOARD,BIG TWIN,1,faa/faa_registry/ENGINE.txt
52132,P & W,127,2,faa/faa_registry/ENGINE.txt
51736,P & W,2SD-G,1,faa/faa_registry/ENGINE.txt
51737,P & W,2SD1-G,1,faa/faa_registry/ENGINE.txt
51739,P & W,2SD13-G,1,faa/faa_registry/ENGINE.txt
52087,P & W,985 WASP JR A,1,faa/faa_registry/ENGINE.txt
52005,P & W,985 WASP SER,1,faa/faa_registry/ENGINE.txt
52074,P & W,A HORNET,1,faa/faa_registry/ENGINE.txt
52078,P & W,A WASP,1,faa/faa_registry/ENGINE.txt
52075,P & W,A-1,1,faa/faa_registry/ENGINE.txt
52076,P & W,A-2,1,faa/faa_registry/ENGINE.txt
52077,P & W,A-3,1,faa/faa_registry/ENGINE.txt
52038,P & W,B HORNET,1,faa/faa_registry/ENGINE.txt
52079,P & W,B WASP,1,faa/faa_registry/ENGINE.txt
52149,P & W,B-4,1,faa/faa_registry/ENGINE.txt
51695,P & W,B-5 WASP JR,1,faa/faa_registry/ENGINE.txt
52031,P & W,B1,1,faa/faa_registry/ENGINE.txt
52030,P & W,B1-G,1,faa/faa_registry/ENGINE.txt
51701,P & W,B13,1,faa/faa_registry/ENGINE.txt
51702,P & W,B14,1,faa/faa_registry/ENGINE.txt
51697,P & W,B5 WASP MAJOR,1,faa/faa_registry/ENGINE.txt
51699,P & W,B6,1,faa/faa_registry/ENGINE.txt
51700,P & W,B7,1,faa/faa_registry/ENGINE.txt
52081,P & W,C WASP,1,faa/faa_registry/ENGINE.txt
52082,P & W,C1,1,faa/faa_registry/ENGINE.txt
51706,P & W,CA15,1,faa/faa_registry/ENGINE.txt
51708,P & W,CA17,1,faa/faa_registry/ENGINE.txt
51710,P & W,CA18,1,faa/faa_registry/ENGINE.txt
51712,P & W,CA19,1,faa/faa_registry/ENGINE.txt
51707,P & W,CA3,1,faa/faa_registry/ENGINE.txt
51709,P & W,CA5,1,faa/faa_registry/ENGINE.txt
51745,P & W,CB16,1,faa/faa_registry/ENGINE.txt
51746,P & W,CB17,1,faa/faa_registry/ENGINE.txt
51698,P & W,CB2,1,faa/faa_registry/ENGINE.txt
51744,P & W,CB3,1,faa/faa_registry/ENGINE.txt
51747,P & W,CB4,1,faa/faa_registry/ENGINE.txt
52083,P & W,CD,1,faa/faa_registry/ENGINE.txt
51740,P & W,D-3,1,faa/faa_registry/ENGINE.txt
51738,P & W,D-4,1,faa/faa_registry/ENGINE.txt
51741,P & W,D-5,1,faa/faa_registry/ENGINE.txt
51742,P & W,D-7,1,faa/faa_registry/ENGINE.txt
51743,P & W,D14,1,faa/faa_registry/ENGINE.txt
52378,P & W,F100-PW200,5,faa/faa_registry/ENGINE.txt
51513,P & W,F117-PW-100,5,faa/faa_registry/ENGINE.txt
51762,P & W,J-60-P3A,4,faa/faa_registry/ENGINE.txt
51758,P & W,J52 P08,4,faa/faa_registry/ENGINE.txt
51757,P & W,J52-P-408,4,faa/faa_registry/ENGINE.txt
51756,P & W,J52-P-8B,4,faa/faa_registry/ENGINE.txt
51705,P & W,J60-P-5B,4,faa/faa_registry/ENGINE.txt
51754,P & W,J60-P-6,4,faa/faa_registry/ENGINE.txt
51760,P & W,J60P-5A,4,faa/faa_registry/ENGINE.txt
52047,P & W,JFTD12A SER,3,faa/faa_registry/ENGINE.txt
51502,P & W,JFTD12A-4A,3,faa/faa_registry/ENGINE.txt
51504,P & W,JFTD12A-5A,3,faa/faa_registry/ENGINE.txt
52056,P & W,JT12A SERIES,4,faa/faa_registry/ENGINE.txt
51703,P & W,JT12A-6,4,faa/faa_registry/ENGINE.txt
52042,P & W,JT12A-6 6A,4,faa/faa_registry/ENGINE.txt
51704,P & W,JT12A-6A,4,faa/faa_registry/ENGINE.txt
52052,P & W,JT12A-8,4,faa/faa_registry/ENGINE.txt
52379,P & W,JT15D-5,5,faa/faa_registry/ENGINE.txt
51716,P & W,JT3C-12,4,faa/faa_registry/ENGINE.txt
51713,P & W,JT3C-4,4,faa/faa_registry/ENGINE.txt
52036,P & W,JT3C-4&6,4,faa/faa_registry/ENGINE.txt
51714,P & W,JT3C-6,4,faa/faa_registry/ENGINE.txt
51715,P & W,JT3C-7,4,faa/faa_registry/ENGINE.txt
52035,P & W,JT3D SERIES,5,faa/faa_registry/ENGINE.txt
51679,P & W,JT3D-1,5,faa/faa_registry/ENGINE.txt
51681,P & W,JT3D-1-MC6,5,faa/faa_registry/ENGINE.txt
51683,P & W,JT3D-1-MC7,5,faa/faa_registry/ENGINE.txt
51680,P & W,JT3D-1A,5,faa/faa_registry/ENGINE.txt
51682,P & W,JT3D-1A-MC6,5,faa/faa_registry/ENGINE.txt
51684,P & W,JT3D-1A-MC7,5,faa/faa_registry/ENGINE.txt
51685,P & W,JT3D-3,5,faa/faa_registry/ENGINE.txt
52039,P & W,JT3D-3&3B,5,faa/faa_registry/ENGINE.txt
51686,P & W,JT3D-3B,5,faa/faa_registry/ENGINE.txt
51687,P & W,JT3D-3C,5,faa/faa_registry/ENGINE.txt
51666,P & W,JT3D-5A,5,faa/faa_registry/ENGINE.txt
51688,P & W,JT3D-7,5,faa/faa_registry/ENGINE.txt
51689,P & W,JT3D-7A,5,faa/faa_registry/ENGINE.txt
51720,P & W,JT4A-10,4,faa/faa_registry/ENGINE.txt
51721,P & W,JT4A-11,4,faa/faa_registry/ENGINE.txt
51722,P & W,JT4A-12,4,faa/faa_registry/ENGINE.txt
51717,P & W,JT4A-3,4,faa/faa_registry/ENGINE.txt
52037,P & W,JT4A-3&5SER,4,faa/faa_registry/ENGINE.txt
51718,P & W,JT4A-5,4,faa/faa_registry/ENGINE.txt
51719,P & W,JT4A-9,4,faa/faa_registry/ENGINE.txt
52053,P & W,JT8D SERIES,4,faa/faa_registry/ENGINE.txt
52044,P & W,JT8D-1,4,faa/faa_registry/ENGINE.txt
51730,P & W,JT8D-11,4,faa/faa_registry/ENGINE.txt
52051,P & W,JT8D-15,5,faa/faa_registry/ENGINE.txt
51731,P & W,JT8D-15A,5,faa/faa_registry/ENGINE.txt
51732,P & W,JT8D-17,5,faa/faa_registry/ENGINE.txt
52049,P & W,JT8D-17 SER,4,faa/faa_registry/ENGINE.txt
51733,P & W,JT8D-17A,5,faa/faa_registry/ENGINE.txt
51735,P & W,JT8D-17AR,4,faa/faa_registry/ENGINE.txt
51734,P & W,JT8D-17R,4,faa/faa_registry/ENGINE.txt
51723,P & W,JT8D-1A,4,faa/faa_registry/ENGINE.txt
51726,P & W,JT8D-1B,4,faa/faa_registry/ENGINE.txt
51690,P & W,JT8D-209,4,faa/faa_registry/ENGINE.txt
51691,P & W,JT8D-217,4,faa/faa_registry/ENGINE.txt
51692,P & W,JT8D-217A,5,faa/faa_registry/ENGINE.txt
51693,P & W,JT8D-217C,5,faa/faa_registry/ENGINE.txt
51694,P & W,JT8D-219,5,faa/faa_registry/ENGINE.txt
52046,P & W,JT8D-5,4,faa/faa_registry/ENGINE.txt
51724,P & W,JT8D-7,5,faa/faa_registry/ENGINE.txt
51725,P & W,JT8D-7A,5,faa/faa_registry/ENGINE.txt
51727,P & W,JT8D-7B,5,faa/faa_registry/ENGINE.txt
51728,P & W,JT8D-9,4,faa/faa_registry/ENGINE.txt
52048,P & W,JT8D-9 SER,4,faa/faa_registry/ENGINE.txt
51729,P & W,JT8D-9A,4,faa/faa_registry/ENGINE.txt
52054,P & W,JT9D SERIES,5,faa/faa_registry/ENGINE.txt
51547,P & W,JT9D-20,5,faa/faa_registry/ENGINE.txt
51548,P & W,JT9D-20J,5,faa/faa_registry/ENGINE.txt
52050,P & W,JT9D-3A,5,faa/faa_registry/ENGINE.txt
51549,P & W,JT9D-59A,5,faa/faa_registry/ENGINE.txt
51541,P & W,JT9D-7,5,faa/faa_registry/ENGINE.txt
51550,P & W,JT9D-70A,5,faa/faa_registry/ENGINE.txt
51543,P & W,JT9D-7A,5,faa/faa_registry/ENGINE.txt
51544,P & W,JT9D-7AH,5,faa/faa_registry/ENGINE.txt
51545,P & W,JT9D-7F,5,faa/faa_registry/ENGINE.txt
51542,P & W,JT9D-7H,5,faa/faa_registry/ENGINE.txt
51546,P & W,JT9D-7J,5,faa/faa_registry/ENGINE.txt
51551,P & W,JT9D-7Q,5,faa/faa_registry/ENGINE.txt
51552,P & W,JT9D-7Q3,5,faa/faa_registry/ENGINE.txt
51553,P & W,JT9D-7R4D,5,faa/faa_registry/ENGINE.txt
51554,P & W,JT9D-7R4D1,5,faa/faa_registry/ENGINE.txt
51555,P & W,JT9D-7R4E,5,faa/faa_registry/ENGINE.txt
51556,P & W,JT9D-7R4E1,5,faa/faa_registry/ENGINE.txt
51559,P & W,JT9D-7R4E4,5,faa/faa_registry/ENGINE.txt
51557,P & W,JT9D-7R4G2,5,faa/faa_registry/ENGINE.txt
51558,P & W,JT9D-7R4H1,5,faa/faa_registry/ENGINE.txt
52139,P & W,PT6A-20A,2,faa/faa_registry/ENGINE.txt
52141,P & W,PT6A-27,2,faa/faa_registry/ENGINE.txt
52142,P & W,PT6A-28,2,faa/faa_registry/ENGINE.txt
52143,P & W,PT6A-34,2,faa/faa_registry/ENGINE.txt
51520,P & W,PT6T-3,3,faa/faa_registry/ENGINE.txt
51521,P & W,PT6T-3A,3,faa/faa_registry/ENGINE.txt
51522,P & W,PT6T-3B,3,faa/faa_registry/ENGINE.txt
51523,P & W,PT6T-3BE,3,faa/faa_registry/ENGINE.txt
51528,P & W,PT6T-3BF,3,faa/faa_registry/ENGINE.txt
51529,P & W,PT6T-3BG,3,faa/faa_registry/ENGINE.txt
51525,P & W,PT6T-3D,3,faa/faa_registry/ENGINE.txt
51526,P & W,PT6T-3DE,3,faa/faa_registry/ENGINE.txt
51527,P & W,PT6T-3DF,3,faa/faa_registry/ENGINE.txt
51524,P & W,PT6T-6,3,faa/faa_registry/ENGINE.txt
51530,P & W,PT6T-9,3,faa/faa_registry/ENGINE.txt
51764,P & W,PW1500G SER,5,faa/faa_registry/ENGINE.txt
52315,P & W,PW1519G,5,faa/faa_registry/ENGINE.txt
51763,P & W,PW1521G SERIE,5,faa/faa_registry/ENGINE.txt
51770,P & W,PW1524G SERIE,5,faa/faa_registry/ENGINE.txt
51766,P & W,PW1921G,5,faa/faa_registry/ENGINE.txt
51765,P & W,PW2000,5,faa/faa_registry/ENGINE.txt
52117,P & W,PW2037,5,faa/faa_registry/ENGINE.txt
51511,P & W,PW2037(M),5,faa/faa_registry/ENGINE.txt
51512,P & W,PW2037D,5,faa/faa_registry/ENGINE.txt
52121,P & W,PW2040,5,faa/faa_registry/ENGINE.txt
51519,P & W,PW2040D,5,faa/faa_registry/ENGINE.txt
51516,P & W,PW2043,5,faa/faa_registry/ENGINE.txt
51518,P & W,PW2143,5,faa/faa_registry/ENGINE.txt
51514,P & W,PW2240,5,faa/faa_registry/ENGINE.txt
51515,P & W,PW2337,5,faa/faa_registry/ENGINE.txt
51517,P & W,PW2643,5,faa/faa_registry/ENGINE.txt
52128,P & W,PW300 SER,5,faa/faa_registry/ENGINE.txt
51663,P & W,PW4050,5,faa/faa_registry/ENGINE.txt
51664,P & W,PW4052,5,faa/faa_registry/ENGINE.txt
51665,P & W,PW4056,5,faa/faa_registry/ENGINE.txt
52140,P & W,PW4060,5,faa/faa_registry/ENGINE.txt
51667,P & W,PW4060A,5,faa/faa_registry/ENGINE.txt
51677,P & W,PW4060C,5,faa/faa_registry/ENGINE.txt
51674,P & W,PW4062,5,faa/faa_registry/ENGINE.txt
51675,P & W,PW4062A,5,faa/faa_registry/ENGINE.txt
51531,P & W,PW4074,5,faa/faa_registry/ENGINE.txt
51534,P & W,PW4074D,5,faa/faa_registry/ENGINE.txt
51532,P & W,PW4077,5,faa/faa_registry/ENGINE.txt
51535,P & W,PW4077D,5,faa/faa_registry/ENGINE.txt
51533,P & W,PW4084,5,faa/faa_registry/ENGINE.txt
51536,P & W,PW4084D,5,faa/faa_registry/ENGINE.txt
51537,P & W,PW4090,5,faa/faa_registry/ENGINE.txt
51538,P & W,PW4090-3,5,faa/faa_registry/ENGINE.txt
51539,P & W,PW4090D,5,faa/faa_registry/ENGINE.txt
51540,P & W,PW4098,5,faa/faa_registry/ENGINE.txt
51668,P & W,PW4152,5,faa/faa_registry/ENGINE.txt
51669,P & W,PW4156,5,faa/faa_registry/ENGINE.txt
51670,P & W,PW4156A,5,faa/faa_registry/ENGINE.txt
52061,P & W,PW4158,5,faa/faa_registry/ENGINE.txt
51672,P & W,PW4160,5,faa/faa_registry/ENGINE.txt
51508,P & W,PW4164,5,faa/faa_registry/ENGINE.txt
51509,P & W,PW4168,5,faa/faa_registry/ENGINE.txt
51510,P & W,PW4168A,5,faa/faa_registry/ENGINE.txt
51673,P & W,PW4460,5,faa/faa_registry/ENGINE.txt
52171,P & W,PW4462,5,faa/faa_registry/ENGINE.txt
51678,P & W,PW4650,5,faa/faa_registry/ENGINE.txt
51506,P & W,PW6122A,5,faa/faa_registry/ENGINE.txt
51507,P & W,PW6124A,5,faa/faa_registry/ENGINE.txt
51603,P & W,R-1340-19,1,faa/faa_registry/ENGINE.txt
51604,P & W,R-1340-22,1,faa/faa_registry/ENGINE.txt
51605,P & W,R-1340-29,1,faa/faa_registry/ENGINE.txt
51606,P & W,R-1340-36,1,faa/faa_registry/ENGINE.txt
51607,P & W,R-1340-40,1,faa/faa_registry/ENGINE.txt
51608,P & W,R-1340-47,1,faa/faa_registry/ENGINE.txt
51609,P & W,R-1340-49,1,faa/faa_registry/ENGINE.txt
51610,P & W,R-1340-49M1,1,faa/faa_registry/ENGINE.txt
51611,P & W,R-1340-51,1,faa/faa_registry/ENGINE.txt
51614,P & W,R-1340-51M1,1,faa/faa_registry/ENGINE.txt
51615,P & W,R-1340-53,1,faa/faa_registry/ENGINE.txt
51616,P & W,R-1340-57,1,faa/faa_registry/ENGINE.txt
52092,P & W,R-1340-59,1,faa/faa_registry/ENGINE.txt
52137,P & W,R-1340-61,1,faa/faa_registry/ENGINE.txt
51612,P & W,R-1340-AN-1,1,faa/faa_registry/ENGINE.txt
51613,P & W,R-1340-AN-2,1,faa/faa_registry/ENGINE.txt
52020,P & W,R-1830 SERIES,1,faa/faa_registry/ENGINE.txt
51617,P & W,R-1830-43,1,faa/faa_registry/ENGINE.txt
51618,P & W,R-1830-43A,1,faa/faa_registry/ENGINE.txt
51623,P & W,R-1830-49,1,faa/faa_registry/ENGINE.txt
51624,P & W,R-1830-53,1,faa/faa_registry/ENGINE.txt
51625,P & W,R-1830-57,1,faa/faa_registry/ENGINE.txt
51629,P & W,R-1830-61,1,faa/faa_registry/ENGINE.txt
51619,P & W,R-1830-65,1,faa/faa_registry/ENGINE.txt
51620,P & W,R-1830-67,1,faa/faa_registry/ENGINE.txt
51633,P & W,R-1830-75,1,faa/faa_registry/ENGINE.txt
51626,P & W,R-1830-82,1,faa/faa_registry/ENGINE.txt
51621,P & W,R-1830-86M2,1,faa/faa_registry/ENGINE.txt
51630,P & W,R-1830-90B,1,faa/faa_registry/ENGINE.txt
51631,P & W,R-1830-90C,1,faa/faa_registry/ENGINE.txt
51622,P & W,R-1830-90D,1,faa/faa_registry/ENGINE.txt
51627,P & W,R-1830-92,1,faa/faa_registry/ENGINE.txt
51628,P & W,R-1830-92A,1,faa/faa_registry/ENGINE.txt
51634,P & W,R-1830-94,1,faa/faa_registry/ENGINE.txt
51635,P & W,R-1830-94M1,1,faa/faa_registry/ENGINE.txt
51636,P & W,R-1830-94M2,1,faa/faa_registry/ENGINE.txt
51632,P & W,R-1830-96,1,faa/faa_registry/ENGINE.txt
51755,P & W,R-2000,1,faa/faa_registry/ENGINE.txt
52023,P & W,R-2000 SERIES,1,faa/faa_registry/ENGINE.txt
51597,P & W,R-2000-11,1,faa/faa_registry/ENGINE.txt
51598,P & W,R-2000-11M1,1,faa/faa_registry/ENGINE.txt
51592,P & W,R-2000-11M2,1,faa/faa_registry/ENGINE.txt
51593,P & W,R-2000-11M3,1,faa/faa_registry/ENGINE.txt
51599,P & W,R-2000-11M4,1,faa/faa_registry/ENGINE.txt
51594,P & W,R-2000-3,1,faa/faa_registry/ENGINE.txt
51588,P & W,R-2000-4,1,faa/faa_registry/ENGINE.txt
51589,P & W,R-2000-4M1,1,faa/faa_registry/ENGINE.txt
51584,P & W,R-2000-4M2,1,faa/faa_registry/ENGINE.txt
51595,P & W,R-2000-7,1,faa/faa_registry/ENGINE.txt
51596,P & W,R-2000-7M1,1,faa/faa_registry/ENGINE.txt
51582,P & W,R-2000-7M2,1,faa/faa_registry/ENGINE.txt
51600,P & W,R-2000-7M3,1,faa/faa_registry/ENGINE.txt
51585,P & W,R-2000-9,1,faa/faa_registry/ENGINE.txt
51583,P & W,R-2000-94M,1,faa/faa_registry/ENGINE.txt
51586,P & W,R-2000-9A,1,faa/faa_registry/ENGINE.txt
51587,P & W,R-2000-9M1,1,faa/faa_registry/ENGINE.txt
51590,P & W,R-2000-9M2,1,faa/faa_registry/ENGINE.txt
51591,P & W,R-2000-9M3,1,faa/faa_registry/ENGINE.txt
51601,P & W,R-2000-9M6,1,faa/faa_registry/ENGINE.txt
52026,P & W,R-2800 SERIES,1,faa/faa_registry/ENGINE.txt
51571,P & W,R-2800-21,1,faa/faa_registry/ENGINE.txt
51572,P & W,R-2800-21M1,1,faa/faa_registry/ENGINE.txt
51560,P & W,R-2800-27,1,faa/faa_registry/ENGINE.txt
51561,P & W,R-2800-27M1,1,faa/faa_registry/ENGINE.txt
51562,P & W,R-2800-31,1,faa/faa_registry/ENGINE.txt
51563,P & W,R-2800-31M1,1,faa/faa_registry/ENGINE.txt
51580,P & W,R-2800-31M2,1,faa/faa_registry/ENGINE.txt
51564,P & W,R-2800-43,1,faa/faa_registry/ENGINE.txt
51565,P & W,R-2800-51,1,faa/faa_registry/ENGINE.txt
51566,P & W,R-2800-51M1,1,faa/faa_registry/ENGINE.txt
51581,P & W,R-2800-51M2,1,faa/faa_registry/ENGINE.txt
51573,P & W,R-2800-51M3,1,faa/faa_registry/ENGINE.txt
51574,P & W,R-2800-51M4,1,faa/faa_registry/ENGINE.txt
51575,P & W,R-2800-59,1,faa/faa_registry/ENGINE.txt
51576,P & W,R-2800-59M1,1,faa/faa_registry/ENGINE.txt
51577,P & W,R-2800-63,1,faa/faa_registry/ENGINE.txt
51567,P & W,R-2800-71,1,faa/faa_registry/ENGINE.txt
51568,P & W,R-2800-75,1,faa/faa_registry/ENGINE.txt
51569,P & W,R-2800-75M1,1,faa/faa_registry/ENGINE.txt
51578,P & W,R-2800-75M2,1,faa/faa_registry/ENGINE.txt
51579,P & W,R-2800-75M3,1,faa/faa_registry/ENGINE.txt
51570,P & W,R-2800-79,1,faa/faa_registry/ENGINE.txt
51639,P & W,R-985-13,1,faa/faa_registry/ENGINE.txt
51637,P & W,R-985-14B,1,faa/faa_registry/ENGINE.txt
51641,P & W,R-985-17,1,faa/faa_registry/ENGINE.txt
51642,P & W,R-985-19,1,faa/faa_registry/ENGINE.txt
51643,P & W,R-985-23,1,faa/faa_registry/ENGINE.txt
51655,P & W,R-985-25,1,faa/faa_registry/ENGINE.txt
51656,P & W,R-985-27,1,faa/faa_registry/ENGINE.txt
51657,P & W,R-985-39,1,faa/faa_registry/ENGINE.txt
51658,P & W,R-985-39A,2,faa/faa_registry/ENGINE.txt
51644,P & W,R-985-48,1,faa/faa_registry/ENGINE.txt
51638,P & W,R-985-5,1,faa/faa_registry/ENGINE.txt
51640,P & W,R-985-50,1,faa/faa_registry/ENGINE.txt
51659,P & W,R-985-AN-1,1,faa/faa_registry/ENGINE.txt
51651,P & W,R-985-AN-10,1,faa/faa_registry/ENGINE.txt
51652,P & W,R-985-AN-12,1,faa/faa_registry/ENGINE.txt
51653,P & W,R-985-AN-12B,1,faa/faa_registry/ENGINE.txt
51654,P & W,R-985-AN-14B,1,faa/faa_registry/ENGINE.txt
51645,P & W,R-985-AN-1M1,1,faa/faa_registry/ENGINE.txt
51646,P & W,R-985-AN-2,1,faa/faa_registry/ENGINE.txt
51660,P & W,R-985-AN-3,1,faa/faa_registry/ENGINE.txt
51647,P & W,R-985-AN-4,1,faa/faa_registry/ENGINE.txt
51662,P & W,R-985-AN-5,1,faa/faa_registry/ENGINE.txt
51648,P & W,R-985-AN-6,1,faa/faa_registry/ENGINE.txt
51649,P & W,R-985-AN-6B,1,faa/faa_registry/ENGINE.txt
51650,P & W,R-985-AN-8,1,faa/faa_registry/ENGINE.txt
51661,P & W,R-985-AN14BM1,1,faa/faa_registry/ENGINE.txt
51711,P & W,R2800-97,1,faa/faa_registry/ENGINE.txt
52015,P & W,S1B1,1,faa/faa_registry/ENGINE.txt
52057,P & W,S1B1-G,1,faa/faa_registry/ENGINE.txt
51750,P & W,S1C-G,1,faa/faa_registry/ENGINE.txt
51751,P & W,S1C3-G,2,faa/faa_registry/ENGINE.txt
52094,P & W,S1D1,1,faa/faa_registry/ENGINE.txt
52095,P & W,S1D1-G,1,faa/faa_registry/ENGINE.txt
52136,P & W,S1E-G,1,faa/faa_registry/ENGINE.txt
52104,P & W,S1E2-G,1,faa/faa_registry/ENGINE.txt
52111,P & W,S1E3-G,1,faa/faa_registry/ENGINE.txt
52097,P & W,S1H1,1,faa/faa_registry/ENGINE.txt
52100,P & W,S1H1-G,1,faa/faa_registry/ENGINE.txt
52098,P & W,S1H2,1,faa/faa_registry/ENGINE.txt
52099,P & W,S1H4,1,faa/faa_registry/ENGINE.txt
52058,P & W,S2B1,1,faa/faa_registry/ENGINE.txt
52059,P & W,S2B1-G,1,faa/faa_registry/ENGINE.txt
52073,P & W,S2E-G,1,faa/faa_registry/ENGINE.txt
52072,P & W,S3B1,1,faa/faa_registry/ENGINE.txt
51752,P & W,S3C4-G,1,faa/faa_registry/ENGINE.txt
52088,P & W,S3D1,1,faa/faa_registry/ENGINE.txt
52014,P & W,S3H1,1,faa/faa_registry/ENGINE.txt
52093,P & W,S3H1-G,1,faa/faa_registry/ENGINE.txt
52138,P & W,S3H2,1,faa/faa_registry/ENGINE.txt
51753,P & W,S4C4-G,1,faa/faa_registry/ENGINE.txt
52144,P & W,SB,1,faa/faa_registry/ENGINE.txt
52022,P & W,SB-1,1,faa/faa_registry/ENGINE.txt
52145,P & W,SB-2,1,faa/faa_registry/ENGINE.txt
52146,P & W,SB-3,1,faa/faa_registry/ENGINE.txt
52028,P & W,SB-G,1,faa/faa_registry/ENGINE.txt
52108,P & W,SB3-G,1,faa/faa_registry/ENGINE.txt
52084,P & W,SC,1,faa/faa_registry/ENGINE.txt
52085,P & W,SC-1,1,faa/faa_registry/ENGINE.txt
51748,P & W,SC-G,1,faa/faa_registry/ENGINE.txt
51749,P & W,SC3-G,1,faa/faa_registry/ENGINE.txt
51602,P & W,SR-1340-E,1,faa/faa_registry/ENGINE.txt
52147,P & W,T1B2,1,faa/faa_registry/ENGINE.txt
52148,P & W,T1B3,1,faa/faa_registry/ENGINE.txt
52086,P & W,T1D1,1,faa/faa_registry/ENGINE.txt
52013,P & W,T2D1,1,faa/faa_registry/ENGINE.txt
52091,P & W,T3A,1,faa/faa_registry/ENGINE.txt
51503,P & W,T73-P-1,3,faa/faa_registry/ENGINE.txt
51505,P & W,T73-P-700,3,faa/faa_registry/ENGINE.txt
52089,P & W,TB,1,faa/faa_registry/ENGINE.txt
52090,P & W,TB-2,1,faa/faa_registry/ENGINE.txt
52096,P & W,TD1,1,faa/faa_registry/ENGINE.txt
51671,P & W,TF33-P-7,5,faa/faa_registry/ENGINE.txt
51676,P & W,TF33-P-7A,5,faa/faa_registry/ENGINE.txt
51696,P & W,TSB3-G,1,faa/faa_registry/ENGINE.txt
52071,P & W,TWIN WASP E1,1,faa/faa_registry/ENGINE.txt
52009,P & W,W-A-B-C-D,1,faa/faa_registry/ENGINE.txt
52127,P & W,YF-119,5,faa/faa_registry/ENGINE.txt
52126,P & W,YF-199,4,faa/faa_registry/ENGINE.txt
51761,P & WC,PT6E-66XT,2,faa/faa_registry/ENGINE.txt
52024,P&W,DW-CA SERIES,1,faa/faa_registry/ENGINE.txt
52025,P&W,DW-CB SERIES,1,faa/faa_registry/ENGINE.txt
52001,P&W,H-A SERIES,1,faa/faa_registry/ENGINE.txt
52003,P&W,H-B&HSB SER,1,faa/faa_registry/ENGINE.txt
52004,P&W,H-S1E SERIES,1,faa/faa_registry/ENGINE.txt
52040,P&W,J42&J48 SER,4,faa/faa_registry/ENGINE.txt
52180,P&W,J52-P-408A,4,faa/faa_registry/ENGINE.txt
52122,P&W,J57 SER,4,faa/faa_registry/ENGINE.txt
52064,P&W,J57-P10,4,faa/faa_registry/ENGINE.txt
52377,P&W,JT8D SERIES,5,faa/faa_registry/ENGINE.txt
52033,P&W,PT6 SERIES,2,faa/faa_registry/ENGINE.txt
52531,P&W,PT6-21,2,faa/faa_registry/ENGINE.txt
52286,P&W,PT6-67A,2,faa/faa_registry/ENGINE.txt
52032,P&W,PT6A SER,2,faa/faa_registry/ENGINE.txt
52034,P&W,PT6A SERIES,1,faa/faa_registry/ENGINE.txt
52281,P&W,PT6A66D,2,faa/faa_registry/ENGINE.txt
52045,P&W,PT6SER TP,2,faa/faa_registry/ENGINE.txt
52119,P&W,PW4000 SER,5,faa/faa_registry/ENGINE.txt
52063,P&W,PW615F,5,faa/faa_registry/ENGINE.txt
52120,P&W,R-4360,1,faa/faa_registry/ENGINE.txt
52008,P&W,R-985 SERIES,1,faa/faa_registry/ENGINE.txt
52016,P&W,R1340 SERIES,1,faa/faa_registry/ENGINE.txt
52055,P&W,T34 SERIES,2,faa/faa_registry/ENGINE.txt
52123,P&W,T400-CP-400,3,faa/faa_registry/ENGINE.txt
52021,P&W,TW-D-2SD,1,faa/faa_registry/ENGINE.txt
52019,P&W,TW-S1-S3-S4,1,faa/faa_registry/ENGINE.txt
52017,P&W,TW-SB SERIES,1,faa/faa_registry/ENGINE.txt
52018,P&W,TW-SC SERIES,1,faa/faa_registry/ENGINE.txt
52029,P&W,TWJR-SAIG,1,faa/faa_registry/ENGINE.txt
52011,P&W,W-S1D&TD SER,1,faa/faa_registry/ENGINE.txt
52012,P&W,W-S1H&S3H,1,faa/faa_registry/ENGINE.txt
52010,P&W,W-SC SERIES,1,faa/faa_registry/ENGINE.txt
52006,P&W,WJR-A,1,faa/faa_registry/ENGINE.txt
52007,P&W,WJR-B-S-T,1,faa/faa_registry/ENGINE.txt
52027,P&W,WMAJ SERIES,1,faa/faa_registry/ENGINE.txt
51465,P&W C,XPT6A-140,2,faa/faa_registry/ENGINE.txt
51459,P&W C,XPT6A-65SC,2,faa/faa_registry/ENGINE.txt
52365,P&W C,XPW545B,5,faa/faa_registry/ENGINE.txt
52308,P&W C,XPW814GA,5,faa/faa_registry/ENGINE.txt
52155,P&W CANADA,305 SERIES,4,faa/faa_registry/ENGINE.txt
52291,P&W CANADA,305A,5,faa/faa_registry/ENGINE.txt
52153,P&W CANADA,530A,5,faa/faa_registry/ENGINE.txt
52289,P&W CANADA,JT12D-5,5,faa/faa_registry/ENGINE.txt
52113,P&W CANADA,JT15D 5 SER,5,faa/faa_registry/ENGINE.txt
52060,P&W CANADA,JT15D-1,5,faa/faa_registry/ENGINE.txt
52110,P&W CANADA,JT15D-1A,5,faa/faa_registry/ENGINE.txt
52193,P&W CANADA,JT15D-1B,5,faa/faa_registry/ENGINE.txt
52112,P&W CANADA,JT15D-4,5,faa/faa_registry/ENGINE.txt
52194,P&W CANADA,JT15D-4B,5,faa/faa_registry/ENGINE.txt
52195,P&W CANADA,JT15D-4C,5,faa/faa_registry/ENGINE.txt
52196,P&W CANADA,JT15D-4D,4,faa/faa_registry/ENGINE.txt
52197,P&W CANADA,JT15D-5,5,faa/faa_registry/ENGINE.txt
52080,P&W CANADA,JT15D-5A,5,faa/faa_registry/ENGINE.txt
52198,P&W CANADA,JT15D-5B,5,faa/faa_registry/ENGINE.txt
52201,P&W CANADA,JT15D-5C,5,faa/faa_registry/ENGINE.txt
52192,P&W CANADA,JT15D-5D,5,faa/faa_registry/ENGINE.txt
52202,P&W CANADA,JT15D-5F,5,faa/faa_registry/ENGINE.txt
52285,P&W CANADA,JT15D-5R,5,faa/faa_registry/ENGINE.txt
52280,P&W CANADA,P&W CANADA,3,faa/faa_registry/ENGINE.txt
51801,P&W CANADA,PT6,2,faa/faa_registry/ENGINE.txt
51900,P&W CANADA,PT6-25C,2,faa/faa_registry/ENGINE.txt
52000,P&W CANADA,PT6-35,2,faa/faa_registry/ENGINE.txt
52205,P&W CANADA,PT6-42,2,faa/faa_registry/ENGINE.txt
52170,P&W CANADA,PT6-60A,2,faa/faa_registry/ENGINE.txt
52107,P&W CANADA,PT6-65AR,2,faa/faa_registry/ENGINE.txt
52237,P&W CANADA,PT6A-11,2,faa/faa_registry/ENGINE.txt
52254,P&W CANADA,PT6A-110,2,faa/faa_registry/ENGINE.txt
52255,P&W CANADA,PT6A-112,2,faa/faa_registry/ENGINE.txt
52256,P&W CANADA,PT6A-114,2,faa/faa_registry/ENGINE.txt
52257,P&W CANADA,PT6A-114A,2,faa/faa_registry/ENGINE.txt
52258,P&W CANADA,PT6A-116,2,faa/faa_registry/ENGINE.txt
52238,P&W CANADA,PT6A-11AG,2,faa/faa_registry/ENGINE.txt
52259,P&W CANADA,PT6A-121,2,faa/faa_registry/ENGINE.txt
52173,P&W CANADA,PT6A-135,2,faa/faa_registry/ENGINE.txt
52260,P&W CANADA,PT6A-135A,2,faa/faa_registry/ENGINE.txt
51499,P&W CANADA,PT6A-140,2,faa/faa_registry/ENGINE.txt
51805,P&W CANADA,PT6A-140A,2,faa/faa_registry/ENGINE.txt
51800,P&W CANADA,PT6A-140AG,2,faa/faa_registry/ENGINE.txt
52246,P&W CANADA,PT6A-15AG,2,faa/faa_registry/ENGINE.txt
52239,P&W CANADA,PT6A-20,2,faa/faa_registry/ENGINE.txt
52240,P&W CANADA,PT6A-20A,2,faa/faa_registry/ENGINE.txt
52241,P&W CANADA,PT6A-20B,2,faa/faa_registry/ENGINE.txt
52172,P&W CANADA,PT6A-21,2,faa/faa_registry/ENGINE.txt
52243,P&W CANADA,PT6A-25,2,faa/faa_registry/ENGINE.txt
52244,P&W CANADA,PT6A-25A,2,faa/faa_registry/ENGINE.txt
52245,P&W CANADA,PT6A-25C,2,faa/faa_registry/ENGINE.txt
52247,P&W CANADA,PT6A-27,2,faa/faa_registry/ENGINE.txt
52248,P&W CANADA,PT6A-28,2,faa/faa_registry/ENGINE.txt
52249,P&W CANADA,PT6A-29,2,faa/faa_registry/ENGINE.txt
52250,P&W CANADA,PT6A-34,2,faa/faa_registry/ENGINE.txt
52251,P&W CANADA,PT6A-34AG,2,faa/faa_registry/ENGINE.txt
52252,P&W CANADA,PT6A-34B,2,faa/faa_registry/ENGINE.txt
52262,P&W CANADA,PT6A-35,2,faa/faa_registry/ENGINE.txt
52253,P&W CANADA,PT6A-36,2,faa/faa_registry/ENGINE.txt
52263,P&W CANADA,PT6A-38,2,faa/faa_registry/ENGINE.txt
52264,P&W CANADA,PT6A-40,2,faa/faa_registry/ENGINE.txt
52265,P&W CANADA,PT6A-41,2,faa/faa_registry/ENGINE.txt
52266,P&W CANADA,PT6A-41AG,2,faa/faa_registry/ENGINE.txt
52062,P&W CANADA,PT6A-42,2,faa/faa_registry/ENGINE.txt
52268,P&W CANADA,PT6A-42A,2,faa/faa_registry/ENGINE.txt
52105,P&W CANADA,PT6A-45,2,faa/faa_registry/ENGINE.txt
52269,P&W CANADA,PT6A-45A,2,faa/faa_registry/ENGINE.txt
52270|61598,P&W CANADA,PT6A-45B,2,faa/faa_registry/ENGINE.txt
52271,P&W CANADA,PT6A-45R,2,faa/faa_registry/ENGINE.txt
52272,P&W CANADA,PT6A-50,2,faa/faa_registry/ENGINE.txt
52200,P&W CANADA,PT6A-52,2,faa/faa_registry/ENGINE.txt
51995|52234,P&W CANADA,PT6A-6,2|3,faa/faa_registry/ENGINE.txt
52150,P&W CANADA,PT6A-6 SERIES,2,faa/faa_registry/ENGINE.txt
52242,P&W CANADA,PT6A-6/C20,2,faa/faa_registry/ENGINE.txt
52273,P&W CANADA,PT6A-60,2,faa/faa_registry/ENGINE.txt
51999|52043,P&W CANADA,PT6A-60A,2|3,faa/faa_registry/ENGINE.txt
52101,P&W CANADA,PT6A-60AG,2,faa/faa_registry/ENGINE.txt
52274,P&W CANADA,PT6A-61,2,faa/faa_registry/ENGINE.txt
52275,P&W CANADA,PT6A-61A,2,faa/faa_registry/ENGINE.txt
52366,P&W CANADA,PT6A-62,2,faa/faa_registry/ENGINE.txt
52070,P&W CANADA,PT6A-64,2,faa/faa_registry/ENGINE.txt
52109,P&W CANADA,PT6A-65AG,2,faa/faa_registry/ENGINE.txt
52277,P&W CANADA,PT6A-65AR,2,faa/faa_registry/ENGINE.txt
52115,P&W CANADA,PT6A-65B,2,faa/faa_registry/ENGINE.txt
52276,P&W CANADA,PT6A-65R,2,faa/faa_registry/ENGINE.txt
52206,P&W CANADA,PT6A-66,2,faa/faa_registry/ENGINE.txt
52118,P&W CANADA,PT6A-66 SER,2,faa/faa_registry/ENGINE.txt
52213,P&W CANADA,PT6A-66A,2,faa/faa_registry/ENGINE.txt
52287,P&W CANADA,PT6A-66B,2,faa/faa_registry/ENGINE.txt
52159,P&W CANADA,PT6A-67,2,faa/faa_registry/ENGINE.txt
52207,P&W CANADA,PT6A-67A,2,faa/faa_registry/ENGINE.txt
52211,P&W CANADA,PT6A-67AG,2,faa/faa_registry/ENGINE.txt
52158,P&W CANADA,PT6A-67B,2,faa/faa_registry/ENGINE.txt
52210,P&W CANADA,PT6A-67D,2,faa/faa_registry/ENGINE.txt
52290,P&W CANADA,PT6A-67F,2,faa/faa_registry/ENGINE.txt
52292,P&W CANADA,PT6A-67P,2,faa/faa_registry/ENGINE.txt
52208,P&W CANADA,PT6A-67R,2,faa/faa_registry/ENGINE.txt
52209,P&W CANADA,PT6A-67T,2,faa/faa_registry/ENGINE.txt
52212,P&W CANADA,PT6A-68,2,faa/faa_registry/ENGINE.txt
52298,P&W CANADA,PT6A-68C,2,faa/faa_registry/ENGINE.txt
52235,P&W CANADA,PT6A-6A,2,faa/faa_registry/ENGINE.txt
52236,P&W CANADA,PT6A-6B,2,faa/faa_registry/ENGINE.txt
52069,P&W CANADA,PT6A66D,2,faa/faa_registry/ENGINE.txt
52279,P&W CANADA,PT6B-35F,3,faa/faa_registry/ENGINE.txt
52175,P&W CANADA,PT6B-36,3,faa/faa_registry/ENGINE.txt
52176,P&W CANADA,PT6B-36A,3,faa/faa_registry/ENGINE.txt
52177,P&W CANADA,PT6B-36B,3,faa/faa_registry/ENGINE.txt
52178,P&W CANADA,PT6B-37,3,faa/faa_registry/ENGINE.txt
52179,P&W CANADA,PT6B-37A,3,faa/faa_registry/ENGINE.txt
52278,P&W CANADA,PT6B-9,3,faa/faa_registry/ENGINE.txt
52174,P&W CANADA,PT6C-67C,3,faa/faa_registry/ENGINE.txt
52317,P&W CANADA,PT6C-67C1,3,faa/faa_registry/ENGINE.txt
52162,P&W CANADA,PT6C-67D,3,faa/faa_registry/ENGINE.txt
52261,P&W CANADA,PT6D-114A,2,faa/faa_registry/ENGINE.txt
52311,P&W CANADA,PT6E-67XP,2,faa/faa_registry/ENGINE.txt
52102,P&W CANADA,PT6T-3,3,faa/faa_registry/ENGINE.txt
52103,P&W CANADA,PT6T-3 SERIES,2,faa/faa_registry/ENGINE.txt
52233,P&W CANADA,PT6T-3A,3,faa/faa_registry/ENGINE.txt
52232,P&W CANADA,PT6T-3B,3,faa/faa_registry/ENGINE.txt
52231,P&W CANADA,PT6T-3BE,3,faa/faa_registry/ENGINE.txt
52228,P&W CANADA,PT6T-3BF,3,faa/faa_registry/ENGINE.txt
52229,P&W CANADA,PT6T-3BG,3,faa/faa_registry/ENGINE.txt
52168,P&W CANADA,PT6T-3D,3,faa/faa_registry/ENGINE.txt
52226,P&W CANADA,PT6T-3DE,3,faa/faa_registry/ENGINE.txt
52227,P&W CANADA,PT6T-3DF,3,faa/faa_registry/ENGINE.txt
52106,P&W CANADA,PT6T-6,3,faa/faa_registry/ENGINE.txt
52230,P&W CANADA,PT6T-9,3,faa/faa_registry/ENGINE.txt
52166,P&W CANADA,PW115,2,faa/faa_registry/ENGINE.txt
52116,P&W CANADA,PW118,2,faa/faa_registry/ENGINE.txt
52214,P&W CANADA,PW118A,2,faa/faa_registry/ENGINE.txt
52131,P&W CANADA,PW118B,2,faa/faa_registry/ENGINE.txt
52133,P&W CANADA,PW119B,2,faa/faa_registry/ENGINE.txt
52163,P&W CANADA,PW119C,2,faa/faa_registry/ENGINE.txt
52114,P&W CANADA,PW120,2,faa/faa_registry/ENGINE.txt
52215,P&W CANADA,PW120A,2,faa/faa_registry/ENGINE.txt
52124,P&W CANADA,PW121,2,faa/faa_registry/ENGINE.txt
52216,P&W CANADA,PW121A,2,faa/faa_registry/ENGINE.txt
52129,P&W CANADA,PW123,2,faa/faa_registry/ENGINE.txt
52224,P&W CANADA,PW123AF,2,faa/faa_registry/ENGINE.txt
52221,P&W CANADA,PW123B,2,faa/faa_registry/ENGINE.txt
52152,P&W CANADA,PW123C,2,faa/faa_registry/ENGINE.txt
52199,P&W CANADA,PW123D,2,faa/faa_registry/ENGINE.txt
52222,P&W CANADA,PW123E,2,faa/faa_registry/ENGINE.txt
52130,P&W CANADA,PW124,2,faa/faa_registry/ENGINE.txt
52217,P&W CANADA,PW124B,2,faa/faa_registry/ENGINE.txt
52218,P&W CANADA,PW125B,2,faa/faa_registry/ENGINE.txt
52125,P&W CANADA,PW126A,2,faa/faa_registry/ENGINE.txt
52219,P&W CANADA,PW127,2,faa/faa_registry/ENGINE.txt
52220,P&W CANADA,PW127E,2,faa/faa_registry/ENGINE.txt
52223,P&W CANADA,PW127F,2,faa/faa_registry/ENGINE.txt
52225,P&W CANADA,PW127G,2,faa/faa_registry/ENGINE.txt
51498,P&W CANADA,PW127M,2,faa/faa_registry/ENGINE.txt
52167,P&W CANADA,PW150A,2,faa/faa_registry/ENGINE.txt
51497,P&W CANADA,PW200,3,faa/faa_registry/ENGINE.txt
52151,P&W CANADA,PW206A,3,faa/faa_registry/ENGINE.txt
52204,P&W CANADA,PW206B,3,faa/faa_registry/ENGINE.txt
52135,P&W CANADA,PW206B SERIES,3,faa/faa_registry/ENGINE.txt
52288,P&W CANADA,PW206B2,3,faa/faa_registry/ENGINE.txt
51948,P&W CANADA,PW206B3,3,faa/faa_registry/ENGINE.txt
52160,P&W CANADA,PW206C,3,faa/faa_registry/ENGINE.txt
52183,P&W CANADA,PW206E,3,faa/faa_registry/ENGINE.txt
52203,P&W CANADA,PW207C,3,faa/faa_registry/ENGINE.txt
52156,P&W CANADA,PW207D,3,faa/faa_registry/ENGINE.txt
52299,P&W CANADA,PW207D1/D2,3,faa/faa_registry/ENGINE.txt
52161,P&W CANADA,PW207E,3,faa/faa_registry/ENGINE.txt
51950,P&W CANADA,PW210A,3,faa/faa_registry/ENGINE.txt
52294,P&W CANADA,PW210S,3,faa/faa_registry/ENGINE.txt
52189,P&W CANADA,PW305,5,faa/faa_registry/ENGINE.txt
52190,P&W CANADA,PW305A,5,faa/faa_registry/ENGINE.txt
52191,P&W CANADA,PW305B,5,faa/faa_registry/ENGINE.txt
52165,P&W CANADA,PW306A,5,faa/faa_registry/ENGINE.txt
52164,P&W CANADA,PW306B,5,faa/faa_registry/ENGINE.txt
52169,P&W CANADA,PW306C,5,faa/faa_registry/ENGINE.txt
52041,P&W CANADA,PW306D,5,faa/faa_registry/ENGINE.txt
51850,P&W CANADA,PW306D1,5,faa/faa_registry/ENGINE.txt
52157,P&W CANADA,PW307A,5,faa/faa_registry/ENGINE.txt
53300,P&W CANADA,PW307D,5,faa/faa_registry/ENGINE.txt
52181,P&W CANADA,PW308 SER,5,faa/faa_registry/ENGINE.txt
52187,P&W CANADA,PW308A,5,faa/faa_registry/ENGINE.txt
52182,P&W CANADA,PW308C,5,faa/faa_registry/ENGINE.txt
52068,P&W CANADA,PW360D,5,faa/faa_registry/ENGINE.txt
52065,P&W CANADA,PW530A,5,faa/faa_registry/ENGINE.txt
52134,P&W CANADA,PW535A,5,faa/faa_registry/ENGINE.txt
52184,P&W CANADA,PW535B,5,faa/faa_registry/ENGINE.txt
52297,P&W CANADA,PW535E,5,faa/faa_registry/ENGINE.txt
52312,P&W CANADA,PW535E1,5,faa/faa_registry/ENGINE.txt
52154,P&W CANADA,PW545 SER,5,faa/faa_registry/ENGINE.txt
52185,P&W CANADA,PW545A,5,faa/faa_registry/ENGINE.txt
52186,P&W CANADA,PW545B,5,faa/faa_registry/ENGINE.txt
52188,P&W CANADA,PW545C,5,faa/faa_registry/ENGINE.txt
52267,P&W CANADA,PW610F-A,5,faa/faa_registry/ENGINE.txt
52282,P&W CANADA,PW615F-A,5,faa/faa_registry/ENGINE.txt
52293,P&W CANADA,PW617F-E,5,faa/faa_registry/ENGINE.txt
52310,P&W CANADA,PW617F1-E,5,faa/faa_registry/ENGINE.txt
52373,P&W CANADA,PW812D,5,faa/faa_registry/ENGINE.txt
52374,P&W CANADA,PW812GA,5,faa/faa_registry/ENGINE.txt
52375,P&W CANADA,PW814GA,5,faa/faa_registry/ENGINE.txt
52376,P&W CANADA,PW815GA,5,faa/faa_registry/ENGINE.txt
52295,P&W CANADA,T74-CP-700,2,faa/faa_registry/ENGINE.txt
52296,P&W CANADA,T74-CP-702,2,faa/faa_registry/ENGINE.txt
52283,P&W CANADA,XPT6C-67A,3,faa/faa_registry/ENGINE.txt
52066,P&W CANADA,XPT6T-9,3,faa/faa_registry/ENGINE.txt
52307,P&W CANADA,XPW207D,3,faa/faa_registry/ENGINE.txt
52380,P&W CANADA,XPW545D,5,faa/faa_registry/ENGINE.txt
52309,P&W CANADA,XPW815GA,5,faa/faa_registry/ENGINE.txt
51759,P&WC,PT6A-65SC,2,faa/faa_registry/ENGINE.txt
52284,P&WC,PT6C-67A,3,faa/faa_registry/ENGINE.txt
49501,PACKARD,LIBERTY,1,faa/faa_registry/ENGINE.txt
49500,PACKARD,RR V-1650-7,1,faa/faa_registry/ENGINE.txt
49601,PBS,TJ100,4,faa/faa_registry/ENGINE.txt
49602,PBS,TP100,2,faa/faa_registry/ENGINE.txt
49600,PBS VELKA,TJ100,4,faa/faa_registry/ENGINE.txt
49800,PEZETEL,ASZ-621R-M18,1,faa/faa_registry/ENGINE.txt
50002,PHILLIPS,333,1,faa/faa_registry/ENGINE.txt
50001,PHILLIPS,333 SERIES,1,faa/faa_registry/ENGINE.txt
50003,PHILLIPS,333A,1,faa/faa_registry/ENGINE.txt
50004,PHILLIPS,333B,1,faa/faa_registry/ENGINE.txt
49851,PIPISTREL,E-811 SERIES,10,faa/faa_registry/ENGINE.txt
49852,PIPISTREL,ELECTRO 40/30,10,faa/faa_registry/ENGINE.txt
49850,PIPISTREL,PEM 60MVLC,10,faa/faa_registry/ENGINE.txt
49001,PKRD-ROLL,V1650 SERIES,1,faa/faa_registry/ENGINE.txt
50303,POBBJOY,R SERIES,1,faa/faa_registry/ENGINE.txt
52313,POLINI MOT,THOR 200 EVO,1,faa/faa_registry/ENGINE.txt
50501,POLLMAN,KFM 40/3500/2,1,faa/faa_registry/ENGINE.txt
51001,PORSCHE,678/4,1,faa/faa_registry/ENGINE.txt
51003,PORSCHE,930-67,1,faa/faa_registry/ENGINE.txt
51004,PORSCHE,PFM3200N01,1,faa/faa_registry/ENGINE.txt
51005,PORSCHE,PFM3200N02,1,faa/faa_registry/ENGINE.txt
51002,PORSCHE,PFM3200N03,1,faa/faa_registry/ENGINE.txt
51501,POST,A-L1000,1,faa/faa_registry/ENGINE.txt
51100,POTEZ,4534,1,faa/faa_registry/ENGINE.txt
61716,POWER 4 FL,B29I,7,faa/faa_registry/ENGINE.txt
52316,PW&C,PT6B SERIES,2,faa/faa_registry/ENGINE.txt
37597,PZL,GTD-350,3,faa/faa_registry/ENGINE.txt
52560,RAIKHLIN,RED A03,1,faa/faa_registry/ENGINE.txt
26136,RANGER,L440-3,8,faa/faa_registry/ENGINE.txt
52304,REARWIN,110 7DF,1,faa/faa_registry/ENGINE.txt
52305,REARWIN,7F,1,faa/faa_registry/ENGINE.txt
52306,REARWIN,7G,1,faa/faa_registry/ENGINE.txt
52301,REARWIN,85 5DF,1,faa/faa_registry/ENGINE.txt
52300,REARWIN,85 5F,1,faa/faa_registry/ENGINE.txt
52302,REARWIN,90 5F,1,faa/faa_registry/ENGINE.txt
52303,REARWIN,90 5G,1,faa/faa_registry/ENGINE.txt
52314,RECTIMO,4AR 1200,1,faa/faa_registry/ENGINE.txt
52502,RENAULT,4PO3,1,faa/faa_registry/ENGINE.txt
52500,RENAULT,6Q10A,1,faa/faa_registry/ENGINE.txt
52501,RENAULT,6Q10B,1,faa/faa_registry/ENGINE.txt
52512,RENAULT,H.P03,1,faa/faa_registry/ENGINE.txt
52549,REVMASTER,1800,1,faa/faa_registry/ENGINE.txt
52550,REVMASTER,2100,1,faa/faa_registry/ENGINE.txt
52552,REVMASTER,2100D,1,faa/faa_registry/ENGINE.txt
52553,REVMASTER,2200,1,faa/faa_registry/ENGINE.txt
52551,REVMASTER,2300,8,faa/faa_registry/ENGINE.txt
52554,REVMASTER,R-2300,8,faa/faa_registry/ENGINE.txt
54001,ROCHE,ROVER L267,1,faa/faa_registry/ENGINE.txt
04564,ROLL-ROYC,TAY 620-15,5,faa/faa_registry/ENGINE.txt
54567,ROLLS,RB3043/PRL700,5,faa/faa_registry/ENGINE.txt
54607,ROLLS DEU,BR700-710D521,5,faa/faa_registry/ENGINE.txt
54600,ROLLS DEU,TRENT XWB-84,5,faa/faa_registry/ENGINE.txt
54003,ROLLS DEUT,BR700-710A110,5,faa/faa_registry/ENGINE.txt
54004,ROLLS DEUT,BR700-710A220,5,faa/faa_registry/ENGINE.txt
54005,ROLLS DEUT,BR700-710C411,5,faa/faa_registry/ENGINE.txt
54006,ROLLS DEUT,BR700-715A130,5,faa/faa_registry/ENGINE.txt
54007,ROLLS DEUT,BR700-715B130,5,faa/faa_registry/ENGINE.txt
54008,ROLLS DEUT,BR700-715C130,5,faa/faa_registry/ENGINE.txt
54231,ROLLS DEUT,BR700-725A112,5,faa/faa_registry/ENGINE.txt
54237,ROLLS DEUT,BR700-730B214,5,faa/faa_registry/ENGINE.txt
54566,ROLLS DEUT,TRENT 1000-K3,5,faa/faa_registry/ENGINE.txt
16187,ROLLS ROYC,C90-14,1,faa/faa_registry/ENGINE.txt
54605,ROLLS-ROY,TRENT 7000-72,5,faa/faa_registry/ENGINE.txt
54601,ROLLS-ROY,TRENT 892-17,5,faa/faa_registry/ENGINE.txt
54532,ROLLS-ROYC,0-200-A,1,faa/faa_registry/ENGINE.txt
54512,ROLLS-ROYC,0-300,1,faa/faa_registry/ENGINE.txt
54187,ROLLS-ROYC,225-C10,3,faa/faa_registry/ENGINE.txt
54188,ROLLS-ROYC,225-C10-A,3,faa/faa_registry/ENGINE.txt
54584,ROLLS-ROYC,250 20&30 SER,3,faa/faa_registry/ENGINE.txt
54024,ROLLS-ROYC,250-B15A,2,faa/faa_registry/ENGINE.txt
54025,ROLLS-ROYC,250-B15E,2,faa/faa_registry/ENGINE.txt
54026,ROLLS-ROYC,250-B15G,2,faa/faa_registry/ENGINE.txt
54027,ROLLS-ROYC,250-B17,2,faa/faa_registry/ENGINE.txt
54028,ROLLS-ROYC,250-B17B,2,faa/faa_registry/ENGINE.txt
54029,ROLLS-ROYC,250-B17C,2,faa/faa_registry/ENGINE.txt
54030,ROLLS-ROYC,250-B17D,2,faa/faa_registry/ENGINE.txt
54031,ROLLS-ROYC,250-B17E,2,faa/faa_registry/ENGINE.txt
54586,ROLLS-ROYC,250-B17F,2,faa/faa_registry/ENGINE.txt
54032,ROLLS-ROYC,250-B17F/1,2,faa/faa_registry/ENGINE.txt
54033,ROLLS-ROYC,250-B17F/2,2,faa/faa_registry/ENGINE.txt
54170,ROLLS-ROYC,250-C10,3,faa/faa_registry/ENGINE.txt
54171,ROLLS-ROYC,250-C10B,3,faa/faa_registry/ENGINE.txt
54172,ROLLS-ROYC,250-C10D,3,faa/faa_registry/ENGINE.txt
54173,ROLLS-ROYC,250-C18,3,faa/faa_registry/ENGINE.txt
54174,ROLLS-ROYC,250-C18A,3,faa/faa_registry/ENGINE.txt
54176,ROLLS-ROYC,250-C18B,3,faa/faa_registry/ENGINE.txt
54177,ROLLS-ROYC,250-C18C,3,faa/faa_registry/ENGINE.txt
54175,ROLLS-ROYC,250-C19,3,faa/faa_registry/ENGINE.txt
54178,ROLLS-ROYC,250-C20,3,faa/faa_registry/ENGINE.txt
54385,ROLLS-ROYC,250-C20B,3,faa/faa_registry/ENGINE.txt
54179,ROLLS-ROYC,250-C20C,3,faa/faa_registry/ENGINE.txt
54180,ROLLS-ROYC,250-C20F,3,faa/faa_registry/ENGINE.txt
54181,ROLLS-ROYC,250-C20J,3,faa/faa_registry/ENGINE.txt
54183,ROLLS-ROYC,250-C20R,3,faa/faa_registry/ENGINE.txt
54184,ROLLS-ROYC,250-C20R/1,3,faa/faa_registry/ENGINE.txt
54185,ROLLS-ROYC,250-C20R/2,3,faa/faa_registry/ENGINE.txt
54186,ROLLS-ROYC,250-C20R/4,3,faa/faa_registry/ENGINE.txt
54182,ROLLS-ROYC,250-C20S,3,faa/faa_registry/ENGINE.txt
54189,ROLLS-ROYC,250-C20W,3,faa/faa_registry/ENGINE.txt
54009,ROLLS-ROYC,250-C28,3,faa/faa_registry/ENGINE.txt
54010,ROLLS-ROYC,250-C28B,3,faa/faa_registry/ENGINE.txt
54011,ROLLS-ROYC,250-C28C,3,faa/faa_registry/ENGINE.txt
54023,ROLLS-ROYC,250-C30,3,faa/faa_registry/ENGINE.txt
54225,ROLLS-ROYC,250-C300,3,faa/faa_registry/ENGINE.txt
54232,ROLLS-ROYC,250-C300/A1,3,faa/faa_registry/ENGINE.txt
54016,ROLLS-ROYC,250-C30G,3,faa/faa_registry/ENGINE.txt
54018,ROLLS-ROYC,250-C30G/2,3,faa/faa_registry/ENGINE.txt
54588,ROLLS-ROYC,250-C30H,3,faa/faa_registry/ENGINE.txt
54014,ROLLS-ROYC,250-C30M,3,faa/faa_registry/ENGINE.txt
54013,ROLLS-ROYC,250-C30P,3,faa/faa_registry/ENGINE.txt
54015,ROLLS-ROYC,250-C30R,3,faa/faa_registry/ENGINE.txt
54019,ROLLS-ROYC,250-C30R/1,3,faa/faa_registry/ENGINE.txt
54021,ROLLS-ROYC,250-C30R/3,3,faa/faa_registry/ENGINE.txt
54022,ROLLS-ROYC,250-C30R/3M,3,faa/faa_registry/ENGINE.txt
54012,ROLLS-ROYC,250-C30S,3,faa/faa_registry/ENGINE.txt
54017,ROLLS-ROYC,250-C30U,3,faa/faa_registry/ENGINE.txt
54525,ROLLS-ROYC,250-C40B,3,faa/faa_registry/ENGINE.txt
54235,ROLLS-ROYC,250-C47 SER,3,faa/faa_registry/ENGINE.txt
54585,ROLLS-ROYC,250-C47B,3,faa/faa_registry/ENGINE.txt
54236,ROLLS-ROYC,250-C47E/4,3,faa/faa_registry/ENGINE.txt
54020,ROLLS-ROYC,250-C47M,3,faa/faa_registry/ENGINE.txt
54153,ROLLS-ROYC,501-D13,2,faa/faa_registry/ENGINE.txt
54154,ROLLS-ROYC,501-D13A,2,faa/faa_registry/ENGINE.txt
54155,ROLLS-ROYC,501-D13D,2,faa/faa_registry/ENGINE.txt
54156,ROLLS-ROYC,501-D13E,2,faa/faa_registry/ENGINE.txt
54157,ROLLS-ROYC,501-D13H,2,faa/faa_registry/ENGINE.txt
54158,ROLLS-ROYC,501-D22,2,faa/faa_registry/ENGINE.txt
54159,ROLLS-ROYC,501-D22A,2,faa/faa_registry/ENGINE.txt
54160,ROLLS-ROYC,501-D22C,2,faa/faa_registry/ENGINE.txt
54161,ROLLS-ROYC,502-D22G,2,faa/faa_registry/ENGINE.txt
54499,ROLLS-ROYC,520-C30,3,faa/faa_registry/ENGINE.txt
54002,ROLLS-ROYC,AE 1107C,3,faa/faa_registry/ENGINE.txt
54140,ROLLS-ROYC,AE 2100A,2,faa/faa_registry/ENGINE.txt
54141,ROLLS-ROYC,AE 2100C,2,faa/faa_registry/ENGINE.txt
54142,ROLLS-ROYC,AE 2100D2,2,faa/faa_registry/ENGINE.txt
54143,ROLLS-ROYC,AE 2100D3,2,faa/faa_registry/ENGINE.txt
54144,ROLLS-ROYC,AE 2100J,2,faa/faa_registry/ENGINE.txt
54162,ROLLS-ROYC,AE 3007A,5,faa/faa_registry/ENGINE.txt
54165,ROLLS-ROYC,AE 3007A1,5,faa/faa_registry/ENGINE.txt
54163,ROLLS-ROYC,AE 3007A1/1,5,faa/faa_registry/ENGINE.txt
54164,ROLLS-ROYC,AE 3007A1/2,5,faa/faa_registry/ENGINE.txt
54166,ROLLS-ROYC,AE 3007A1/3,5,faa/faa_registry/ENGINE.txt
54169,ROLLS-ROYC,AE 3007A1E,5,faa/faa_registry/ENGINE.txt
54571,ROLLS-ROYC,AE 3007A1P,5,faa/faa_registry/ENGINE.txt
54594,ROLLS-ROYC,AE 3007A2,5,faa/faa_registry/ENGINE.txt
54167,ROLLS-ROYC,AE 3007A3,5,faa/faa_registry/ENGINE.txt
54572,ROLLS-ROYC,AE 3007C,5,faa/faa_registry/ENGINE.txt
54168,ROLLS-ROYC,AE 3007C1,5,faa/faa_registry/ENGINE.txt
54234,ROLLS-ROYC,AE 3007C2,5,faa/faa_registry/ENGINE.txt
54582,ROLLS-ROYC,AE3007 SER,5,faa/faa_registry/ENGINE.txt
54520,ROLLS-ROYC,AVON,4,faa/faa_registry/ENGINE.txt
54108,ROLLS-ROYC,AVON 522,4,faa/faa_registry/ENGINE.txt
54109,ROLLS-ROYC,AVON 524B,4,faa/faa_registry/ENGINE.txt
54110,ROLLS-ROYC,AVON 525B,4,faa/faa_registry/ENGINE.txt
54111,ROLLS-ROYC,AVON 526,4,faa/faa_registry/ENGINE.txt
54112,ROLLS-ROYC,AVON 527,4,faa/faa_registry/ENGINE.txt
54113,ROLLS-ROYC,AVON 531,4,faa/faa_registry/ENGINE.txt
54517,ROLLS-ROYC,AVON 532R,4,faa/faa_registry/ENGINE.txt
54114,ROLLS-ROYC,AVON 532R-B,4,faa/faa_registry/ENGINE.txt
54115,ROLLS-ROYC,AVON 533R,4,faa/faa_registry/ENGINE.txt
54116,ROLLS-ROYC,AVON 533R-11A,4,faa/faa_registry/ENGINE.txt
54230,ROLLS-ROYC,AVON MK 203,4,faa/faa_registry/ENGINE.txt
54224,ROLLS-ROYC,AVON MK207,4,faa/faa_registry/ENGINE.txt
54565,ROLLS-ROYC,BR 700 SERIES,5,faa/faa_registry/ENGINE.txt
54574,ROLLS-ROYC,BR700-715C1-3,5,faa/faa_registry/ENGINE.txt
54059,ROLLS-ROYC,BRISTOL M45H,5,faa/faa_registry/ENGINE.txt
54060,ROLLS-ROYC,BRISTOL MK501,5,faa/faa_registry/ENGINE.txt
54128,ROLLS-ROYC,CONWAY 505,4,faa/faa_registry/ENGINE.txt
54129,ROLLS-ROYC,CONWAY 508,4,faa/faa_registry/ENGINE.txt
54130,ROLLS-ROYC,CONWAY 508A,4,faa/faa_registry/ENGINE.txt
54518,ROLLS-ROYC,CONWAY 509,4,faa/faa_registry/ENGINE.txt
54131,ROLLS-ROYC,CONWAY 509A,4,faa/faa_registry/ENGINE.txt
54503,ROLLS-ROYC,DART 506,2,faa/faa_registry/ENGINE.txt
54553,ROLLS-ROYC,DART 510,2,faa/faa_registry/ENGINE.txt
54504,ROLLS-ROYC,DART 510&511,2,faa/faa_registry/ENGINE.txt
54074,ROLLS-ROYC,DART 511,2,faa/faa_registry/ENGINE.txt
54075,ROLLS-ROYC,DART 511-7E,2,faa/faa_registry/ENGINE.txt
54076,ROLLS-ROYC,DART 514,2,faa/faa_registry/ENGINE.txt
54077,ROLLS-ROYC,DART 514-7,2,faa/faa_registry/ENGINE.txt
54505,ROLLS-ROYC,DART 525,2,faa/faa_registry/ENGINE.txt
54506,ROLLS-ROYC,DART 527 528,2,faa/faa_registry/ENGINE.txt
54078,ROLLS-ROYC,DART 528-7E,2,faa/faa_registry/ENGINE.txt
54079,ROLLS-ROYC,DART 528D-7E,2,faa/faa_registry/ENGINE.txt
54507,ROLLS-ROYC,DART 529,2,faa/faa_registry/ENGINE.txt
54081,ROLLS-ROYC,DART 529-7E,2,faa/faa_registry/ENGINE.txt
54083,ROLLS-ROYC,DART 529-7H,2,faa/faa_registry/ENGINE.txt
54085,ROLLS-ROYC,DART 529-8E,2,faa/faa_registry/ENGINE.txt
54087,ROLLS-ROYC,DART 529-8H,2,faa/faa_registry/ENGINE.txt
54089,ROLLS-ROYC,DART 529-8X,2,faa/faa_registry/ENGINE.txt
54091,ROLLS-ROYC,DART 529-8Y,2,faa/faa_registry/ENGINE.txt
54093,ROLLS-ROYC,DART 529-8Z,2,faa/faa_registry/ENGINE.txt
54082,ROLLS-ROYC,DART 529D-7E,2,faa/faa_registry/ENGINE.txt
54084,ROLLS-ROYC,DART 529D-7H,2,faa/faa_registry/ENGINE.txt
54086,ROLLS-ROYC,DART 529D-8E,2,faa/faa_registry/ENGINE.txt
54088,ROLLS-ROYC,DART 529D-8H,2,faa/faa_registry/ENGINE.txt
54090,ROLLS-ROYC,DART 529D-8X,2,faa/faa_registry/ENGINE.txt
54092,ROLLS-ROYC,DART 529D-8Y,2,faa/faa_registry/ENGINE.txt
54094,ROLLS-ROYC,DART 529D-8Z,2,faa/faa_registry/ENGINE.txt
54080,ROLLS-ROYC,DART 531,2,faa/faa_registry/ENGINE.txt
54095,ROLLS-ROYC,DART 532-2L,2,faa/faa_registry/ENGINE.txt
54096,ROLLS-ROYC,DART 532-7,2,faa/faa_registry/ENGINE.txt
54097,ROLLS-ROYC,DART 532-7L,2,faa/faa_registry/ENGINE.txt
54098,ROLLS-ROYC,DART 532-7N,2,faa/faa_registry/ENGINE.txt
54099,ROLLS-ROYC,DART 532-7P,2,faa/faa_registry/ENGINE.txt
54100,ROLLS-ROYC,DART 532-7R,2,faa/faa_registry/ENGINE.txt
54101,ROLLS-ROYC,DART 535-2,2,faa/faa_registry/ENGINE.txt
54102,ROLLS-ROYC,DART 535-7R,2,faa/faa_registry/ENGINE.txt
54522,ROLLS-ROYC,DART 542,2,faa/faa_registry/ENGINE.txt
54134,ROLLS-ROYC,DART 542-10,2,faa/faa_registry/ENGINE.txt
54135,ROLLS-ROYC,DART 542-10J,2,faa/faa_registry/ENGINE.txt
54136,ROLLS-ROYC,DART 542-10K,2,faa/faa_registry/ENGINE.txt
54137,ROLLS-ROYC,DART 542-4,2,faa/faa_registry/ENGINE.txt
54138,ROLLS-ROYC,DART 542-4K,2,faa/faa_registry/ENGINE.txt
54103,ROLLS-ROYC,DART 551-7,2,faa/faa_registry/ENGINE.txt
54104,ROLLS-ROYC,DART 551-7R,2,faa/faa_registry/ENGINE.txt
54105,ROLLS-ROYC,DART 552-2,2,faa/faa_registry/ENGINE.txt
54106,ROLLS-ROYC,DART 552-7,2,faa/faa_registry/ENGINE.txt
54107,ROLLS-ROYC,DART 552-7R,2,faa/faa_registry/ENGINE.txt
54513,ROLLS-ROYC,DART 7 SERIES,2,faa/faa_registry/ENGINE.txt
54524,ROLLS-ROYC,DART RDA-10,5,faa/faa_registry/ENGINE.txt
54509,ROLLS-ROYC,DART532,2,faa/faa_registry/ENGINE.txt
54516,ROLLS-ROYC,FLYGMTR RM6C,4,faa/faa_registry/ENGINE.txt
54061,ROLLS-ROYC,GEM MK530,3,faa/faa_registry/ENGINE.txt
54149,ROLLS-ROYC,GIPSY 30 MK2,1,faa/faa_registry/ENGINE.txt
54151,ROLLS-ROYC,GIPSY 70 MK2,1,faa/faa_registry/ENGINE.txt
54152,ROLLS-ROYC,GIPSY 70 MK3,1,faa/faa_registry/ENGINE.txt
54150,ROLLS-ROYC,GIPSY 70-4,1,faa/faa_registry/ENGINE.txt
54560,ROLLS-ROYC,GIPSY MK SER,1,faa/faa_registry/ENGINE.txt
54501,ROLLS-ROYC,GRIFFON,2,faa/faa_registry/ENGINE.txt
54260,ROLLS-ROYC,M250 SERIES,3,faa/faa_registry/ENGINE.txt
54502,ROLLS-ROYC,MERLIN,1,faa/faa_registry/ENGINE.txt
54500,ROLLS-ROYC,MERLIN 114A,4,faa/faa_registry/ENGINE.txt
54508,ROLLS-ROYC,MERLIN 33,2,faa/faa_registry/ENGINE.txt
54546,ROLLS-ROYC,MK 22-6,4,faa/faa_registry/ENGINE.txt
54057|54559,ROLLS-ROYC,MK 510,3,faa/faa_registry/ENGINE.txt
54222,ROLLS-ROYC,MK.104,5,faa/faa_registry/ENGINE.txt
54562,ROLLS-ROYC,MK511-14,4,faa/faa_registry/ENGINE.txt
54542,ROLLS-ROYC,NENE,4,faa/faa_registry/ENGINE.txt
54226,ROLLS-ROYC,NENE 10,4,faa/faa_registry/ENGINE.txt
54590,ROLLS-ROYC,O-200-A,8,faa/faa_registry/ENGINE.txt
54540,ROLLS-ROYC,O-240 SER,1,faa/faa_registry/ENGINE.txt
54570,ROLLS-ROYC,OLYMPUS 593MK,4,faa/faa_registry/ENGINE.txt
54563,ROLLS-ROYC,ORPHEOUS,4,faa/faa_registry/ENGINE.txt
54139,ROLLS-ROYC,ORPHEUS 810D,4,faa/faa_registry/ENGINE.txt
54555,ROLLS-ROYC,RB-211 SERIES,5,faa/faa_registry/ENGINE.txt
54554,ROLLS-ROYC,RB-211-22,5,faa/faa_registry/ENGINE.txt
54213,ROLLS-ROYC,RB211 553-61,5,faa/faa_registry/ENGINE.txt
54214,ROLLS-ROYC,RB211 553A261,5,faa/faa_registry/ENGINE.txt
54215,ROLLS-ROYC,RB211 556-61,5,faa/faa_registry/ENGINE.txt
54216,ROLLS-ROYC,RB211 556A261,5,faa/faa_registry/ENGINE.txt
54217,ROLLS-ROYC,RB211 556B-61,5,faa/faa_registry/ENGINE.txt
54218,ROLLS-ROYC,RB211 556B261,5,faa/faa_registry/ENGINE.txt
54219,ROLLS-ROYC,RB211 560-61,5,faa/faa_registry/ENGINE.txt
54220,ROLLS-ROYC,RB211 560A261,5,faa/faa_registry/ENGINE.txt
54203,ROLLS-ROYC,RB211 768-60,5,faa/faa_registry/ENGINE.txt
54204,ROLLS-ROYC,RB211 772-60,5,faa/faa_registry/ENGINE.txt
54205,ROLLS-ROYC,RB211 772B-60,4,faa/faa_registry/ENGINE.txt
54209,ROLLS-ROYC,RB211 877-17,5,faa/faa_registry/ENGINE.txt
54207,ROLLS-ROYC,RB211 884-17,5,faa/faa_registry/ENGINE.txt
54208,ROLLS-ROYC,RB211 884B-17,5,faa/faa_registry/ENGINE.txt
54211,ROLLS-ROYC,RB211 892B-17,5,faa/faa_registry/ENGINE.txt
54212,ROLLS-ROYC,RB211 895-17,5,faa/faa_registry/ENGINE.txt
54036,ROLLS-ROYC,RB211-22B,5,faa/faa_registry/ENGINE.txt
54035,ROLLS-ROYC,RB211-22B-02,5,faa/faa_registry/ENGINE.txt
54037,ROLLS-ROYC,RB211-524B-02,5,faa/faa_registry/ENGINE.txt
54042,ROLLS-ROYC,RB211-524B219,5,faa/faa_registry/ENGINE.txt
54039,ROLLS-ROYC,RB211-524B302,5,faa/faa_registry/ENGINE.txt
54591,ROLLS-ROYC,RB211-524B4,5,faa/faa_registry/ENGINE.txt
54040,ROLLS-ROYC,RB211-524B402,5,faa/faa_registry/ENGINE.txt
54038,ROLLS-ROYC,RB211-524BB02,5,faa/faa_registry/ENGINE.txt
54044,ROLLS-ROYC,RB211-524C219,5,faa/faa_registry/ENGINE.txt
54047,ROLLS-ROYC,RB211-524D4,5,faa/faa_registry/ENGINE.txt
54046,ROLLS-ROYC,RB211-524D419,5,faa/faa_registry/ENGINE.txt
54120,ROLLS-ROYC,RB211-524G219,5,faa/faa_registry/ENGINE.txt
54122,ROLLS-ROYC,RB211-524G319,5,faa/faa_registry/ENGINE.txt
54124,ROLLS-ROYC,RB211-524H-36,5,faa/faa_registry/ENGINE.txt
54126,ROLLS-ROYC,RB211-524H219,5,faa/faa_registry/ENGINE.txt
54125,ROLLS-ROYC,RB211-524HT36,5,faa/faa_registry/ENGINE.txt
54052,ROLLS-ROYC,RB211-535C-37,5,faa/faa_registry/ENGINE.txt
54223,ROLLS-ROYC,RB211-535E4,5,faa/faa_registry/ENGINE.txt
54053,ROLLS-ROYC,RB211-535E437,5,faa/faa_registry/ENGINE.txt
54206,ROLLS-ROYC,RB211-892-17,5,faa/faa_registry/ENGINE.txt
54043,ROLLS-ROYC,RB211524B2B19,5,faa/faa_registry/ENGINE.txt
54041,ROLLS-ROYC,RB211524B4D02,5,faa/faa_registry/ENGINE.txt
54045,ROLLS-ROYC,RB211524C2B19,5,faa/faa_registry/ENGINE.txt
54048,ROLLS-ROYC,RB211524D4B19,5,faa/faa_registry/ENGINE.txt
54049,ROLLS-ROYC,RB211524D4B39,5,faa/faa_registry/ENGINE.txt
54050,ROLLS-ROYC,RB211524D4X19,5,faa/faa_registry/ENGINE.txt
54051,ROLLS-ROYC,RB211524D4XB1,5,faa/faa_registry/ENGINE.txt
54121,ROLLS-ROYC,RB211524G2T19,5,faa/faa_registry/ENGINE.txt
54123,ROLLS-ROYC,RB211524G3T19,5,faa/faa_registry/ENGINE.txt
54127,ROLLS-ROYC,RB211524H2T19,5,faa/faa_registry/ENGINE.txt
54054,ROLLS-ROYC,RB211535E4B37,5,faa/faa_registry/ENGINE.txt
54055,ROLLS-ROYC,RB211535E4B75,5,faa/faa_registry/ENGINE.txt
54056,ROLLS-ROYC,RB211535E4C37,5,faa/faa_registry/ENGINE.txt
54221,ROLLS-ROYC,RB511-8,4,faa/faa_registry/ENGINE.txt
54192,ROLLS-ROYC,RR C90-12F,1,faa/faa_registry/ENGINE.txt
54193,ROLLS-ROYC,RR C90-12FH,1,faa/faa_registry/ENGINE.txt
54194,ROLLS-ROYC,RR C90-12FJ,1,faa/faa_registry/ENGINE.txt
54195,ROLLS-ROYC,RR C90-12FP,1,faa/faa_registry/ENGINE.txt
54196,ROLLS-ROYC,RR C90-14F,1,faa/faa_registry/ENGINE.txt
54197,ROLLS-ROYC,RR C90-14FH,1,faa/faa_registry/ENGINE.txt
54198,ROLLS-ROYC,RR C90-14FJ,1,faa/faa_registry/ENGINE.txt
54199,ROLLS-ROYC,RR C90-16F,1,faa/faa_registry/ENGINE.txt
54190,ROLLS-ROYC,RR C90-8F,1,faa/faa_registry/ENGINE.txt
54191,ROLLS-ROYC,RR C90-8FJ,1,faa/faa_registry/ENGINE.txt
54200,ROLLS-ROYC,RR O-200-A,1,faa/faa_registry/ENGINE.txt
54201,ROLLS-ROYC,RR O-200-B,1,faa/faa_registry/ENGINE.txt
54202,ROLLS-ROYC,RR O-200-C,1,faa/faa_registry/ENGINE.txt
54034,ROLLS-ROYC,RR O-240-A,1,faa/faa_registry/ENGINE.txt
54145,ROLLS-ROYC,RR O-300-A,1,faa/faa_registry/ENGINE.txt
54146,ROLLS-ROYC,RR O-300-B,1,faa/faa_registry/ENGINE.txt
54147,ROLLS-ROYC,RR O-300-C,1,faa/faa_registry/ENGINE.txt
54148,ROLLS-ROYC,RR O-300-D,1,faa/faa_registry/ENGINE.txt
54606,ROLLS-ROYC,RR300,3,faa/faa_registry/ENGINE.txt
54593,ROLLS-ROYC,RR772B-60,5,faa/faa_registry/ENGINE.txt
54519,ROLLS-ROYC,SPEY 506-14,4,faa/faa_registry/ENGINE.txt
54062,ROLLS-ROYC,SPEY 506-14A,4,faa/faa_registry/ENGINE.txt
54063,ROLLS-ROYC,SPEY 506-14D,4,faa/faa_registry/ENGINE.txt
54067,ROLLS-ROYC,SPEY 511-14,4,faa/faa_registry/ENGINE.txt
54068,ROLLS-ROYC,SPEY 511-14W,4,faa/faa_registry/ENGINE.txt
54069,ROLLS-ROYC,SPEY 511-8,4,faa/faa_registry/ENGINE.txt
54070,ROLLS-ROYC,SPEY 511-8MOD,4,faa/faa_registry/ENGINE.txt
54521,ROLLS-ROYC,SPEY 555-15,4,faa/faa_registry/ENGINE.txt
54066,ROLLS-ROYC,SPEY 555-15H,4,faa/faa_registry/ENGINE.txt
54064,ROLLS-ROYC,SPEY 555-15N,4,faa/faa_registry/ENGINE.txt
54065,ROLLS-ROYC,SPEY 555-15P,4,faa/faa_registry/ENGINE.txt
54523,ROLLS-ROYC,SPEY MK 511SR,4,faa/faa_registry/ENGINE.txt
54526,ROLLS-ROYC,SPEY MK511-8,5,faa/faa_registry/ENGINE.txt
54227,ROLLS-ROYC,T63-A-720,3,faa/faa_registry/ENGINE.txt
54072,ROLLS-ROYC,TAY 611-8,5,faa/faa_registry/ENGINE.txt
54073,ROLLS-ROYC,TAY 611-8C,5,faa/faa_registry/ENGINE.txt
54561,ROLLS-ROYC,TAY 611SER,5,faa/faa_registry/ENGINE.txt
54071,ROLLS-ROYC,TAY 620-15,5,faa/faa_registry/ENGINE.txt
54557,ROLLS-ROYC,TAY 650-15,5,faa/faa_registry/ENGINE.txt
54564,ROLLS-ROYC,TAY 651-54,5,faa/faa_registry/ENGINE.txt
54556,ROLLS-ROYC,TAY MK 610-8,5,faa/faa_registry/ENGINE.txt
54490,ROLLS-ROYC,TAY MK 611SER,5,faa/faa_registry/ENGINE.txt
54544,ROLLS-ROYC,TRENT 1000,5,faa/faa_registry/ENGINE.txt
54545,ROLLS-ROYC,TRENT 1000-A2,5,faa/faa_registry/ENGINE.txt
54547,ROLLS-ROYC,TRENT 1000-D2,5,faa/faa_registry/ENGINE.txt
54538,ROLLS-ROYC,TRENT 1000-D3,5,faa/faa_registry/ENGINE.txt
54548,ROLLS-ROYC,TRENT 1000M62,5,faa/faa_registry/ENGINE.txt
54592,ROLLS-ROYC,TRENT 772B-60,4,faa/faa_registry/ENGINE.txt
54587,ROLLS-ROYC,TRENT 800,5,faa/faa_registry/ENGINE.txt
54599,ROLLS-ROYC,TRENT XWB-84,5,faa/faa_registry/ENGINE.txt
54589,ROLLS-ROYC,TRENT-892,5,faa/faa_registry/ENGINE.txt
54132,ROLLS-ROYC,TYNE 506,2,faa/faa_registry/ENGINE.txt
54133,ROLLS-ROYC,TYNE 512,2,faa/faa_registry/ENGINE.txt
54510,ROLLS-ROYC,TYNE 515,2,faa/faa_registry/ENGINE.txt
54558,ROLLS-ROYC,V-1650-7,1,faa/faa_registry/ENGINE.txt
54233,ROLLS-ROYC,V1650-25,1,faa/faa_registry/ENGINE.txt
54228,ROLLS-ROYC,VIPER 202,4,faa/faa_registry/ENGINE.txt
54581,ROLLS-ROYC,VIPER 535,4,faa/faa_registry/ENGINE.txt
54568,ROLLS-ROYC,VIPER 680-43,4,faa/faa_registry/ENGINE.txt
54117,ROLLS-ROYC,VIPER MK 521,4,faa/faa_registry/ENGINE.txt
54118,ROLLS-ROYC,VIPER MK 522,4,faa/faa_registry/ENGINE.txt
54119,ROLLS-ROYC,VIPER MK 526,4,faa/faa_registry/ENGINE.txt
54551,ROLLS-ROYC,VIPER MK 601,4,faa/faa_registry/ENGINE.txt
54229,ROLLS-ROYC,VIPER MK22-1,5,faa/faa_registry/ENGINE.txt
54550,ROLLS-ROYC,VIPER MK521,4,faa/faa_registry/ENGINE.txt
54552,ROLLS-ROYC,VIPER MK522,4,faa/faa_registry/ENGINE.txt
54058,ROLLS-ROYC,VIPER MK60122,4,faa/faa_registry/ENGINE.txt
54595,ROLLS-TURB,ADOUR MK 861,5,faa/faa_registry/ENGINE.txt
55585,ROTAX,277,7,faa/faa_registry/ENGINE.txt
55581,ROTAX,377,7,faa/faa_registry/ENGINE.txt
55576,ROTAX,447,7,faa/faa_registry/ENGINE.txt
55586,ROTAX,477,7,faa/faa_registry/ENGINE.txt
55587,ROTAX,502,7,faa/faa_registry/ENGINE.txt
55566,ROTAX,503 DCDI,7,faa/faa_registry/ENGINE.txt
55564,ROTAX,503 SERIES,7,faa/faa_registry/ENGINE.txt
55582,ROTAX,503DC,7,faa/faa_registry/ENGINE.txt
55567,ROTAX,503DCSI,7,faa/faa_registry/ENGINE.txt
55565,ROTAX,503UL,7,faa/faa_registry/ENGINE.txt
55568,ROTAX,503ULDCDI,7,faa/faa_registry/ENGINE.txt
55584,ROTAX,505,7,faa/faa_registry/ENGINE.txt
55580,ROTAX,521,7,faa/faa_registry/ENGINE.txt
55579,ROTAX,532,7,faa/faa_registry/ENGINE.txt
55583,ROTAX,552,7,faa/faa_registry/ENGINE.txt
55551,ROTAX,582,7,faa/faa_registry/ENGINE.txt
55595,ROTAX,582 CDI,7,faa/faa_registry/ENGINE.txt
55554,ROTAX,582-99,7,faa/faa_registry/ENGINE.txt
55562,ROTAX,582DCDI,7,faa/faa_registry/ENGINE.txt
55561,ROTAX,582DCDI-99,7,faa/faa_registry/ENGINE.txt
55557,ROTAX,582E,7,faa/faa_registry/ENGINE.txt
55556,ROTAX,582SER,7,faa/faa_registry/ENGINE.txt
55558,ROTAX,582UL,7,faa/faa_registry/ENGINE.txt
55563,ROTAX,582UL DCDI,7,faa/faa_registry/ENGINE.txt
55559,ROTAX,582UL-99,7,faa/faa_registry/ENGINE.txt
55560,ROTAX,582ULDCDI-99,7,faa/faa_registry/ENGINE.txt
55577,ROTAX,583,7,faa/faa_registry/ENGINE.txt
55578,ROTAX,618,7,faa/faa_registry/ENGINE.txt
55589,ROTAX,618UL,1,faa/faa_registry/ENGINE.txt
55598,ROTAX,670,1,faa/faa_registry/ENGINE.txt
55569,ROTAX,912,8,faa/faa_registry/ENGINE.txt
55593,ROTAX,912 IS,8,faa/faa_registry/ENGINE.txt
55606,ROTAX,912 SERIES,1,faa/faa_registry/ENGINE.txt
55544,ROTAX,912A,8,faa/faa_registry/ENGINE.txt
55601,ROTAX,912F3,8,faa/faa_registry/ENGINE.txt
55590,ROTAX,912IS2,8,faa/faa_registry/ENGINE.txt
55591,ROTAX,912ISC,8,faa/faa_registry/ENGINE.txt
55570,ROTAX,912S,8,faa/faa_registry/ENGINE.txt
55594,ROTAX,912S3,8,faa/faa_registry/ENGINE.txt
55592,ROTAX,912UL,1,faa/faa_registry/ENGINE.txt
55571,ROTAX,912UL SERIES,8,faa/faa_registry/ENGINE.txt
55574,ROTAX,912UL2,8,faa/faa_registry/ENGINE.txt
55607,ROTAX,912ULS,1,faa/faa_registry/ENGINE.txt
55572,ROTAX,912ULS SERIES,8,faa/faa_registry/ENGINE.txt
55599,ROTAX,912ULS2,8,faa/faa_registry/ENGINE.txt
55602,ROTAX,912ULS3,8,faa/faa_registry/ENGINE.txt
55573,ROTAX,912ULSFR,8,faa/faa_registry/ENGINE.txt
55604,ROTAX,914 IS,7,faa/faa_registry/ENGINE.txt
55575,ROTAX,914 SERIES,8,faa/faa_registry/ENGINE.txt
55553,ROTAX,914UL,8,faa/faa_registry/ENGINE.txt
55597,ROTAX,914UL2-01,8,faa/faa_registry/ENGINE.txt
55603,ROTAX,914UL3,8,faa/faa_registry/ENGINE.txt
55552,ROTAX,914ULS,8,faa/faa_registry/ENGINE.txt
55620,ROTAX,915 IS,8,faa/faa_registry/ENGINE.txt
55621,ROTAX,915 ISC3 A,1,faa/faa_registry/ENGINE.txt
55619,ROTAX,915 SERIES,8,faa/faa_registry/ENGINE.txt
55625,ROTAX,916 1S3 A,8,faa/faa_registry/ENGINE.txt
55622,ROTAX,916 IS,8,faa/faa_registry/ENGINE.txt
55623,ROTAX,916 IS A,8,faa/faa_registry/ENGINE.txt
55588,ROTAX,R582C,7,faa/faa_registry/ENGINE.txt
55605,ROTAX,R670,8,faa/faa_registry/ENGINE.txt
55555,ROTAX,SEE BOMBADIER,1,faa/faa_registry/ENGINE.txt
55596,ROTAX,UL 670 BH13,1,faa/faa_registry/ENGINE.txt
55600,ROTEC,R2800,8,faa/faa_registry/ENGINE.txt
55610,ROTEC,R3600,1,faa/faa_registry/ENGINE.txt
55801,ROTEX,RET SERIES,10,faa/faa_registry/ENGINE.txt
55800,ROTEX,REX SERIES,10,faa/faa_registry/ENGINE.txt
55015,ROTORWAY,RH 600T,8,faa/faa_registry/ENGINE.txt
55007,ROTORWAY,RI 162F,8,faa/faa_registry/ENGINE.txt
55011,ROTORWAY,RI 600,8,faa/faa_registry/ENGINE.txt
55009,ROTORWAY,RI 600N,1,faa/faa_registry/ENGINE.txt
55010,ROTORWAY,RI 600S,8,faa/faa_registry/ENGINE.txt
55001,ROTORWAY,RW-100 SERIES,1,faa/faa_registry/ENGINE.txt
55000,ROTORWAY,RW-133 SERIES,1,faa/faa_registry/ENGINE.txt
55005,ROTORWAY,RW-145 SERIES,1,faa/faa_registry/ENGINE.txt
55008,ROTORWAY,RW-162,1,faa/faa_registry/ENGINE.txt
55006,ROTORWAY,RW152,1,faa/faa_registry/ENGINE.txt
55950,RYAN FALCO,V12,1,faa/faa_registry/ENGINE.txt
64532,SABRINA,0-200-A,1,faa/faa_registry/ENGINE.txt
64533|65532,SABRINA,HEATHER 1,1|9,faa/faa_registry/ENGINE.txt
59987,SAFRAN,ARRANO,3,faa/faa_registry/ENGINE.txt
59989,SAFRAN,ARRANO 1A,3,faa/faa_registry/ENGINE.txt
59990,SAFRAN,ARRIEL 1D1,3,faa/faa_registry/ENGINE.txt
59996,SAFRAN,ARRIEL 1E,3,faa/faa_registry/ENGINE.txt
59999,SAFRAN,ARRIEL 1E2,3,faa/faa_registry/ENGINE.txt
59995,SAFRAN,ARRIEL 2B1,3,faa/faa_registry/ENGINE.txt
59988,SAFRAN,ARRIEL 2C2,3,faa/faa_registry/ENGINE.txt
59997,SAFRAN,ARRIEL 2D,3,faa/faa_registry/ENGINE.txt
59998,SAFRAN,ARRIEL 2E,3,faa/faa_registry/ENGINE.txt
59993,SAFRAN,ARRIUS 2B1A,3,faa/faa_registry/ENGINE.txt
59991,SAFRAN,ARRIUS 2B2,3,faa/faa_registry/ENGINE.txt
59992,SAFRAN,ARRIUS 2R,3,faa/faa_registry/ENGINE.txt
59994,SAFRAN,SR305-230 SER,3,faa/faa_registry/ENGINE.txt
56001,SALMSON,AD9,1,faa/faa_registry/ENGINE.txt
56501,SAUER,S 1800-1 SERI,8,faa/faa_registry/ENGINE.txt
33700,SCHEMP HIR,FES-DIS-M100,10,faa/faa_registry/ENGINE.txt
33707,SCHEMP HIR,FES-DUO-M 100,10,faa/faa_registry/ENGINE.txt
59113,SCHLEICHER,EA910/1-35LK,7,faa/faa_registry/ENGINE.txt
59112,SCHLEICHER,EA911/1-35LK,10,faa/faa_registry/ENGINE.txt
57005,SIEMENS,ALL ELECTRIC,10,faa/faa_registry/ENGINE.txt
57002,SIEMENS,SH-12,1,faa/faa_registry/ENGINE.txt
57001,SIEMENS,SH14,1,faa/faa_registry/ENGINE.txt
57003,SIEMENS,SP55D,10,faa/faa_registry/ENGINE.txt
65596,SIMONINI,VICTOR 2 SUPR,1,faa/faa_registry/ENGINE.txt
40501,SKYDYNAMIC,AEIO-360-EXP,1,faa/faa_registry/ENGINE.txt
57302,SNECMA,ATAR 09 SER,4,faa/faa_registry/ENGINE.txt
57301,SNECMA,LARZAC 04-C20,5,faa/faa_registry/ENGINE.txt
57300,SNECMA,LARZAC 04-C6,5,faa/faa_registry/ENGINE.txt
59400,SOCIETE MA,SR305-230,1,faa/faa_registry/ENGINE.txt
59401,SOCIETE MA,SR305-230E,1,faa/faa_registry/ENGINE.txt
58100,SOLAR,T-62,3,faa/faa_registry/ENGINE.txt
58104,SOLAR,T62-32,3,faa/faa_registry/ENGINE.txt
58101,SOLAR,T62T-2A1,3,faa/faa_registry/ENGINE.txt
58102,SOLAR,T62T-32,3,faa/faa_registry/ENGINE.txt
58107,SOLO,2350 SER,7,faa/faa_registry/ENGINE.txt
58108,SOLO,2625 01,7,faa/faa_registry/ENGINE.txt
58111,SOLO,2625 02,7,faa/faa_registry/ENGINE.txt
58109,SOLO,262502I,1,faa/faa_registry/ENGINE.txt
58106,SOLO,560,1,faa/faa_registry/ENGINE.txt
58113,SOLO,8000 401,10,faa/faa_registry/ENGINE.txt
58112,SOLO,EMRAX 208,10,faa/faa_registry/ENGINE.txt
58201,SONEX,AEROVEE 2.1,1,faa/faa_registry/ENGINE.txt
58200,SONEX ACFT,AEROVEE 2180C,1,faa/faa_registry/ENGINE.txt
58202,SONEX ACFT,AEROVEE TURBO,1,faa/faa_registry/ENGINE.txt
58300,SPA LLC,CORVAIR SERIE,1,faa/faa_registry/ENGINE.txt
59980,SPIRIT ENG,SPIRIT V2,8,faa/faa_registry/ENGINE.txt
59001,STARK,STAMO,1,faa/faa_registry/ENGINE.txt
59002,STARK,STAMO 1500-2,1,faa/faa_registry/ENGINE.txt
59050,SUBARU,ALL MDLS A/B,8,faa/faa_registry/ENGINE.txt
59052,SUBARU,EA-81,1,faa/faa_registry/ENGINE.txt
59054,SUBARU,EA-82,8,faa/faa_registry/ENGINE.txt
59051,SUBARU,EJ 2.0 TURBO,1,faa/faa_registry/ENGINE.txt
38502,SUBARU,EJ-25,8,faa/faa_registry/ENGINE.txt
59053,SUBARU,EJ22,8,faa/faa_registry/ENGINE.txt
59049,SUBARU,EJ257,1,faa/faa_registry/ENGINE.txt
59055,SUBARU,EZ30D,1,faa/faa_registry/ENGINE.txt
59201,SUPERIOR,0-320-D1A,1,faa/faa_registry/ENGINE.txt
59249,SUPERIOR,0-360-X,1,faa/faa_registry/ENGINE.txt
59210,SUPERIOR,CC363I,8,faa/faa_registry/ENGINE.txt
59267,SUPERIOR,IO-320 SERIES,1,faa/faa_registry/ENGINE.txt
59254,SUPERIOR,IO-320-A,1,faa/faa_registry/ENGINE.txt
59251,SUPERIOR,IO-360 SER,1,faa/faa_registry/ENGINE.txt
59259,SUPERIOR,IO-360-B1A2,1,faa/faa_registry/ENGINE.txt
59272,SUPERIOR,IO-375 SERIES,1,faa/faa_registry/ENGINE.txt
59298,SUPERIOR,IO-382,1,faa/faa_registry/ENGINE.txt
59297,SUPERIOR,IO-382X,1,faa/faa_registry/ENGINE.txt
59292,SUPERIOR,IO-400-J4HD9,1,faa/faa_registry/ENGINE.txt
59290,SUPERIOR,IO400J4AD9-S2,1,faa/faa_registry/ENGINE.txt
59253,SUPERIOR,O-320-A1AC2,8,faa/faa_registry/ENGINE.txt
59250,SUPERIOR,O-360 SERIES,1,faa/faa_registry/ENGINE.txt
59262,SUPERIOR,O-360-A3A2,8,faa/faa_registry/ENGINE.txt
59255,SUPERIOR,O-360-B1AC2,8,faa/faa_registry/ENGINE.txt
59266,SUPERIOR,O360B1A2,1,faa/faa_registry/ENGINE.txt
59277,SUPERIOR,SL-O360 SERIE,1,faa/faa_registry/ENGINE.txt
59268,SUPERIOR,XP IO400 SER,1,faa/faa_registry/ENGINE.txt
59261,SUPERIOR,XP-0-360B1AC2,8,faa/faa_registry/ENGINE.txt
59263,SUPERIOR,XP-320,8,faa/faa_registry/ENGINE.txt
59252,SUPERIOR,XP-360,8,faa/faa_registry/ENGINE.txt
59200,SUPERIOR,XP-400,8,faa/faa_registry/ENGINE.txt
59291,SUPERIOR,XP-IO-320,1,faa/faa_registry/ENGINE.txt
59240,SUPERIOR,XP-IO-360 SER,8,faa/faa_registry/ENGINE.txt
59271,SUPERIOR,XP-IO-382,1,faa/faa_registry/ENGINE.txt
59260,SUPERIOR,XP-IO360B1AC2,8,faa/faa_registry/ENGINE.txt
59270,SUPERIOR,XP-IO360B1BD2,1,faa/faa_registry/ENGINE.txt
59257,SUPERIOR,XP-IO360B1DA3,8,faa/faa_registry/ENGINE.txt
59264,SUPERIOR,XP-O-360-B1D3,1,faa/faa_registry/ENGINE.txt
59285,SUPERIOR,XP-O-360A1AC2,1,faa/faa_registry/ENGINE.txt
59288,SUPERIOR,XP-O-360A3HY3,1,faa/faa_registry/ENGINE.txt
59258,SUPERIOR,XPIO-360B1AA2,8,faa/faa_registry/ENGINE.txt
59287,SUPERIOR,XPIO-360B4PD2,1,faa/faa_registry/ENGINE.txt
59256,SUPERIOR,XPIO360A1AD2,1,faa/faa_registry/ENGINE.txt
59265,SUPERIOR,XPIO360B1AD2,1,faa/faa_registry/ENGINE.txt
59295,SUTER,TOA 288,7,faa/faa_registry/ENGINE.txt
59299,SUZUKI,G10,8,faa/faa_registry/ENGINE.txt
59305,SUZUKI,G13BB,8,faa/faa_registry/ENGINE.txt
59308,SUZUKI,G15,8,faa/faa_registry/ENGINE.txt
59310,SUZUKI,G16 SERIES,8,faa/faa_registry/ENGINE.txt
59313,SUZUKI,H27A,8,faa/faa_registry/ENGINE.txt
59354,SUZUKI,INNTEC 800,7,faa/faa_registry/ENGINE.txt
59312,SUZUKI,V6,1,faa/faa_registry/ENGINE.txt
59490,SZEKELY,SR-3,1,faa/faa_registry/ENGINE.txt
07003,SZEKELY,SR-3-45,1,faa/faa_registry/ENGINE.txt
07001,SZEKELY,SR-3-L,1,faa/faa_registry/ENGINE.txt
60501,T-MOTOR,U15II KV100,10,faa/faa_registry/ENGINE.txt
60500,T-MOTOR,U15XXL,10,faa/faa_registry/ENGINE.txt
42980,TCM,IO-370,8,faa/faa_registry/ENGINE.txt
42990,TCM,IO-550-N,1,faa/faa_registry/ENGINE.txt
42981,TCM,O-200-D4B,8,faa/faa_registry/ENGINE.txt
43000,TCM,TSIOF-550J,1,faa/faa_registry/ENGINE.txt
17060,TCM CONT,TSIO 520 SER,1,faa/faa_registry/ENGINE.txt
59306,TECHNIFY,TAE125-02-114,1,faa/faa_registry/ENGINE.txt
59307,TECHNIFY,TAE125-02-99,8,faa/faa_registry/ENGINE.txt
59301,THIELERT,CENTURION 1.7,1,faa/faa_registry/ENGINE.txt
59304,THIELERT,CENTURION 4.0,1,faa/faa_registry/ENGINE.txt
59302,THIELERT,TAE 125-02-99,1,faa/faa_registry/ENGINE.txt
59300,THIELERT,TAE-125-01,1,faa/faa_registry/ENGINE.txt
59303,THIELERT,TAE125-02-114,1,faa/faa_registry/ENGINE.txt
59685,TITAN,340,1,faa/faa_registry/ENGINE.txt
59690,TITAN,IO-340,1,faa/faa_registry/ENGINE.txt
59695,TITAN,IO-360 SERIES,8,faa/faa_registry/ENGINE.txt
59696,TITAN,IO-361,8,faa/faa_registry/ENGINE.txt
59687,TITAN,IOX-320 SERIE,8,faa/faa_registry/ENGINE.txt
59688,TITAN,IOX-340 SERIE,8,faa/faa_registry/ENGINE.txt
59698,TITAN,IOX-360 SERIE,8,faa/faa_registry/ENGINE.txt
59471,TITAN,IOX-370 SERIE,8,faa/faa_registry/ENGINE.txt
59691,TITAN,O-340,1,faa/faa_registry/ENGINE.txt
59472,TITAN,O-360-B1B,1,faa/faa_registry/ENGINE.txt
59469,TITAN,OX-340-D2B,1,faa/faa_registry/ENGINE.txt
59470,TITAN,OX-340CC,8,faa/faa_registry/ENGINE.txt
59473,TITAN,OX-360 SERIES,1,faa/faa_registry/ENGINE.txt
59480,TITAN,OX-370 SERIES,1,faa/faa_registry/ENGINE.txt
59474,TITAN,X-320,8,faa/faa_registry/ENGINE.txt
59475,TITAN,X-340 SERIES,8,faa/faa_registry/ENGINE.txt
59476,TITAN,X370,8,faa/faa_registry/ENGINE.txt
59525,TRACE,TE600D,1,faa/faa_registry/ENGINE.txt
59501,TRIUMPH,T SERIES,1,faa/faa_registry/ENGINE.txt
60043,TURBOMECA,ARRIEL 1,3,faa/faa_registry/ENGINE.txt
60044,TURBOMECA,ARRIEL 1A,3,faa/faa_registry/ENGINE.txt
60045,TURBOMECA,ARRIEL 1A1,3,faa/faa_registry/ENGINE.txt
60046,TURBOMECA,ARRIEL 1A2,3,faa/faa_registry/ENGINE.txt
60042,TURBOMECA,ARRIEL 1B,3,faa/faa_registry/ENGINE.txt
60047,TURBOMECA,ARRIEL 1B2,3,faa/faa_registry/ENGINE.txt
60049,TURBOMECA,ARRIEL 1C,3,faa/faa_registry/ENGINE.txt
60050,TURBOMECA,ARRIEL 1C1,3,faa/faa_registry/ENGINE.txt
60051,TURBOMECA,ARRIEL 1C2,3,faa/faa_registry/ENGINE.txt
60048,TURBOMECA,ARRIEL 1D,3,faa/faa_registry/ENGINE.txt
60053,TURBOMECA,ARRIEL 1D1,3,faa/faa_registry/ENGINE.txt
60034,TURBOMECA,ARRIEL 1E,3,faa/faa_registry/ENGINE.txt
60035,TURBOMECA,ARRIEL 1E2,3,faa/faa_registry/ENGINE.txt
60033,TURBOMECA,ARRIEL 1K1,3,faa/faa_registry/ENGINE.txt
60041,TURBOMECA,ARRIEL 1M,3,faa/faa_registry/ENGINE.txt
60052,TURBOMECA,ARRIEL 1S,3,faa/faa_registry/ENGINE.txt
60032,TURBOMECA,ARRIEL 1S1,3,faa/faa_registry/ENGINE.txt
60030,TURBOMECA,ARRIEL 1SER,3,faa/faa_registry/ENGINE.txt
60037,TURBOMECA,ARRIEL 2B,3,faa/faa_registry/ENGINE.txt
60056,TURBOMECA,ARRIEL 2B1,3,faa/faa_registry/ENGINE.txt
60054,TURBOMECA,ARRIEL 2C,3,faa/faa_registry/ENGINE.txt
60038,TURBOMECA,ARRIEL 2C1,3,faa/faa_registry/ENGINE.txt
60039,TURBOMECA,ARRIEL 2C2,3,faa/faa_registry/ENGINE.txt
60080,TURBOMECA,ARRIEL 2D,3,faa/faa_registry/ENGINE.txt
60057,TURBOMECA,ARRIEL 2S1,3,faa/faa_registry/ENGINE.txt
60036,TURBOMECA,ARRIEL 2S2,3,faa/faa_registry/ENGINE.txt
60031,TURBOMECA,ARRIEL SERIES,3,faa/faa_registry/ENGINE.txt
60011,TURBOMECA,ARRIUS 1A,3,faa/faa_registry/ENGINE.txt
60013,TURBOMECA,ARRIUS 2B,3,faa/faa_registry/ENGINE.txt
60015,TURBOMECA,ARRIUS 2B1,3,faa/faa_registry/ENGINE.txt
60068,TURBOMECA,ARRIUS 2B1A,3,faa/faa_registry/ENGINE.txt
60012,TURBOMECA,ARRIUS 2B2,3,faa/faa_registry/ENGINE.txt
60010,TURBOMECA,ARRIUS 2F,3,faa/faa_registry/ENGINE.txt
60055|60069,TURBOMECA,ARRIUS 2K1,3,faa/faa_registry/ENGINE.txt
60085,TURBOMECA,ARRIUS 2R,3,faa/faa_registry/ENGINE.txt
60002,TURBOMECA,ARTOUSTE II,3,faa/faa_registry/ENGINE.txt
60060,TURBOMECA,ARTOUSTE IIB1,3,faa/faa_registry/ENGINE.txt
60061,TURBOMECA,ARTOUSTE IIC,3,faa/faa_registry/ENGINE.txt
60062,TURBOMECA,ARTOUSTE IIC1,3,faa/faa_registry/ENGINE.txt
60063,TURBOMECA,ARTOUSTE IIC2,3,faa/faa_registry/ENGINE.txt
60064,TURBOMECA,ARTOUSTE IIC5,3,faa/faa_registry/ENGINE.txt
60065,TURBOMECA,ARTOUSTE IIC6,3,faa/faa_registry/ENGINE.txt
60067,TURBOMECA,ARTOUSTE IIID,3,faa/faa_registry/ENGINE.txt
60003,TURBOMECA,ARTOUSTEIIIB,3,faa/faa_registry/ENGINE.txt
60066,TURBOMECA,ARTOUSTEIIIB1,3,faa/faa_registry/ENGINE.txt
60007,TURBOMECA,ASTAZOU 111A,3,faa/faa_registry/ENGINE.txt
60025,TURBOMECA,ASTAZOU II C,2,faa/faa_registry/ENGINE.txt
60026,TURBOMECA,ASTAZOU II D,2,faa/faa_registry/ENGINE.txt
60027,TURBOMECA,ASTAZOU II E,2,faa/faa_registry/ENGINE.txt
60028,TURBOMECA,ASTAZOU II G,2,faa/faa_registry/ENGINE.txt
60029,TURBOMECA,ASTAZOU II J,2,faa/faa_registry/ENGINE.txt
60058,TURBOMECA,ASTAZOU II K,2,faa/faa_registry/ENGINE.txt
60005|60006,TURBOMECA,ASTAZOU IIA,2|3,faa/faa_registry/ENGINE.txt
60088,TURBOMECA,ASTAZOU IIIC2,3,faa/faa_registry/ENGINE.txt
60020,TURBOMECA,ASTAZOU SER,3,faa/faa_registry/ENGINE.txt
60059,TURBOMECA,ASTAZOU XIIH1,2,faa/faa_registry/ENGINE.txt
60017,TURBOMECA,ASTAZOU XIV B,3,faa/faa_registry/ENGINE.txt
60018,TURBOMECA,ASTAZOU XIV H,3,faa/faa_registry/ENGINE.txt
60014,TURBOMECA,ASTAZOU XIVC,2,faa/faa_registry/ENGINE.txt
60021,TURBOMECA,ASTAZOU XIVC1,2,faa/faa_registry/ENGINE.txt
60081,TURBOMECA,ASTAZOU XIVM1,3,faa/faa_registry/ENGINE.txt
60024,TURBOMECA,ASTAZOU XVI-F,2,faa/faa_registry/ENGINE.txt
60023,TURBOMECA,ASTAZOU XVIC1,2,faa/faa_registry/ENGINE.txt
60022,TURBOMECA,ASTAZOU XVIF1,2,faa/faa_registry/ENGINE.txt
60016,TURBOMECA,ASTAZOUXV111A,3,faa/faa_registry/ENGINE.txt
60009,TURBOMECA,BASTAN VI SER,2,faa/faa_registry/ENGINE.txt
60071,TURBOMECA,BASTAN VI-C1,2,faa/faa_registry/ENGINE.txt
60072,TURBOMECA,MAKILA 1A,3,faa/faa_registry/ENGINE.txt
60073,TURBOMECA,MAKILA 1A1,3,faa/faa_registry/ENGINE.txt
60074,TURBOMECA,MAKILA 1A2,3,faa/faa_registry/ENGINE.txt
60079,TURBOMECA,MAKILA 2A,3,faa/faa_registry/ENGINE.txt
60090,TURBOMECA,MAKILA 2A1,3,faa/faa_registry/ENGINE.txt
60040,TURBOMECA,MAKILA SERIES,3,faa/faa_registry/ENGINE.txt
60019,TURBOMECA,MARBORE II F3,4,faa/faa_registry/ENGINE.txt
60004,TURBOMECA,MARBORE IIC,4,faa/faa_registry/ENGINE.txt
60070,TURBOMECA,MARBORE VIC,4,faa/faa_registry/ENGINE.txt
60078,TURBOMECA,MARBORE VIJ,4,faa/faa_registry/ENGINE.txt
60075,TURBOMECA,TURMO III C5,3,faa/faa_registry/ENGINE.txt
60008,TURBOMECA,TURMO IV SER,3,faa/faa_registry/ENGINE.txt
60076,TURBOMECA,TURMO IVA,3,faa/faa_registry/ENGINE.txt
60077,TURBOMECA,TURMO IVC,3,faa/faa_registry/ENGINE.txt
21991,TURBOTECH,TP-R150,2,faa/faa_registry/ENGINE.txt
21990,TURBOTECH,TP-R90,2,faa/faa_registry/ENGINE.txt
61562,U/A CANADA,JT15D-1,5,faa/faa_registry/ENGINE.txt
61563,U/A CANADA,JT15D-4,5,faa/faa_registry/ENGINE.txt
61501|61502,U/A CANADA,PT6 SER 578HP,2|3,faa/faa_registry/ENGINE.txt
61508,U/A CANADA,PT6A SERIES,2,faa/faa_registry/ENGINE.txt
61566,U/A CANADA,PT6A-11,2,faa/faa_registry/ENGINE.txt
61581,U/A CANADA,PT6A-110,2,faa/faa_registry/ENGINE.txt
61582,U/A CANADA,PT6A-112,2,faa/faa_registry/ENGINE.txt
61583,U/A CANADA,PT6A-114,2,faa/faa_registry/ENGINE.txt
61584,U/A CANADA,PT6A-114A,2,faa/faa_registry/ENGINE.txt
61585,U/A CANADA,PT6A-116,2,faa/faa_registry/ENGINE.txt
61567,U/A CANADA,PT6A-11AG,2,faa/faa_registry/ENGINE.txt
61586,U/A CANADA,PT6A-121,2,faa/faa_registry/ENGINE.txt
61587,U/A CANADA,PT6A-135,2,faa/faa_registry/ENGINE.txt
61588,U/A CANADA,PT6A-135A,2,faa/faa_registry/ENGINE.txt
61575,U/A CANADA,PT6A-15AG,2,faa/faa_registry/ENGINE.txt
61568,U/A CANADA,PT6A-20,2,faa/faa_registry/ENGINE.txt
61569,U/A CANADA,PT6A-20A,2,faa/faa_registry/ENGINE.txt
61570,U/A CANADA,PT6A-20B,2,faa/faa_registry/ENGINE.txt
61572,U/A CANADA,PT6A-21,2,faa/faa_registry/ENGINE.txt
61525,U/A CANADA,PT6A-25,2,faa/faa_registry/ENGINE.txt
61573,U/A CANADA,PT6A-25A,2,faa/faa_registry/ENGINE.txt
61574,U/A CANADA,PT6A-25C,2,faa/faa_registry/ENGINE.txt
61576,U/A CANADA,PT6A-27,2,faa/faa_registry/ENGINE.txt
61504,U/A CANADA,PT6A-27-28,2,faa/faa_registry/ENGINE.txt
61577,U/A CANADA,PT6A-28,2,faa/faa_registry/ENGINE.txt
61506,U/A CANADA,PT6A-29,2,faa/faa_registry/ENGINE.txt
61534,U/A CANADA,PT6A-34,2,faa/faa_registry/ENGINE.txt
61578,U/A CANADA,PT6A-34AG,2,faa/faa_registry/ENGINE.txt
61579,U/A CANADA,PT6A-34B,2,faa/faa_registry/ENGINE.txt
61590,U/A CANADA,PT6A-35,2,faa/faa_registry/ENGINE.txt
61580,U/A CANADA,PT6A-36,2,faa/faa_registry/ENGINE.txt
61591,U/A CANADA,PT6A-38,2,faa/faa_registry/ENGINE.txt
61592,U/A CANADA,PT6A-40,2,faa/faa_registry/ENGINE.txt
61541,U/A CANADA,PT6A-41,2,faa/faa_registry/ENGINE.txt
61593,U/A CANADA,PT6A-41AG,2,faa/faa_registry/ENGINE.txt
61594,U/A CANADA,PT6A-42,2,faa/faa_registry/ENGINE.txt
61595,U/A CANADA,PT6A-42A,2,faa/faa_registry/ENGINE.txt
61596,U/A CANADA,PT6A-45,2,faa/faa_registry/ENGINE.txt
61597,U/A CANADA,PT6A-45A,2,faa/faa_registry/ENGINE.txt
61599,U/A CANADA,PT6A-45R,2,faa/faa_registry/ENGINE.txt
61600,U/A CANADA,PT6A-50,2,faa/faa_registry/ENGINE.txt
61505,U/A CANADA,PT6A-6,2,faa/faa_registry/ENGINE.txt
61571,U/A CANADA,PT6A-6/C20,2,faa/faa_registry/ENGINE.txt
61601,U/A CANADA,PT6A-60,2,faa/faa_registry/ENGINE.txt
61602,U/A CANADA,PT6A-60A,2,faa/faa_registry/ENGINE.txt
61605,U/A CANADA,PT6A-60AG,2,faa/faa_registry/ENGINE.txt
61603,U/A CANADA,PT6A-61,2,faa/faa_registry/ENGINE.txt
61604,U/A CANADA,PT6A-61A,2,faa/faa_registry/ENGINE.txt
61609,U/A CANADA,PT6A-65AG,2,faa/faa_registry/ENGINE.txt
61608,U/A CANADA,PT6A-65AR,2,faa/faa_registry/ENGINE.txt
61606,U/A CANADA,PT6A-65B,2,faa/faa_registry/ENGINE.txt
61607,U/A CANADA,PT6A-65R,2,faa/faa_registry/ENGINE.txt
61564,U/A CANADA,PT6A-6A,2,faa/faa_registry/ENGINE.txt
61507,U/A CANADA,PT6A-6A&6B,2,faa/faa_registry/ENGINE.txt
61565,U/A CANADA,PT6A-6B,2,faa/faa_registry/ENGINE.txt
61610,U/A CANADA,PT6B-35F,3,faa/faa_registry/ENGINE.txt
61503,U/A CANADA,PT6B-9,3,faa/faa_registry/ENGINE.txt
61589,U/A CANADA,PT6D-114A,2,faa/faa_registry/ENGINE.txt
61550,U/A CANADA,PT6T SERIES,3,faa/faa_registry/ENGINE.txt
61551,U/A CANADA,PT6T-3,3,faa/faa_registry/ENGINE.txt
61552,U/A CANADA,PT6T-3A,3,faa/faa_registry/ENGINE.txt
61553,U/A CANADA,PT6T-3B,3,faa/faa_registry/ENGINE.txt
61554,U/A CANADA,PT6T-3BE,3,faa/faa_registry/ENGINE.txt
61559,U/A CANADA,PT6T-3BF,3,faa/faa_registry/ENGINE.txt
61560,U/A CANADA,PT6T-3BG,3,faa/faa_registry/ENGINE.txt
61556,U/A CANADA,PT6T-3D,3,faa/faa_registry/ENGINE.txt
61557,U/A CANADA,PT6T-3DE,3,faa/faa_registry/ENGINE.txt
61558,U/A CANADA,PT6T-3DF,3,faa/faa_registry/ENGINE.txt
61555,U/A CANADA,PT6T-6,3,faa/faa_registry/ENGINE.txt
61561,U/A CANADA,PT6T-9,3,faa/faa_registry/ENGINE.txt
63300,UEL,AR-741-1100,8,faa/faa_registry/ENGINE.txt
61995,ULPOWER,260 ISA,1,faa/faa_registry/ENGINE.txt
62001,ULPOWER,350I,8,faa/faa_registry/ENGINE.txt
63046,ULPOWER,350IS,8,faa/faa_registry/ENGINE.txt
62010,ULPOWER,390IS,1,faa/faa_registry/ENGINE.txt
63045,ULPOWER,520IS,1,faa/faa_registry/ENGINE.txt
62002,ULPOWER,UL 520 SERIES,8,faa/faa_registry/ENGINE.txt
61998,ULPOWER,UL260I,1,faa/faa_registry/ENGINE.txt
61999,ULPOWER,UL260IS,1,faa/faa_registry/ENGINE.txt
62003,ULPOWER,UL350I,8,faa/faa_registry/ENGINE.txt
62000,ULPOWER,UL350IS,8,faa/faa_registry/ENGINE.txt
63001,UNIVERSAL,VELIE M5,1,faa/faa_registry/ENGINE.txt
63801,VALLEY ENG,BIG TWIN,1,faa/faa_registry/ENGINE.txt
63802,VALLEY ENG,VOLKSWAGON,1,faa/faa_registry/ENGINE.txt
63900,VANDERSARL,40,1,faa/faa_registry/ENGINE.txt
59555,VANTAGE,O-360-A3A2,8,faa/faa_registry/ENGINE.txt
63602,VEDENEYEV,M-14D,1,faa/faa_registry/ENGINE.txt
63604,VEDENEYEV,M-9F,1,faa/faa_registry/ENGINE.txt
63605,VEDENEYEV,M14-PF,1,faa/faa_registry/ENGINE.txt
63603,VEDENEYEV,M14B,1,faa/faa_registry/ENGINE.txt
63601,VEDENEYEV,M14P,1,faa/faa_registry/ENGINE.txt
63704,VERNER,SCARLETT 5S,8,faa/faa_registry/ENGINE.txt
63706,VERNER,SCARLETT 5VL,8,faa/faa_registry/ENGINE.txt
63705,VERNER,SCARLETT 7U,8,faa/faa_registry/ENGINE.txt
63707,VERNER,SCARLETT 9S,8,faa/faa_registry/ENGINE.txt
63703,VERNER,SVS-1400,8,faa/faa_registry/ENGINE.txt
63701,VERNER MTR,133MK,7,faa/faa_registry/ENGINE.txt
63702,VERNER MTR,VM133M,8,faa/faa_registry/ENGINE.txt
63700,VIKING,110,1,faa/faa_registry/ENGINE.txt
63998,VIKING,130,1,faa/faa_registry/ENGINE.txt
63999,VIKING,130 GDI,1,faa/faa_registry/ENGINE.txt
63991,VIKING,150,1,faa/faa_registry/ENGINE.txt
63990,VIKING,180,1,faa/faa_registry/ENGINE.txt
63995,VIKING,195T,1,faa/faa_registry/ENGINE.txt
63989,VIKING,90,1,faa/faa_registry/ENGINE.txt
63694,VIKING HON,1.5L,1,faa/faa_registry/ENGINE.txt
63699,VIKING HON,FIT 130 L15B1,1,faa/faa_registry/ENGINE.txt
63698,VIKING HON,R18Z9,1,faa/faa_registry/ENGINE.txt
63505,VOLKSWAGEN,1600CC,1,faa/faa_registry/ENGINE.txt
63510,VOLKSWAGEN,1700 CC,1,faa/faa_registry/ENGINE.txt
63506,VOLKSWAGEN,1800 CC SERIE,1,faa/faa_registry/ENGINE.txt
63502,VOLKSWAGEN,2130,8,faa/faa_registry/ENGINE.txt
63503,VOLKSWAGEN,2165CC,1,faa/faa_registry/ENGINE.txt
63508,VOLKSWAGEN,2180CC,8,faa/faa_registry/ENGINE.txt
63509,VOLKSWAGEN,2276CC,8,faa/faa_registry/ENGINE.txt
63504,VOLKSWAGEN,2400,8,faa/faa_registry/ENGINE.txt
63511,VOLKSWAGEN,AEROVEE 2180,8,faa/faa_registry/ENGINE.txt
63501,VOLKSWAGEN,CONVERSION,1,faa/faa_registry/ENGINE.txt
63507,VOLKSWAGEN,TYPE 1,8,faa/faa_registry/ENGINE.txt
63400,VOLVO FLYG,RM6C,4,faa/faa_registry/ENGINE.txt
64101,WALT MINOR,4 111,1,faa/faa_registry/ENGINE.txt
64102,WALT MINOR,MINOR 6 III,1,faa/faa_registry/ENGINE.txt
64005,WALTER,601D,2,faa/faa_registry/ENGINE.txt
64012,WALTER,601E,2,faa/faa_registry/ENGINE.txt
64013,WALTER,601EX,2,faa/faa_registry/ENGINE.txt
64004,WALTER,M337,1,faa/faa_registry/ENGINE.txt
64002|64003,WALTER,M601 SER,1|2,faa/faa_registry/ENGINE.txt
64011,WALTER,M601D-11,2,faa/faa_registry/ENGINE.txt
64006,WALTER,M601E-11,2,faa/faa_registry/ENGINE.txt
64008,WALTER,M601E-11A,2,faa/faa_registry/ENGINE.txt
64009,WALTER,M601E-11AS,2,faa/faa_registry/ENGINE.txt
64007,WALTER,M601E-11S,2,faa/faa_registry/ENGINE.txt
64010,WALTER,M601F,2,faa/faa_registry/ENGINE.txt
64001,WALTER,NZ,1,faa/faa_registry/ENGINE.txt
64509,WARNER,165,1,faa/faa_registry/ENGINE.txt
64510,WARNER,165-A,1,faa/faa_registry/ENGINE.txt
64511,WARNER,165-B,1,faa/faa_registry/ENGINE.txt
64512,WARNER,165-D,1,faa/faa_registry/ENGINE.txt
64513,WARNER,185,1,faa/faa_registry/ENGINE.txt
64514,WARNER,185J,1,faa/faa_registry/ENGINE.txt
64515,WARNER,185K,1,faa/faa_registry/ENGINE.txt
24516,WARNER,28,1,faa/faa_registry/ENGINE.txt
24517,WARNER,29,1,faa/faa_registry/ENGINE.txt
24518,WARNER,30,1,faa/faa_registry/ENGINE.txt
24519,WARNER,40,1,faa/faa_registry/ENGINE.txt
24520,WARNER,50,1,faa/faa_registry/ENGINE.txt
64501,WARNER,SCA JR SERIES,1,faa/faa_registry/ENGINE.txt
64502,WARNER,SCARAB SERIES,1,faa/faa_registry/ENGINE.txt
64504,WARNER,SS165 SERIES,1,faa/faa_registry/ENGINE.txt
64505,WARNER,SS185 SERIES,1,faa/faa_registry/ENGINE.txt
64503,WARNER,SS40&50,1,faa/faa_registry/ENGINE.txt
64506,WARNER,SS50A,1,faa/faa_registry/ENGINE.txt
64517,WARNER,SUPER 40,1,faa/faa_registry/ENGINE.txt
64518,WARNER,SUPER 50,1,faa/faa_registry/ENGINE.txt
65003,WEST BEND,82006,1,faa/faa_registry/ENGINE.txt
65501,WESTINGHSE,24C4D-1,4,faa/faa_registry/ENGINE.txt
65503,WESTINGHSE,J34-WE-34,4,faa/faa_registry/ENGINE.txt
65504,WESTINGHSE,J34-WE-34-1,4,faa/faa_registry/ENGINE.txt
65505,WESTINGHSE,J34-WE-34-2,4,faa/faa_registry/ENGINE.txt
65502,WESTINGHSE,J34WE & J30D,4,faa/faa_registry/ENGINE.txt
65506,WESTINGHSE,W-340,4,faa/faa_registry/ENGINE.txt
65507,WESTINGHSE,W-340-1,4,faa/faa_registry/ENGINE.txt
65508,WESTINGHSE,W-340-2,4,faa/faa_registry/ENGINE.txt
66000,WILLIAMS,FJ 44 SERIES,5,faa/faa_registry/ENGINE.txt
66001,WILLIAMS,FJ22,4,faa/faa_registry/ENGINE.txt
66009,WILLIAMS,FJ33-4,5,faa/faa_registry/ENGINE.txt
66008,WILLIAMS,FJ33-4A-15,5,faa/faa_registry/ENGINE.txt
66012,WILLIAMS,FJ33-4A-19,5,faa/faa_registry/ENGINE.txt
66015,WILLIAMS,FJ33-5A,5,faa/faa_registry/ENGINE.txt
66002,WILLIAMS,FJ44-1A,5,faa/faa_registry/ENGINE.txt
66004,WILLIAMS,FJ44-2A,5,faa/faa_registry/ENGINE.txt
66005,WILLIAMS,FJ44-2C,5,faa/faa_registry/ENGINE.txt
66006,WILLIAMS,FJ44-3A,5,faa/faa_registry/ENGINE.txt
66007,WILLIAMS,FJ44-3A-24,5,faa/faa_registry/ENGINE.txt
66851,WILLIAMS,FJ44-3AP,5,faa/faa_registry/ENGINE.txt
66011,WILLIAMS,FJ44-4A,5,faa/faa_registry/ENGINE.txt
66010,WILLIAMS,FJ44-4A-32,5,faa/faa_registry/ENGINE.txt
66013,WILLIAMS,FJ44-4A-QPM,5,faa/faa_registry/ENGINE.txt
18199,WILLIS-MOR,OX-5,1,faa/faa_registry/ENGINE.txt
66003,WMSINTL,FJ44-1AP,5,faa/faa_registry/ENGINE.txt
67201,WRIGHT,1820-84C,1,faa/faa_registry/ENGINE.txt
67018,WRIGHT,1820F2 F2A,1,faa/faa_registry/ENGINE.txt
67019,WRIGHT,1820F2B-F52,1,faa/faa_registry/ENGINE.txt
67024,WRIGHT,1820F56,1,faa/faa_registry/ENGINE.txt
67025,WRIGHT,1820G-2-3&5,1,faa/faa_registry/ENGINE.txt
67026,WRIGHT,1820G102 105,1,faa/faa_registry/ENGINE.txt
67151,WRIGHT,332C14AB1,1,faa/faa_registry/ENGINE.txt
67152,WRIGHT,332C14AB2,1,faa/faa_registry/ENGINE.txt
67008,WRIGHT,540,1,faa/faa_registry/ENGINE.txt
67155,WRIGHT,579C14AC1,1,faa/faa_registry/ENGINE.txt
67156,WRIGHT,579C14AC2,1,faa/faa_registry/ENGINE.txt
67157,WRIGHT,585C14BA1,1,faa/faa_registry/ENGINE.txt
67158,WRIGHT,585C14BA2,1,faa/faa_registry/ENGINE.txt
67159,WRIGHT,586C14BA1,1,faa/faa_registry/ENGINE.txt
67160,WRIGHT,586C14BA2,1,faa/faa_registry/ENGINE.txt
67044,WRIGHT,702C9GC1,1,faa/faa_registry/ENGINE.txt
67045,WRIGHT,702C9GC2,1,faa/faa_registry/ENGINE.txt
67046,WRIGHT,702C9GC3,1,faa/faa_registry/ENGINE.txt
67047,WRIGHT,702C9GC4,1,faa/faa_registry/ENGINE.txt
67048,WRIGHT,702C9GC5,1,faa/faa_registry/ENGINE.txt
67049,WRIGHT,702C9GC6,1,faa/faa_registry/ENGINE.txt
67068,WRIGHT,704C9GC1,1,faa/faa_registry/ENGINE.txt
67069,WRIGHT,704C9GC2,1,faa/faa_registry/ENGINE.txt
67070,WRIGHT,704C9GC3,1,faa/faa_registry/ENGINE.txt
67071,WRIGHT,704C9GC4,1,faa/faa_registry/ENGINE.txt
67072,WRIGHT,704C9GC5,1,faa/faa_registry/ENGINE.txt
67153,WRIGHT,709C14AC1,1,faa/faa_registry/ENGINE.txt
67154,WRIGHT,709C14AC2,1,faa/faa_registry/ENGINE.txt
67195,WRIGHT,718C9GB1,1,faa/faa_registry/ENGINE.txt
67149,WRIGHT,726C14AB1,1,faa/faa_registry/ENGINE.txt
67150,WRIGHT,726C14AB2,1,faa/faa_registry/ENGINE.txt
67051,WRIGHT,728C9GC1,1,faa/faa_registry/ENGINE.txt
67052,WRIGHT,728C9GC2,1,faa/faa_registry/ENGINE.txt
67053,WRIGHT,728C9GC3,1,faa/faa_registry/ENGINE.txt
67054,WRIGHT,728C9GC4,1,faa/faa_registry/ENGINE.txt
67055,WRIGHT,728C9GC5,1,faa/faa_registry/ENGINE.txt
67056,WRIGHT,728C9GC6,1,faa/faa_registry/ENGINE.txt
67057,WRIGHT,730C9GD1,1,faa/faa_registry/ENGINE.txt
67058,WRIGHT,730C9GD2,1,faa/faa_registry/ENGINE.txt
67064,WRIGHT,730C9GD3,1,faa/faa_registry/ENGINE.txt
67065,WRIGHT,730C9GD4,1,faa/faa_registry/ENGINE.txt
67066,WRIGHT,730C9GD5,1,faa/faa_registry/ENGINE.txt
67067,WRIGHT,730C9GD6,1,faa/faa_registry/ENGINE.txt
67073,WRIGHT,731C9GC1,1,faa/faa_registry/ENGINE.txt
67074,WRIGHT,731C9GC2,1,faa/faa_registry/ENGINE.txt
66783,WRIGHT,736C9HD1,1,faa/faa_registry/ENGINE.txt
66784,WRIGHT,736C9HD2,1,faa/faa_registry/ENGINE.txt
66785,WRIGHT,736C9HD3,1,faa/faa_registry/ENGINE.txt
66779,WRIGHT,737C9HD1,1,faa/faa_registry/ENGINE.txt
66780,WRIGHT,737C9HD2,1,faa/faa_registry/ENGINE.txt
66781,WRIGHT,737C9HD3,1,faa/faa_registry/ENGINE.txt
66782,WRIGHT,737C9HD4,1,faa/faa_registry/ENGINE.txt
67013,WRIGHT,739C18BA3,1,faa/faa_registry/ENGINE.txt
66786,WRIGHT,73C9HD4,1,faa/faa_registry/ENGINE.txt
66787,WRIGHT,740C9HD1,1,faa/faa_registry/ENGINE.txt
66788,WRIGHT,740C9HD2,1,faa/faa_registry/ENGINE.txt
67199,WRIGHT,742C14BB1,1,faa/faa_registry/ENGINE.txt
66750,WRIGHT,742C14BB2,1,faa/faa_registry/ENGINE.txt
66751,WRIGHT,742C14BB3,1,faa/faa_registry/ENGINE.txt
67022,WRIGHT,745C18BA3,1,faa/faa_registry/ENGINE.txt
67035,WRIGHT,745C18BA4,1,faa/faa_registry/ENGINE.txt
67036,WRIGHT,749C18BD1,1,faa/faa_registry/ENGINE.txt
67043,WRIGHT,749C18BD3,1,faa/faa_registry/ENGINE.txt
67009,WRIGHT,760A B D E&ET,1,faa/faa_registry/ENGINE.txt
67010,WRIGHT,760E-1,1,faa/faa_registry/ENGINE.txt
67011,WRIGHT,760E-2,1,faa/faa_registry/ENGINE.txt
67076,WRIGHT,955C9HE1,1,faa/faa_registry/ENGINE.txt
67090,WRIGHT,955C9HE2,1,faa/faa_registry/ENGINE.txt
67101,WRIGHT,956C18CA1,1,faa/faa_registry/ENGINE.txt
67197,WRIGHT,957C7BA1,1,faa/faa_registry/ENGINE.txt
67077,WRIGHT,959C9HE1,1,faa/faa_registry/ENGINE.txt
67091,WRIGHT,959C9HE2,1,faa/faa_registry/ENGINE.txt
67081,WRIGHT,960C9HE1,1,faa/faa_registry/ENGINE.txt
67087,WRIGHT,960C9HE2,1,faa/faa_registry/ENGINE.txt
67078,WRIGHT,961C9HE1,1,faa/faa_registry/ENGINE.txt
67092,WRIGHT,961C9HE2,1,faa/faa_registry/ENGINE.txt
67082,WRIGHT,962C9HE1,1,faa/faa_registry/ENGINE.txt
67088,WRIGHT,962C9HE2,1,faa/faa_registry/ENGINE.txt
67083,WRIGHT,963C9HE1,1,faa/faa_registry/ENGINE.txt
67089,WRIGHT,963C9HE2,1,faa/faa_registry/ENGINE.txt
67085,WRIGHT,967C9HE2,1,faa/faa_registry/ENGINE.txt
67084,WRIGHT,968C9HE1,1,faa/faa_registry/ENGINE.txt
67086,WRIGHT,968C9HE2,1,faa/faa_registry/ENGINE.txt
67079,WRIGHT,969C9HE1,1,faa/faa_registry/ENGINE.txt
67080,WRIGHT,969C9HE2,1,faa/faa_registry/ENGINE.txt
67103,WRIGHT,972TC18DA1,1,faa/faa_registry/ENGINE.txt
67106,WRIGHT,972TC18DA2,1,faa/faa_registry/ENGINE.txt
67107,WRIGHT,972TC18DA3,1,faa/faa_registry/ENGINE.txt
67108,WRIGHT,972TC18DA4,1,faa/faa_registry/ENGINE.txt
67012,WRIGHT,975 A B D&E,1,faa/faa_registry/ENGINE.txt
67102,WRIGHT,975C18CB1,1,faa/faa_registry/ENGINE.txt
67015,WRIGHT,975E&F-2&3,1,faa/faa_registry/ENGINE.txt
67014,WRIGHT,975E-1,1,faa/faa_registry/ENGINE.txt
66790,WRIGHT,977C9HD1,1,faa/faa_registry/ENGINE.txt
66791,WRIGHT,977C9HD2,1,faa/faa_registry/ENGINE.txt
66792,WRIGHT,977C9HD3,1,faa/faa_registry/ENGINE.txt
67109,WRIGHT,981TC18EA1,1,faa/faa_registry/ENGINE.txt
67093,WRIGHT,982C9HE1,1,faa/faa_registry/ENGINE.txt
67097,WRIGHT,982C9HE2,1,faa/faa_registry/ENGINE.txt
67094,WRIGHT,982C9HE3,1,faa/faa_registry/ENGINE.txt
66789,WRIGHT,987C9HD1,1,faa/faa_registry/ENGINE.txt
67016,WRIGHT,988TC18EA SER,1,faa/faa_registry/ENGINE.txt
67114,WRIGHT,988TC18EA2,1,faa/faa_registry/ENGINE.txt
67115,WRIGHT,988TC18EA5,1,faa/faa_registry/ENGINE.txt
67095,WRIGHT,989C9HE1,1,faa/faa_registry/ENGINE.txt
67096,WRIGHT,989C9HE2,1,faa/faa_registry/ENGINE.txt
67110,WRIGHT,98TC18EA1,1,faa/faa_registry/ENGINE.txt
67111,WRIGHT,98TC18EA3,1,faa/faa_registry/ENGINE.txt
67112,WRIGHT,98TC18EA4,1,faa/faa_registry/ENGINE.txt
67113,WRIGHT,98TC18EA6,1,faa/faa_registry/ENGINE.txt
67198,WRIGHT,990C7BA1,1,faa/faa_registry/ENGINE.txt
67030,WRIGHT,C14AB AC BA,1,faa/faa_registry/ENGINE.txt
67031,WRIGHT,C14BB SERIES,1,faa/faa_registry/ENGINE.txt
67032,WRIGHT,C18BA SERIES,1,faa/faa_registry/ENGINE.txt
67033,WRIGHT,C18BD SERIES,1,faa/faa_registry/ENGINE.txt
67034,WRIGHT,C18CA CB SER,1,faa/faa_registry/ENGINE.txt
67017,WRIGHT,C7BA SERIES,1,faa/faa_registry/ENGINE.txt
67027,WRIGHT,C9GC&D SERIES,1,faa/faa_registry/ENGINE.txt
67028,WRIGHT,C9HD SERIES,1,faa/faa_registry/ENGINE.txt
67029,WRIGHT,C9HE SERIES,1,faa/faa_registry/ENGINE.txt
67001,WRIGHT,CHAL R600,1,faa/faa_registry/ENGINE.txt
67003,WRIGHT,CURTISS 0XX6,1,faa/faa_registry/ENGINE.txt
67002,WRIGHT,CURTISS OX5,1,faa/faa_registry/ENGINE.txt
67004,WRIGHT,GIPSY L320,1,faa/faa_registry/ENGINE.txt
66763|66765,WRIGHT,GR-1820F-2A,1,faa/faa_registry/ENGINE.txt
66778,WRIGHT,GR-1820F-3A,1,faa/faa_registry/ENGINE.txt
66764,WRIGHT,GR-1820F-52,1,faa/faa_registry/ENGINE.txt
67188,WRIGHT,GR-1820F-55,1,faa/faa_registry/ENGINE.txt
66794,WRIGHT,GR-1820F-56,1,faa/faa_registry/ENGINE.txt
66772,WRIGHT,GR-1820F-62,1,faa/faa_registry/ENGINE.txt
67190,WRIGHT,GR-1820F-65,1,faa/faa_registry/ENGINE.txt
67163,WRIGHT,GR-1820G-102,1,faa/faa_registry/ENGINE.txt
67164,WRIGHT,GR-1820G-102A,1,faa/faa_registry/ENGINE.txt
67165,WRIGHT,GR-1820G-102B,1,faa/faa_registry/ENGINE.txt
67172,WRIGHT,GR-1820G-103,1,faa/faa_registry/ENGINE.txt
67173,WRIGHT,GR-1820G-103A,1,faa/faa_registry/ENGINE.txt
67193,WRIGHT,GR-1820G-105,1,faa/faa_registry/ENGINE.txt
67194,WRIGHT,GR-1820G-105A,1,faa/faa_registry/ENGINE.txt
67162,WRIGHT,GR-1820G-2,1,faa/faa_registry/ENGINE.txt
67183,WRIGHT,GR-1820G-3,1,faa/faa_registry/ENGINE.txt
67185,WRIGHT,GR-1820G-3B,1,faa/faa_registry/ENGINE.txt
67142,WRIGHT,GR-1820G-5,1,faa/faa_registry/ENGINE.txt
67143,WRIGHT,GR-1820G-5E,1,faa/faa_registry/ENGINE.txt
67144,WRIGHT,GR-2600-A2,1,faa/faa_registry/ENGINE.txt
67145,WRIGHT,GR-2600-A2A,1,faa/faa_registry/ENGINE.txt
67146,WRIGHT,GR-2600-A2B,1,faa/faa_registry/ENGINE.txt
67147,WRIGHT,GR-2600-B2,1,faa/faa_registry/ENGINE.txt
67148,WRIGHT,GR-2600-B5,1,faa/faa_registry/ENGINE.txt
66754,WRIGHT,GR-540E,1,faa/faa_registry/ENGINE.txt
66759,WRIGHT,GR-975C,1,faa/faa_registry/ENGINE.txt
66757,WRIGHT,HISPANO A,1,faa/faa_registry/ENGINE.txt
67005,WRIGHT,HISPANO A&I,1,faa/faa_registry/ENGINE.txt
67006,WRIGHT,HISPANO E,1,faa/faa_registry/ENGINE.txt
67000,WRIGHT,J-5,1,faa/faa_registry/ENGINE.txt
67023,WRIGHT,J-5A,1,faa/faa_registry/ENGINE.txt
67039,WRIGHT,J65-W SERIES,4,faa/faa_registry/ENGINE.txt
67060,WRIGHT,R-1300 SER,1,faa/faa_registry/ENGINE.txt
67128,WRIGHT,R-1300-1A,1,faa/faa_registry/ENGINE.txt
67061,WRIGHT,R-1300-1B,1,faa/faa_registry/ENGINE.txt
67129,WRIGHT,R-1300-3,1,faa/faa_registry/ENGINE.txt
67130,WRIGHT,R-1300-3A,1,faa/faa_registry/ENGINE.txt
67131,WRIGHT,R-1300-3B,1,faa/faa_registry/ENGINE.txt
67132,WRIGHT,R-1300-3C,1,faa/faa_registry/ENGINE.txt
67134,WRIGHT,R-1300-3D,1,faa/faa_registry/ENGINE.txt
67020,WRIGHT,R-1820 SER,1,faa/faa_registry/ENGINE.txt
66825,WRIGHT,R-1820-103,1,faa/faa_registry/ENGINE.txt
66826,WRIGHT,R-1820-103A,1,faa/faa_registry/ENGINE.txt
66828,WRIGHT,R-1820-103AM1,1,faa/faa_registry/ENGINE.txt
66827,WRIGHT,R-1820-103M1,1,faa/faa_registry/ENGINE.txt
67182,WRIGHT,R-1820-3,1,faa/faa_registry/ENGINE.txt
66795,WRIGHT,R-1820-40,1,faa/faa_registry/ENGINE.txt
66797,WRIGHT,R-1820-40C,1,faa/faa_registry/ENGINE.txt
66801,WRIGHT,R-1820-45,1,faa/faa_registry/ENGINE.txt
66802,WRIGHT,R-1820-50,1,faa/faa_registry/ENGINE.txt
66809|66810,WRIGHT,R-1820-56AM1,1,faa/faa_registry/ENGINE.txt
66812,WRIGHT,R-1820-56AM5,1,faa/faa_registry/ENGINE.txt
66811,WRIGHT,R-1820-56M5,1,faa/faa_registry/ENGINE.txt
67166,WRIGHT,R-1820-57,1,faa/faa_registry/ENGINE.txt
66796,WRIGHT,R-1820-60,1,faa/faa_registry/ENGINE.txt
66803,WRIGHT,R-1820-62,1,faa/faa_registry/ENGINE.txt
66804,WRIGHT,R-1820-62A,1,faa/faa_registry/ENGINE.txt
66814,WRIGHT,R-1820-62AM1,1,faa/faa_registry/ENGINE.txt
66806,WRIGHT,R-1820-62AM2,1,faa/faa_registry/ENGINE.txt
66813,WRIGHT,R-1820-62M1,1,faa/faa_registry/ENGINE.txt
66805,WRIGHT,R-1820-62M2,1,faa/faa_registry/ENGINE.txt
67021,WRIGHT,R-1820-66,1,faa/faa_registry/ENGINE.txt
66815,WRIGHT,R-1820-66M2,1,faa/faa_registry/ENGINE.txt
66807,WRIGHT,R-1820-70,1,faa/faa_registry/ENGINE.txt
66808,WRIGHT,R-1820-70M1,1,faa/faa_registry/ENGINE.txt
66798,WRIGHT,R-1820-71,1,faa/faa_registry/ENGINE.txt
66817,WRIGHT,R-1820-72AM2,1,faa/faa_registry/ENGINE.txt
66818,WRIGHT,R-1820-72AM5,1,faa/faa_registry/ENGINE.txt
66819,WRIGHT,R-1820-72AM6,1,faa/faa_registry/ENGINE.txt
66816,WRIGHT,R-1820-72M2,1,faa/faa_registry/ENGINE.txt
66820,WRIGHT,R-1820-74,1,faa/faa_registry/ENGINE.txt
67181,WRIGHT,R-1820-75,1,faa/faa_registry/ENGINE.txt
66821,WRIGHT,R-1820-76A,1,faa/faa_registry/ENGINE.txt
66823,WRIGHT,R-1820-76AM1,1,faa/faa_registry/ENGINE.txt
66822,WRIGHT,R-1820-76B,1,faa/faa_registry/ENGINE.txt
66824,WRIGHT,R-1820-76BM1,1,faa/faa_registry/ENGINE.txt
66830,WRIGHT,R-1820-76D,1,faa/faa_registry/ENGINE.txt
67186,WRIGHT,R-1820-77,1,faa/faa_registry/ENGINE.txt
67167,WRIGHT,R-1820-79,1,faa/faa_registry/ENGINE.txt
67098,WRIGHT,R-1820-80,1,faa/faa_registry/ENGINE.txt
67168,WRIGHT,R-1820-81,1,faa/faa_registry/ENGINE.txt
67099,WRIGHT,R-1820-82,1,faa/faa_registry/ENGINE.txt
67100,WRIGHT,R-1820-82B,1,faa/faa_registry/ENGINE.txt
67169,WRIGHT,R-1820-83,1,faa/faa_registry/ENGINE.txt
67170,WRIGHT,R-1820-85,1,faa/faa_registry/ENGINE.txt
67200,WRIGHT,R-1820-86,1,faa/faa_registry/ENGINE.txt
67171,WRIGHT,R-1820-89,1,faa/faa_registry/ENGINE.txt
66799,WRIGHT,R-1820-97,1,faa/faa_registry/ENGINE.txt
66800,WRIGHT,R-1820-99,1,faa/faa_registry/ENGINE.txt
66776,WRIGHT,R-1820F-3A,1,faa/faa_registry/ENGINE.txt
67187,WRIGHT,R-1820F-55,1,faa/faa_registry/ENGINE.txt
66793,WRIGHT,R-1820F-56,1,faa/faa_registry/ENGINE.txt
66771,WRIGHT,R-1820F-62,1,faa/faa_registry/ENGINE.txt
67189,WRIGHT,R-1820F-65,1,faa/faa_registry/ENGINE.txt
66761,WRIGHT,R-1820F-A,1,faa/faa_registry/ENGINE.txt
67161,WRIGHT,R-1820G-2,1,faa/faa_registry/ENGINE.txt
67184,WRIGHT,R-1820G-3B,1,faa/faa_registry/ENGINE.txt
67140,WRIGHT,R-1820G-5,1,faa/faa_registry/ENGINE.txt
67141,WRIGHT,R-1820G-5E,1,faa/faa_registry/ENGINE.txt
67050,WRIGHT,R-2600 SER,1,faa/faa_registry/ENGINE.txt
67121,WRIGHT,R-2600-11,1,faa/faa_registry/ENGINE.txt
67122,WRIGHT,R-2600-13,1,faa/faa_registry/ENGINE.txt
67123,WRIGHT,R-2600-20,1,faa/faa_registry/ENGINE.txt
67124,WRIGHT,R-2600-23,1,faa/faa_registry/ENGINE.txt
67125,WRIGHT,R-2600-29,1,faa/faa_registry/ENGINE.txt
67126,WRIGHT,R-2600-29A,1,faa/faa_registry/ENGINE.txt
67119,WRIGHT,R-2600-3,1,faa/faa_registry/ENGINE.txt
67127,WRIGHT,R-2600-35,1,faa/faa_registry/ENGINE.txt
67120,WRIGHT,R-2600-8,1,faa/faa_registry/ENGINE.txt
67104,WRIGHT,R-3350-34,1,faa/faa_registry/ENGINE.txt
67040,WRIGHT,R-3350-34&91,4,faa/faa_registry/ENGINE.txt
67105,WRIGHT,R-3350-91,1,faa/faa_registry/ENGINE.txt
66753,WRIGHT,R-540E,1,faa/faa_registry/ENGINE.txt
66756,WRIGHT,R-600,1,faa/faa_registry/ENGINE.txt
67116,WRIGHT,R-760-2,1,faa/faa_registry/ENGINE.txt
67117,WRIGHT,R-760-4,1,faa/faa_registry/ENGINE.txt
67118,WRIGHT,R-760-8,1,faa/faa_registry/ENGINE.txt
66755,WRIGHT,R-760E,1,faa/faa_registry/ENGINE.txt
67176,WRIGHT,R-760E-1,1,faa/faa_registry/ENGINE.txt
67139,WRIGHT,R-760E-2,1,faa/faa_registry/ENGINE.txt
67175,WRIGHT,R-760E-T,1,faa/faa_registry/ENGINE.txt
66829,WRIGHT,R-975,1,faa/faa_registry/ENGINE.txt
67135,WRIGHT,R-975-11,1,faa/faa_registry/ENGINE.txt
67136,WRIGHT,R-975-28,1,faa/faa_registry/ENGINE.txt
67137,WRIGHT,R-975-30,1,faa/faa_registry/ENGINE.txt
67138,WRIGHT,R-975-32,1,faa/faa_registry/ENGINE.txt
67192,WRIGHT,R-975-F,1,faa/faa_registry/ENGINE.txt
66758,WRIGHT,R-975C,1,faa/faa_registry/ENGINE.txt
66752,WRIGHT,R-975E,1,faa/faa_registry/ENGINE.txt
67191,WRIGHT,R-975E-1,1,faa/faa_registry/ENGINE.txt
67196,WRIGHT,R-975E-2,1,faa/faa_registry/ENGINE.txt
67075|67174,WRIGHT,R-975E-3,1,faa/faa_registry/ENGINE.txt
67063,WRIGHT,R3350 SERIES,1,faa/faa_registry/ENGINE.txt
67059,WRIGHT,R3350-26WD,1,faa/faa_registry/ENGINE.txt
67042,WRIGHT,R3350-32WA,1,faa/faa_registry/ENGINE.txt
67041,WRIGHT,R3350-42,1,faa/faa_registry/ENGINE.txt
66850,WRIGHT,R760,1,faa/faa_registry/ENGINE.txt
67180,WRIGHT,SGR-1820-F-3B,1,faa/faa_registry/ENGINE.txt
67179,WRIGHT,SGR-1820-F-53,1,faa/faa_registry/ENGINE.txt
66762,WRIGHT,SGR-1820F-2,1,faa/faa_registry/ENGINE.txt
66769,WRIGHT,SGR-1820F-2B,1,faa/faa_registry/ENGINE.txt
66777,WRIGHT,SGR-1820F-3,1,faa/faa_registry/ENGINE.txt
66774,WRIGHT,SGR-1820F-31,1,faa/faa_registry/ENGINE.txt
66770,WRIGHT,SGR-1820F-52A,1,faa/faa_registry/ENGINE.txt
66768,WRIGHT,SGR-1820F-56,1,faa/faa_registry/ENGINE.txt
67178,WRIGHT,SR-1820-F-3B,1,faa/faa_registry/ENGINE.txt
67177,WRIGHT,SR-1820-F-53,1,faa/faa_registry/ENGINE.txt
66760,WRIGHT,SR-1820F-2,1,faa/faa_registry/ENGINE.txt
66767,WRIGHT,SR-1820F-2B,1,faa/faa_registry/ENGINE.txt
66775,WRIGHT,SR-1820F-3,1,faa/faa_registry/ENGINE.txt
66773,WRIGHT,SR-1820F-31,1,faa/faa_registry/ENGINE.txt
66766,WRIGHT,SR-1820F-52,1,faa/faa_registry/ENGINE.txt
67037,WRIGHT,TC18DA SERIES,1,faa/faa_registry/ENGINE.txt
67038,WRIGHT,TC18EA SERIES,1,faa/faa_registry/ENGINE.txt
67007,WRIGHT,WWJ SERIES,1,faa/faa_registry/ENGINE.txt
67062,WRIGHT WW,J4-B,1,faa/faa_registry/ENGINE.txt
67219,WSK-PZL,2A-120-A,1,faa/faa_registry/ENGINE.txt
67220,WSK-PZL,2A-120-B,1,faa/faa_registry/ENGINE.txt
67221,WSK-PZL,2A-120-C,1,faa/faa_registry/ENGINE.txt
67222,WSK-PZL,2A-120-D,1,faa/faa_registry/ENGINE.txt
67260,WSK-PZL,4A-235-B,1,faa/faa_registry/ENGINE.txt
67261,WSK-PZL,4A-235-B2,1,faa/faa_registry/ENGINE.txt
67262,WSK-PZL,4A-235-B3,1,faa/faa_registry/ENGINE.txt
67263,WSK-PZL,4A-235-B31,1,faa/faa_registry/ENGINE.txt
67264,WSK-PZL,4A-235-B4,1,faa/faa_registry/ENGINE.txt
67265,WSK-PZL,4A-235-B6,1,faa/faa_registry/ENGINE.txt
67242,WSK-PZL,4A4-100-B2,1,faa/faa_registry/ENGINE.txt
67243,WSK-PZL,4A4-100-B3,1,faa/faa_registry/ENGINE.txt
67230,WSK-PZL,4A4-75-A2,1,faa/faa_registry/ENGINE.txt
67231,WSK-PZL,4A4-75-A3,1,faa/faa_registry/ENGINE.txt
67232,WSK-PZL,4A4-75-B2,1,faa/faa_registry/ENGINE.txt
67233,WSK-PZL,4A4-75-B3,1,faa/faa_registry/ENGINE.txt
67234,WSK-PZL,4A4-85-A2,1,faa/faa_registry/ENGINE.txt
67235,WSK-PZL,4A4-85-A3,1,faa/faa_registry/ENGINE.txt
67236,WSK-PZL,4A4-85-B2,1,faa/faa_registry/ENGINE.txt
67237,WSK-PZL,4A4-85-B3,1,faa/faa_registry/ENGINE.txt
67238,WSK-PZL,4A4-95-A2,1,faa/faa_registry/ENGINE.txt
67239,WSK-PZL,4A4-95-A3,1,faa/faa_registry/ENGINE.txt
67240,WSK-PZL,4A4-95-B2,1,faa/faa_registry/ENGINE.txt
67241,WSK-PZL,4A4-95-B3,1,faa/faa_registry/ENGINE.txt
67257,WSK-PZL,6A-335-B,1,faa/faa_registry/ENGINE.txt
67258,WSK-PZL,6A-335-B1,1,faa/faa_registry/ENGINE.txt
67259,WSK-PZL,6A-335-B1A,1,faa/faa_registry/ENGINE.txt
67256,WSK-PZL,6A-335-D,1,faa/faa_registry/ENGINE.txt
67266,WSK-PZL,6A-350-C1,1,faa/faa_registry/ENGINE.txt
67267,WSK-PZL,6A-350-C1A,1,faa/faa_registry/ENGINE.txt
67271,WSK-PZL,6A-350-C1L,1,faa/faa_registry/ENGINE.txt
67270,WSK-PZL,6A-350-C1R,1,faa/faa_registry/ENGINE.txt
67268,WSK-PZL,6A-350-C2,1,faa/faa_registry/ENGINE.txt
67269,WSK-PZL,6A-350-C2A,1,faa/faa_registry/ENGINE.txt
67272,WSK-PZL,6A-350-D,1,faa/faa_registry/ENGINE.txt
67273,WSK-PZL,6A-350-D1,1,faa/faa_registry/ENGINE.txt
67274,WSK-PZL,6A-350-D1A,1,faa/faa_registry/ENGINE.txt
67275,WSK-PZL,6A-350-D1B,1,faa/faa_registry/ENGINE.txt
67223,WSK-PZL,6A4-150-B3,1,faa/faa_registry/ENGINE.txt
67225,WSK-PZL,6A4-150-B31,1,faa/faa_registry/ENGINE.txt
67224,WSK-PZL,6A4-150-B4,1,faa/faa_registry/ENGINE.txt
67226,WSK-PZL,6A4-165-B3,1,faa/faa_registry/ENGINE.txt
67227,WSK-PZL,6A4-165-B4,1,faa/faa_registry/ENGINE.txt
67228,WSK-PZL,6A4-165-B6,1,faa/faa_registry/ENGINE.txt
67229,WSK-PZL,6A4-200-C6,1,faa/faa_registry/ENGINE.txt
67244,WSK-PZL,6A8-215-B7F,1,faa/faa_registry/ENGINE.txt
67245,WSK-PZL,6A8-215-B8F,1,faa/faa_registry/ENGINE.txt
67246,WSK-PZL,6A8-215-B9F,1,faa/faa_registry/ENGINE.txt
67217,WSK-PZL,6AS-335-A,1,faa/faa_registry/ENGINE.txt
67218,WSK-PZL,6AS-335-B,1,faa/faa_registry/ENGINE.txt
67253,WSK-PZL,6V-335-A,1,faa/faa_registry/ENGINE.txt
67255,WSK-PZL,6V-335-A(2),1,faa/faa_registry/ENGINE.txt
67254,WSK-PZL,6V-335-V(1),1,faa/faa_registry/ENGINE.txt
67248,WSK-PZL,6V4-178-B3,1,faa/faa_registry/ENGINE.txt
67247,WSK-PZL,6V4-178-B31,1,faa/faa_registry/ENGINE.txt
67249,WSK-PZL,6V4-178-B32,1,faa/faa_registry/ENGINE.txt
67250,WSK-PZL,6V4-178-B33,1,faa/faa_registry/ENGINE.txt
67251,WSK-PZL,6V4-200-C32,1,faa/faa_registry/ENGINE.txt
67252,WSK-PZL,6V4-200-C33,1,faa/faa_registry/ENGINE.txt
67211,WSK-PZL,6VS-335-A,1,faa/faa_registry/ENGINE.txt
67213,WSK-PZL,6VS-335-A1,1,faa/faa_registry/ENGINE.txt
67215,WSK-PZL,6VS-335-A1A,1,faa/faa_registry/ENGINE.txt
67216,WSK-PZL,6VS-335-A1B,1,faa/faa_registry/ENGINE.txt
67212,WSK-PZL,6VS-335-B,1,faa/faa_registry/ENGINE.txt
67214,WSK-PZL,6VS-335-B1,1,faa/faa_registry/ENGINE.txt
67276,WSK-PZL,ASZ-621R,1,faa/faa_registry/ENGINE.txt
67208,WSK-PZL,ASZ-621R-16,1,faa/faa_registry/ENGINE.txt
67209,WSK-PZL,ASZ-621R-M18,1,faa/faa_registry/ENGINE.txt
67210,WSK-PZL,ASZ621RM18K9B,1,faa/faa_registry/ENGINE.txt
67202,WSK-PZL,PZL AI-14 SER,1,faa/faa_registry/ENGINE.txt
67204,WSK-PZL,PZL-3S,1,faa/faa_registry/ENGINE.txt
67206,WSK-PZL,PZL-3S 2ND SE,1,faa/faa_registry/ENGINE.txt
67207,WSK-PZL,PZL-3SR,1,faa/faa_registry/ENGINE.txt
67205,WSK-PZL-K,AI-14R SERIES,1,faa/faa_registry/ENGINE.txt
67203,WSK-PZL-K,PZL ASZ-62IR,1,faa/faa_registry/ENGINE.txt
70002,XENOAH,G44BW,1,faa/faa_registry/ENGINE.txt
70001,XENOAH,G72C-C,1,faa/faa_registry/ENGINE.txt
70004,XENOAH,G72CFA,1,faa/faa_registry/ENGINE.txt
80004,YAMAHA,998T,8,faa/faa_registry/ENGINE.txt
80000,YAMAHA,ALL MDLS A/B,1,faa/faa_registry/ENGINE.txt
80003,YAMAHA,APEX 998CC,8,faa/faa_registry/ENGINE.txt
80001,YAMAHA,EPEX300TI,1,faa/faa_registry/ENGINE.txt
80005,YAMAHA,RX-1,8,faa/faa_registry/ENGINE.txt
80002,YAMAHA,SIDEWINDER,1,faa/faa_registry/ENGINE.txt
80006,YAMAHA,SRV10TBEG,8,faa/faa_registry/ENGINE.txt
80500,YASA MOTOR,YASA P400HC,10,faa/faa_registry/ENGINE.txt
79850,YUNEEC,PD25,10,faa/faa_registry/ENGINE.txt
72000,ZENOAH,ALL MDLS A/B,7,faa/faa_registry/ENGINE.txt
75001,ZHUZHOU,HS6A,1,faa/faa_registry/ENGINE.txt
